{
	"credit": "Made with Blockbench",
	"texture_size": [32, 32],
	"textures": {
		"0": "./milo_apesin",
		"particle": "./milo_apesin"
	},
	"elements": [
		{
			"from": [5, 0, 5],
			"to": [10, 8, 10],
			"faces": {
				"north": {"uv": [0, 0, 2.5, 4], "texture": "#0"},
				"east": {"uv": [2.5, 0, 5, 4], "texture": "#0"},
				"south": {"uv": [0, 4, 2.5, 8], "texture": "#0"},
				"west": {"uv": [2.5, 4, 5, 8], "texture": "#0"},
				"up": {"uv": [7.5, 2.5, 5, 0], "texture": "#0"},
				"down": {"uv": [7.5, 2.5, 5, 5], "texture": "#0"}
			}
		},
		{
			"from": [7, 7, 7],
			"to": [8, 11, 8],
			"faces": {
				"north": {"uv": [7, 6, 7.5, 8], "texture": "#0"},
				"east": {"uv": [7.5, 0, 8, 2], "texture": "#0"},
				"south": {"uv": [7.5, 2, 8, 4], "texture": "#0"},
				"west": {"uv": [5, 7.5, 5.5, 9.5], "texture": "#0"},
				"up": {"uv": [7, 8, 6.5, 7.5], "texture": "#0"},
				"down": {"uv": [8.5, 1.5, 8, 2], "texture": "#0"}
			}
		},
		{
			"from": [6.5, 11, 4],
			"to": [8.5, 12, 9],
			"faces": {
				"north": {"uv": [1, 8, 2, 8.5], "texture": "#0"},
				"east": {"uv": [7, 5, 9.5, 5.5], "texture": "#0"},
				"south": {"uv": [8, 1, 9, 1.5], "texture": "#0"},
				"west": {"uv": [7, 5.5, 9.5, 6], "texture": "#0"},
				"up": {"uv": [6, 7.5, 5, 5], "texture": "#0"},
				"down": {"uv": [7, 5, 6, 7.5], "texture": "#0"}
			}
		},
		{
			"from": [6.5, 8, 6.5],
			"to": [8.5, 10, 8.5],
			"faces": {
				"north": {"uv": [7.5, 4, 8.5, 5], "texture": "#0"},
				"east": {"uv": [5.5, 7.5, 6.5, 8.5], "texture": "#0"},
				"south": {"uv": [7.5, 6, 8.5, 7], "texture": "#0"},
				"west": {"uv": [7.5, 7, 8.5, 8], "texture": "#0"},
				"up": {"uv": [1, 9, 0, 8], "texture": "#0"},
				"down": {"uv": [9, 0, 8, 1], "texture": "#0"}
			}
		}
	],
	"display": {
		"thirdperson_righthand": {
			"translation": [0.25, 1.5, -1],
			"scale": [0.7, 0.7, 0.7]
		},
		"thirdperson_lefthand": {
			"translation": [-0.5, 0.75, 0.5],
			"scale": [0.7, 0.7, 0.7]
		},
		"firstperson_righthand": {
			"rotation": [0, 111, 11],
			"translation": [3, 4.25, -0.25]
		},
		"firstperson_lefthand": {
			"rotation": [0, 111, 11],
			"translation": [3, 4.25, -0.25]
		},
		"ground": {
			"translation": [0.25, 5, 0.75]
		},
		"gui": {
			"rotation": [30, 225, 0],
			"translation": [-0.25, 2.5, 0],
			"scale": [1.1, 1.1, 1.1]
		},
		"head": {
			"translation": [0, 14.5, 0]
		},
		"fixed": {
			"rotation": [-90, 0, 0],
			"translation": [0, 1, -15],
			"scale": [2, 2, 2]
		}
	},
	"groups": [
		{
			"name": "group",
			"origin": [8, 8, 8],
			"color": 0,
			"children": [0, 1, 2, 3]
		}
	]
}