{
	"credit": "Made with Blockbench",
	"texture_size": [64, 64],
	"textures": {
		"0": "./solar_system",
		"particle": "./solar_system"
	},
	"elements": [
		{
			"from": [1, 6, 1],
			"to": [9, 7, 9],
			"faces": {
				"north": {"uv": [9.25, 7.5, 11.25, 7.75], "texture": "#0"},
				"east": {"uv": [9.25, 7.75, 11.25, 8], "texture": "#0"},
				"south": {"uv": [9.25, 8, 11.25, 8.25], "texture": "#0"},
				"west": {"uv": [9.25, 8.25, 11.25, 8.5], "texture": "#0"},
				"up": {"uv": [7.5, 2, 5.5, 0], "texture": "#0"},
				"down": {"uv": [7.5, 2, 5.5, 4], "texture": "#0"}
			}
		},
		{
			"from": [1, 3, 1],
			"to": [9, 6, 2],
			"faces": {
				"north": {"uv": [7.5, 0, 9.5, 0.75], "texture": "#0"},
				"east": {"uv": [8.25, 10, 8.5, 10.75], "texture": "#0"},
				"south": {"uv": [7.5, 0.75, 9.5, 1.5], "texture": "#0"},
				"west": {"uv": [10.25, 2, 10.5, 2.75], "texture": "#0"},
				"up": {"uv": [11.25, 8.75, 9.25, 8.5], "texture": "#0"},
				"down": {"uv": [11.25, 8.75, 9.25, 9], "texture": "#0"}
			}
		},
		{
			"from": [1, 3, 2],
			"to": [2, 6, 8],
			"faces": {
				"north": {"uv": [10.25, 4.25, 10.5, 5], "texture": "#0"},
				"east": {"uv": [7.5, 3, 9, 3.75], "texture": "#0"},
				"south": {"uv": [10.25, 5, 10.5, 5.75], "texture": "#0"},
				"west": {"uv": [5.5, 7.75, 7, 8.5], "texture": "#0"},
				"up": {"uv": [8.75, 11.25, 8.5, 9.75], "texture": "#0"},
				"down": {"uv": [9, 9.75, 8.75, 11.25], "texture": "#0"}
			}
		},
		{
			"from": [8, 3, 2],
			"to": [9, 6, 8],
			"faces": {
				"north": {"uv": [10.25, 5.75, 10.5, 6.5], "texture": "#0"},
				"east": {"uv": [7, 7.75, 8.5, 8.5], "texture": "#0"},
				"south": {"uv": [10.25, 6.5, 10.5, 7.25], "texture": "#0"},
				"west": {"uv": [8, 3.75, 9.5, 4.5], "texture": "#0"},
				"up": {"uv": [9.25, 11.25, 9, 9.75], "texture": "#0"},
				"down": {"uv": [5.75, 10, 5.5, 11.5], "texture": "#0"}
			}
		},
		{
			"from": [1, 3, 8],
			"to": [9, 6, 9],
			"faces": {
				"north": {"uv": [7.5, 1.5, 9.5, 2.25], "texture": "#0"},
				"east": {"uv": [10.25, 2.75, 10.5, 3.5], "texture": "#0"},
				"south": {"uv": [7.5, 2.25, 9.5, 3], "texture": "#0"},
				"west": {"uv": [10.25, 3.5, 10.5, 4.25], "texture": "#0"},
				"up": {"uv": [11.25, 9.25, 9.25, 9], "texture": "#0"},
				"down": {"uv": [11.25, 9.25, 9.25, 9.5], "texture": "#0"}
			}
		},
		{
			"from": [4.8, 7, 4.8],
			"to": [5.2, 12, 5.2],
			"faces": {
				"north": {"uv": [9.25, 10.25, 9.375, 11.5], "texture": "#0"},
				"east": {"uv": [9.5, 10.25, 9.625, 11.5], "texture": "#0"},
				"south": {"uv": [9.75, 10.25, 9.875, 11.5], "texture": "#0"},
				"west": {"uv": [10.5, 2, 10.625, 3.25], "texture": "#0"},
				"up": {"uv": [10.375, 7.375, 10.25, 7.25], "texture": "#0"},
				"down": {"uv": [10.625, 5.75, 10.5, 5.875], "texture": "#0"}
			}
		},
		{
			"from": [2.5, 11, 2.6],
			"to": [7.5, 16, 7.6],
			"faces": {
				"north": {"uv": [5.5, 4, 6.75, 5.25], "texture": "#0"},
				"east": {"uv": [5.5, 5.25, 6.75, 6.5], "texture": "#0"},
				"south": {"uv": [5.5, 6.5, 6.75, 7.75], "texture": "#0"},
				"west": {"uv": [6.75, 4, 8, 5.25], "texture": "#0"},
				"up": {"uv": [8, 6.5, 6.75, 5.25], "texture": "#0"},
				"down": {"uv": [8, 6.5, 6.75, 7.75], "texture": "#0"}
			}
		},
		{
			"from": [7, 11.6, -1],
			"to": [8.5, 13.1, 0.5],
			"faces": {
				"north": {"uv": [10.5, 3.25, 10.875, 3.625], "texture": "#0"},
				"east": {"uv": [10.5, 3.75, 10.875, 4.125], "texture": "#0"},
				"south": {"uv": [10.5, 4.25, 10.875, 4.625], "texture": "#0"},
				"west": {"uv": [10.5, 4.75, 10.875, 5.125], "texture": "#0"},
				"up": {"uv": [10.875, 5.625, 10.5, 5.25], "texture": "#0"},
				"down": {"uv": [6.125, 10.5, 5.75, 10.875], "texture": "#0"}
			}
		},
		{
			"from": [12.5, 13, 5.5],
			"to": [13.5, 14, 6.5],
			"faces": {
				"north": {"uv": [7.5, 3.75, 7.75, 4], "texture": "#0"},
				"east": {"uv": [7.75, 3.75, 8, 4], "texture": "#0"},
				"south": {"uv": [8, 7.5, 8.25, 7.75], "texture": "#0"},
				"west": {"uv": [8.25, 7.5, 8.5, 7.75], "texture": "#0"},
				"up": {"uv": [10, 3.75, 9.75, 3.5], "texture": "#0"},
				"down": {"uv": [10.25, 3.5, 10, 3.75], "texture": "#0"}
			}
		},
		{
			"from": [12, 11.6, 7],
			"to": [14.2, 13.8, 9.2],
			"faces": {
				"north": {"uv": [9.75, 3, 10.25, 3.5], "texture": "#0"},
				"east": {"uv": [5.75, 10, 6.25, 10.5], "texture": "#0"},
				"south": {"uv": [6.25, 10, 6.75, 10.5], "texture": "#0"},
				"west": {"uv": [6.75, 10, 7.25, 10.5], "texture": "#0"},
				"up": {"uv": [7.75, 10.5, 7.25, 10], "texture": "#0"},
				"down": {"uv": [8.25, 10, 7.75, 10.5], "texture": "#0"}
			}
		},
		{
			"from": [-1, 11.6, 1],
			"to": [1.3, 13.9, 3.3],
			"faces": {
				"north": {"uv": [9.5, 3.75, 10.125, 4.375], "texture": "#0"},
				"east": {"uv": [9.5, 4.5, 10.125, 5.125], "texture": "#0"},
				"south": {"uv": [9.5, 5.25, 10.125, 5.875], "texture": "#0"},
				"west": {"uv": [9.5, 6, 10.125, 6.625], "texture": "#0"},
				"up": {"uv": [10.125, 7.375, 9.5, 6.75], "texture": "#0"},
				"down": {"uv": [9.875, 9.5, 9.25, 10.125], "texture": "#0"}
			}
		},
		{
			"from": [-12, 9.6, -2],
			"to": [-9.2, 12.4, 0.8],
			"rotation": {"angle": -22.5, "axis": "z", "origin": [0, 0, 0]},
			"faces": {
				"north": {"uv": [8.75, 6, 9.5, 6.75], "texture": "#0"},
				"east": {"uv": [8.75, 6.75, 9.5, 7.5], "texture": "#0"},
				"south": {"uv": [9, 3, 9.75, 3.75], "texture": "#0"},
				"west": {"uv": [8.5, 9, 9.25, 9.75], "texture": "#0"},
				"up": {"uv": [6.25, 10, 5.5, 9.25], "texture": "#0"},
				"down": {"uv": [7, 9.25, 6.25, 10], "texture": "#0"}
			}
		},
		{
			"from": [-14, 10.8, -4],
			"to": [-7.2, 10.8, 2.8],
			"rotation": {"angle": -22.5, "axis": "z", "origin": [0, 0, 0]},
			"faces": {
				"north": {"uv": [8.75, 6, 9.5, 6.75], "texture": "#0"},
				"east": {"uv": [8.75, 6.75, 9.5, 7.5], "texture": "#0"},
				"south": {"uv": [9, 3, 9.75, 3.75], "texture": "#0"},
				"west": {"uv": [8.5, 9, 9.25, 9.75], "texture": "#0"},
				"up": {"uv": [1.5, 14, 0, 12.5], "texture": "#0"},
				"down": {"uv": [3, 12.5, 1.5, 14], "texture": "#0"}
			}
		},
		{
			"from": [-6, 11.6, 10],
			"to": [-3.2, 14.4, 12.8],
			"faces": {
				"north": {"uv": [8, 4.5, 8.75, 5.25], "texture": "#0"},
				"east": {"uv": [8, 5.25, 8.75, 6], "texture": "#0"},
				"south": {"uv": [8, 6, 8.75, 6.75], "texture": "#0"},
				"west": {"uv": [8, 6.75, 8.75, 7.5], "texture": "#0"},
				"up": {"uv": [6.25, 9.25, 5.5, 8.5], "texture": "#0"},
				"down": {"uv": [7, 8.5, 6.25, 9.25], "texture": "#0"}
			}
		},
		{
			"from": [-5, 11.7, 5],
			"to": [-3, 13.7, 7],
			"faces": {
				"north": {"uv": [10, 9.5, 10.5, 10], "texture": "#0"},
				"east": {"uv": [10, 10, 10.5, 10.5], "texture": "#0"},
				"south": {"uv": [10.25, 0, 10.75, 0.5], "texture": "#0"},
				"west": {"uv": [10.25, 0.5, 10.75, 1], "texture": "#0"},
				"up": {"uv": [10.75, 1.5, 10.25, 1], "texture": "#0"},
				"down": {"uv": [10.75, 1.5, 10.25, 2], "texture": "#0"}
			}
		},
		{
			"from": [16, 11.6, -1],
			"to": [19, 14.6, 2],
			"faces": {
				"north": {"uv": [7, 8.5, 7.75, 9.25], "texture": "#0"},
				"east": {"uv": [8.5, 7.5, 9.25, 8.25], "texture": "#0"},
				"south": {"uv": [7.75, 8.5, 8.5, 9.25], "texture": "#0"},
				"west": {"uv": [8.5, 8.25, 9.25, 9], "texture": "#0"},
				"up": {"uv": [9.5, 5.25, 8.75, 4.5], "texture": "#0"},
				"down": {"uv": [9.5, 5.25, 8.75, 6], "texture": "#0"}
			}
		},
		{
			"from": [18, 12.6, 8],
			"to": [20.5, 15.1, 10.5],
			"faces": {
				"north": {"uv": [7, 9.25, 7.625, 9.875], "texture": "#0"},
				"east": {"uv": [7.75, 9.25, 8.375, 9.875], "texture": "#0"},
				"south": {"uv": [9.5, 0, 10.125, 0.625], "texture": "#0"},
				"west": {"uv": [9.5, 0.75, 10.125, 1.375], "texture": "#0"},
				"up": {"uv": [10.125, 2.125, 9.5, 1.5], "texture": "#0"},
				"down": {"uv": [10.125, 2.25, 9.5, 2.875], "texture": "#0"}
			}
		},
		{
			"from": [-5.7, 12, -6.7],
			"to": [16.3, 12, 15.3],
			"faces": {
				"north": {"uv": [0, 0, 5.5, 0], "texture": "#0"},
				"east": {"uv": [0, 0, 5.5, 0], "texture": "#0"},
				"south": {"uv": [0, 0, 5.5, 0], "texture": "#0"},
				"west": {"uv": [0, 0, 5.5, 0], "texture": "#0"},
				"up": {"uv": [5.5, 5.5, 0, 0], "texture": "#0"},
				"down": {"uv": [5.5, 5.5, 0, 11], "texture": "#0"}
			}
		},
		{
			"from": [16.4, 14, 6.3],
			"to": [22.4, 14, 12.3],
			"faces": {
				"north": {"uv": [0, 0, 1.5, 0], "texture": "#0"},
				"east": {"uv": [0, 0, 1.5, 0], "texture": "#0"},
				"south": {"uv": [0, 0, 1.5, 0], "texture": "#0"},
				"west": {"uv": [0, 0, 1.5, 0], "texture": "#0"},
				"up": {"uv": [1.5, 11, 3, 12.5], "texture": "#0"},
				"down": {"uv": [0, 11, 1.5, 12.5], "texture": "#0"}
			}
		}
	],
	"display": {
		"thirdperson_lefthand": {
			"translation": [-8.5, 0, 0]
		},
		"firstperson_righthand": {
			"translation": [5.5, 0, 0]
		},
		"firstperson_lefthand": {
			"translation": [5.5, 0, 0]
		},
		"gui": {
			"rotation": [30, 225, 0],
			"translation": [-2.5, -1.25, 0],
			"scale": [0.625, 0.625, 0.625]
		},
		"head": {
			"rotation": [0, 180, 0],
			"translation": [-5.5, 9.25, -5.75],
			"scale": [1.83, 1.83, 1.83]
		},
		"fixed": {
			"rotation": [-90, 0, 0],
			"translation": [12.25, 12.25, -19],
			"scale": [4, 4, 4]
		}
	}
}