{
	"credit": "Made with Blockbench",
	"textures": {
		"0": "./rum",
		"particle": "./rum"
	},
	"elements": [
		{
			"from": [5, 16, 6],
			"to": [11, 24, 11],
			"faces": {
				"north": {"uv": [2.75, 10.5, 4.25, 12.5], "texture": "#0"},
				"east": {"uv": [1.25, 10.5, 2.75, 12.5], "texture": "#0"},
				"south": {"uv": [0, 10.5, 1.25, 12.5], "texture": "#0"},
				"west": {"uv": [4.25, 10.5, 5.5, 12.5], "texture": "#0"},
				"up": {"uv": [0, 12.5, 2, 14], "texture": "#0"},
				"down": {"uv": [11.25, 11.25, 16, 16], "texture": "#0"}
			}
		},
		{
			"from": [2, -9, 4],
			"to": [14, 16, 13],
			"faces": {
				"north": {"uv": [0, 0, 3, 7], "texture": "#0"},
				"east": {"uv": [5.25, 0, 7.5, 7], "texture": "#0"},
				"south": {"uv": [7.5, 0, 10.5, 7], "texture": "#0"},
				"west": {"uv": [3, 0, 5.25, 7], "texture": "#0"},
				"up": {"uv": [0.75, 7, 3, 10], "texture": "#0"},
				"down": {"uv": [3, 7, 5.25, 10], "texture": "#0"}
			}
		},
		{
			"from": [3, -8, 5],
			"to": [13, 13, 12],
			"faces": {
				"north": {"uv": [13.5, 0, 16, 4.75], "texture": "#0"},
				"east": {"uv": [13.75, 0, 15.25, 4.5], "texture": "#0"},
				"south": {"uv": [13.5, 0, 16, 4.75], "texture": "#0"},
				"west": {"uv": [14.25, 0, 15.75, 4.5], "texture": "#0"},
				"up": {"uv": [14, 0, 16, 1.5], "texture": "#0"},
				"down": {"uv": [13.5, 3.25, 15.5, 4.75], "texture": "#0"}
			}
		},
		{
			"from": [6, 22, 7],
			"to": [10, 26, 10],
			"faces": {
				"north": {"uv": [10.5, 2, 11.75, 3], "texture": "#0"},
				"east": {"uv": [12, 1.25, 13, 2.5], "texture": "#0"},
				"south": {"uv": [10.5, 0, 11.75, 1], "texture": "#0"},
				"west": {"uv": [12, 0, 13, 1.25], "texture": "#0"},
				"up": {"uv": [10.5, 3, 11.75, 4], "texture": "#0"},
				"down": {"uv": [10.5, 1, 11.75, 2], "texture": "#0"}
			}
		}
	],
	"display": {
		"thirdperson_righthand": {
			"rotation": [-82.77, 87.23, 82.22],
			"translation": [-0.25, 0, -1.5],
			"scale": [0.30664, 0.28711, 0.30469]
		},
		"thirdperson_lefthand": {
			"rotation": [176.19, -0.24, 178.08],
			"translation": [-0.25, 4.5, 0.5],
			"scale": [0.32617, 0.30273, 0.30078]
		},
		"firstperson_righthand": {
			"rotation": [173.56, 8.43, 178.56],
			"translation": [7.5, 1.75, -7.5],
			"scale": [0.58789, 0.67188, 0.3457]
		},
		"firstperson_lefthand": {
			"rotation": [164.85, 13.87, -176.59],
			"translation": [8.25, 0.25, -10.5],
			"scale": [0.68359, 0.66992, 0.67188]
		},
		"ground": {
			"rotation": [90.63, 0.41, -12.98],
			"scale": [0.41992, 0.41406, 0.31836]
		},
		"gui": {
			"rotation": [150.77, 21.78, -137.11],
			"translation": [0.25, 0.25, 0],
			"scale": [0.52734, 0.49023, 0.35157]
		},
		"fixed": {
			"rotation": [-89.25, 0, 0],
			"translation": [0, 0, -14],
			"scale": [0.82812, 0.83008, 0.8711]
		}
	},
	"groups": [
		{
			"name": "group",
			"origin": [8, 8, 8],
			"color": 0,
			"children": [0, 1, 2, 3]
		}
	]
}