{
	"credit": "coolplayN",
	"texture_size": [64, 64],
	"textures": {
		"2": "./zont"
	},
	"elements": [
		{
			"from": [10, 21.6, -1.1],
			"to": [23, 21.6, 16.9],
			"rotation": {"angle": -22.5, "axis": "z", "origin": [8.5, 21, 7.5]},
			"faces": {
				"north": {"uv": [14.25, 1.25, 15, 1.5], "texture": "#2"},
				"east": {"uv": [11, 8.25, 11.25, 8.5], "texture": "#2"},
				"south": {"uv": [13.75, 11, 14.5, 11.25], "texture": "#2"},
				"west": {"uv": [13.25, 5, 13.5, 5.25], "texture": "#2"},
				"up": {"uv": [15.75, 7.75, 12.25, 2.5], "texture": "#2"},
				"down": {"uv": [15.75, 2.5, 12.25, 7.75], "texture": "#2"}
			}
		},
		{
			"from": [-1.1, 21.6, 9],
			"to": [17.9, 21.6, 22],
			"rotation": {"angle": 22.5, "axis": "x", "origin": [8.5, 21, 7.5]},
			"faces": {
				"north": {"uv": [13.25, 5, 13.5, 5.25], "texture": "#2"},
				"east": {"uv": [14.25, 1.25, 15, 1.5], "texture": "#2"},
				"south": {"uv": [12, 11.25, 12.25, 11.5], "texture": "#2"},
				"west": {"uv": [12.75, 8, 13.5, 8.25], "texture": "#2"},
				"up": {"uv": [15.75, 7.75, 12.25, 2.5], "rotation": 90, "texture": "#2"},
				"down": {"uv": [15.75, 2.5, 12.25, 7.75], "rotation": 270, "texture": "#2"}
			}
		},
		{
			"from": [-6, 21.4, -1],
			"to": [7, 21.4, 17],
			"rotation": {"angle": 22.5, "axis": "z", "origin": [8.5, 21, 7.5]},
			"faces": {
				"north": {"uv": [12.75, 8, 13.5, 8.25], "texture": "#2"},
				"east": {"uv": [13.25, 5, 13.5, 5.25], "texture": "#2"},
				"south": {"uv": [13.5, 9.75, 14.25, 10], "texture": "#2"},
				"west": {"uv": [11, 8.25, 11.25, 8.5], "texture": "#2"},
				"up": {"uv": [15.75, 7.75, 12.25, 2.5], "rotation": 180, "texture": "#2"},
				"down": {"uv": [15.75, 7.75, 12.25, 2.5], "rotation": 180, "texture": "#2"}
			}
		},
		{
			"from": [-1, 21.4, -6.8],
			"to": [18, 21.4, 7.2],
			"rotation": {"angle": -22.5, "axis": "x", "origin": [8.5, 21, 7.5]},
			"faces": {
				"north": {"uv": [11, 8.25, 11.25, 8.5], "texture": "#2"},
				"east": {"uv": [12.75, 8, 13.5, 8.25], "texture": "#2"},
				"south": {"uv": [14.25, 8, 14.5, 8.25], "texture": "#2"},
				"west": {"uv": [14.25, 1.25, 15, 1.5], "texture": "#2"},
				"up": {"uv": [15.75, 7.75, 12.25, 2.5], "rotation": 270, "texture": "#2"},
				"down": {"uv": [15.75, 2.5, 12.25, 7.75], "rotation": 90, "texture": "#2"}
			}
		},
		{
			"from": [6.8, 20.1, 6.8],
			"to": [10.1, 21.5, 9.3],
			"rotation": {"angle": 0, "axis": "y", "origin": [8.5, 0, 7.5]},
			"faces": {
				"north": {"uv": [14.25, 1.25, 15, 1.5], "texture": "#2"},
				"east": {"uv": [11, 8.25, 11.25, 8.5], "texture": "#2"},
				"south": {"uv": [13.75, 11, 14.5, 11.25], "texture": "#2"},
				"west": {"uv": [8.5, 3.75, 8.75, 4], "texture": "#2"},
				"up": {"uv": [12, 10.75, 11.25, 10.5], "texture": "#2"},
				"down": {"uv": [0.75, 0.75, 0, 1], "texture": "#2"}
			}
		},
		{
			"from": [6, 0, 7.5],
			"to": [9, 1, 8.5],
			"rotation": {"angle": 0, "axis": "y", "origin": [8.5, 0, 8]},
			"faces": {
				"north": {"uv": [4.5, 6.75, 8, 7], "texture": "#2"},
				"east": {"uv": [0.75, 0, 1, 0.25], "texture": "#2"},
				"south": {"uv": [1, 3.25, 1.75, 3.5], "texture": "#2"},
				"west": {"uv": [0.75, 0.25, 1, 0.5], "texture": "#2"},
				"up": {"uv": [1.25, 5.75, 0.5, 5.5], "texture": "#2"},
				"down": {"uv": [0.75, 0.75, 0, 1], "texture": "#2"}
			}
		},
		{
			"from": [6, 0, 7.5],
			"to": [7, 2, 8.5],
			"rotation": {"angle": 0, "axis": "y", "origin": [8.5, 0, 8]},
			"faces": {
				"north": {"uv": [4.5, 6.75, 8, 7], "texture": "#2"},
				"east": {"uv": [0.75, 0, 1, 0.25], "texture": "#2"},
				"south": {"uv": [1, 3.25, 1.75, 3.5], "texture": "#2"},
				"west": {"uv": [0.75, 0.25, 1, 0.5], "texture": "#2"},
				"up": {"uv": [1.25, 5.75, 0.5, 5.5], "texture": "#2"},
				"down": {"uv": [0.75, 0.75, 0, 1], "texture": "#2"}
			}
		},
		{
			"from": [8, 0, 7.5],
			"to": [9, 21, 8.5],
			"rotation": {"angle": 0, "axis": "y", "origin": [8.5, 0, 8]},
			"faces": {
				"north": {"uv": [4.5, 4, 4.75, 7], "texture": "#2"},
				"east": {"uv": [4.5, 4, 4.75, 6.75], "texture": "#2"},
				"south": {"uv": [4.5, 4, 4.75, 7], "texture": "#2"},
				"west": {"uv": [4.5, 4, 4.75, 7], "texture": "#2"},
				"up": {"uv": [1.25, 5.75, 0.5, 5.5], "texture": "#2"},
				"down": {"uv": [0.75, 0.75, 0, 1], "texture": "#2"}
			}
		}
	],
	"display": {
		"thirdperson_righthand": {
			"rotation": [72, 0, 0],
			"translation": [-0.5, 0.5, 7.75],
			"scale": [1.28516, 1.34961, 1.30273]
		},
		"thirdperson_lefthand": {
			"rotation": [-14, 0, 0],
			"translation": [0.75, 3.25, 0],
			"scale": [1.07617, 0.85156, 1.03711]
		},
		"firstperson_righthand": {
			"rotation": [19, 0, 0],
			"translation": [2.25, 6.25, 2.25]
		},
		"firstperson_lefthand": {
			"rotation": [-76, 19, -4],
			"translation": [3.75, -3.75, 2.5],
			"scale": [1.02, 1, 1]
		},
		"ground": {
			"translation": [0, 0.5, 0],
			"scale": [0.52, 0.53, 0.52]
		},
		"gui": {
			"rotation": [-59, 29, 33],
			"translation": [2.5, -3, 0],
			"scale": [0.74, 0.69, 0.7]
		},
		"fixed": {
			"rotation": [-90, 0, 0],
			"translation": [0, 0, -31.75],
			"scale": [3.78516, 4, 3.69531]
		}
	},
	"groups": [
		{
			"name": "group",
			"origin": [8, 8, 8],
			"color": 0,
			"nbt": "{}",
			"armAnimationEnabled": false,
			"children": [0, 1, 2, 3, 4]
		},
		{
			"name": "group",
			"origin": [8.5, 0, 8],
			"color": 0,
			"nbt": "{}",
			"armAnimationEnabled": false,
			"children": [5, 6, 7]
		}
	]
}