{
	"credit": "Made with Blockbench",
	"texture_size": [64, 64],
	"textures": {
		"2": "./quiver"
	},
	"elements": [
		{
			"from": [6, 0, 7],
			"to": [10, 11, 10],
			"faces": {
				"north": {"uv": [1.5, 4.25, 2.5, 7], "texture": "#2"},
				"east": {"uv": [5, 4.5, 5.75, 7.25], "texture": "#2"},
				"south": {"uv": [2.5, 4.25, 3.5, 7], "texture": "#2"},
				"west": {"uv": [3.5, 5.75, 4.25, 8.5], "texture": "#2"},
				"up": {"uv": [6.75, 5.25, 5.75, 4.5], "texture": "#2"},
				"down": {"uv": [6.75, 5.25, 5.75, 6], "texture": "#2"}
			}
		},
		{
			"from": [8.5, 8, 8.9],
			"to": [9.5, 15, 8.9],
			"faces": {
				"north": {"uv": [4.25, 5.75, 4.5, 7.5], "texture": "#2"},
				"east": {"uv": [0, 0, 0, 1.75], "texture": "#2"},
				"south": {"uv": [4.5, 5.75, 4.75, 7.5], "texture": "#2"},
				"west": {"uv": [0, 0, 0, 1.75], "texture": "#2"},
				"up": {"uv": [0.25, 0, 0, 0], "texture": "#2"},
				"down": {"uv": [0.25, 0, 0, 0], "texture": "#2"}
			}
		},
		{
			"from": [5.6, 13.7, 9.3],
			"to": [8.6, 15.7, 9.3],
			"faces": {
				"north": {"uv": [6, 1.75, 6.75, 2.25], "texture": "#2"},
				"east": {"uv": [0, 0, 0, 0.5], "texture": "#2"},
				"south": {"uv": [6, 2.25, 6.75, 2.75], "texture": "#2"},
				"west": {"uv": [0, 0, 0, 0.5], "texture": "#2"},
				"up": {"uv": [0.75, 0, 0, 0], "texture": "#2"},
				"down": {"uv": [0.75, 0, 0, 0], "texture": "#2"}
			}
		},
		{
			"from": [6.6, 6.7, 9.3],
			"to": [7.6, 13.7, 9.3],
			"faces": {
				"north": {"uv": [4.75, 5.75, 5, 7.5], "texture": "#2"},
				"east": {"uv": [0, 0, 0, 1.75], "texture": "#2"},
				"south": {"uv": [6, 0, 6.25, 1.75], "texture": "#2"},
				"west": {"uv": [0, 0, 0, 1.75], "texture": "#2"},
				"up": {"uv": [0.25, 0, 0, 0], "texture": "#2"},
				"down": {"uv": [0.25, 0, 0, 0], "texture": "#2"}
			}
		},
		{
			"from": [7.5, 15, 8.9],
			"to": [10.5, 17, 8.9],
			"faces": {
				"north": {"uv": [6.25, 0, 7, 0.5], "texture": "#2"},
				"east": {"uv": [0, 0, 0, 0.5], "texture": "#2"},
				"south": {"uv": [6.25, 0.5, 7, 1], "texture": "#2"},
				"west": {"uv": [0, 0, 0, 0.5], "texture": "#2"},
				"up": {"uv": [0.75, 0, 0, 0], "texture": "#2"},
				"down": {"uv": [0.75, 0, 0, 0], "texture": "#2"}
			}
		},
		{
			"from": [6.4, 12.8, 8.3],
			"to": [9.4, 14.8, 8.3],
			"faces": {
				"north": {"uv": [6.25, 1, 7, 1.5], "texture": "#2"},
				"east": {"uv": [0, 0, 0, 0.5], "texture": "#2"},
				"south": {"uv": [6.25, 6, 7, 6.5], "texture": "#2"},
				"west": {"uv": [0, 0, 0, 0.5], "texture": "#2"},
				"up": {"uv": [0.75, 0, 0, 0], "texture": "#2"},
				"down": {"uv": [0.75, 0, 0, 0], "texture": "#2"}
			}
		},
		{
			"from": [7.4, 5.8, 8.3],
			"to": [8.4, 12.8, 8.3],
			"faces": {
				"north": {"uv": [5.75, 6, 6, 7.75], "texture": "#2"},
				"east": {"uv": [0, 0, 0, 1.75], "texture": "#2"},
				"south": {"uv": [6, 6, 6.25, 7.75], "texture": "#2"},
				"west": {"uv": [0, 0, 0, 1.75], "texture": "#2"},
				"up": {"uv": [0.25, 0, 0, 0], "texture": "#2"},
				"down": {"uv": [0.25, 0, 0, 0], "texture": "#2"}
			}
		},
		{
			"from": [5, -1, 0.9],
			"to": [11, -1, 6.9],
			"faces": {
				"north": {"uv": [0, 0, 1.5, 0], "texture": "#2"},
				"east": {"uv": [0, 0, 1.5, 0], "texture": "#2"},
				"south": {"uv": [0, 0, 1.5, 0], "texture": "#2"},
				"west": {"uv": [0, 0, 1.5, 0], "texture": "#2"},
				"up": {"uv": [5, 5.75, 3.5, 4.25], "texture": "#2"},
				"down": {"uv": [6, 0, 4.5, 1.5], "texture": "#2"}
			}
		},
		{
			"from": [5, 14, 0.9],
			"to": [11, 14, 6.9],
			"faces": {
				"north": {"uv": [0, 0, 1.5, 0], "texture": "#2"},
				"east": {"uv": [0, 0, 1.5, 0], "texture": "#2"},
				"south": {"uv": [0, 0, 1.5, 0], "texture": "#2"},
				"west": {"uv": [0, 0, 1.5, 0], "texture": "#2"},
				"up": {"uv": [6, 3, 4.5, 1.5], "texture": "#2"},
				"down": {"uv": [6.5, 3, 5, 4.5], "texture": "#2"}
			}
		},
		{
			"from": [5, -3, 1.9],
			"to": [11, 14, 1.9],
			"faces": {
				"north": {"uv": [3, 0, 4.5, 4.25], "texture": "#2"},
				"east": {"uv": [0, 0, 0, 4.25], "texture": "#2"},
				"south": {"uv": [0, 4.25, 1.5, 8.5], "texture": "#2"},
				"west": {"uv": [0, 0, 0, 4.25], "texture": "#2"},
				"up": {"uv": [1.5, 0, 0, 0], "texture": "#2"},
				"down": {"uv": [1.5, 0, 0, 0], "texture": "#2"}
			}
		},
		{
			"from": [5, -3, 6.9],
			"to": [11, 14, 6.9],
			"faces": {
				"north": {"uv": [0, 0, 1.5, 4.25], "texture": "#2"},
				"east": {"uv": [0, 0, 0, 4.25], "texture": "#2"},
				"south": {"uv": [1.5, 0, 3, 4.25], "texture": "#2"},
				"west": {"uv": [0, 0, 0, 4.25], "texture": "#2"},
				"up": {"uv": [1.5, 0, 0, 0], "texture": "#2"},
				"down": {"uv": [1.5, 0, 0, 0], "texture": "#2"}
			}
		}
	],
	"display": {
		"thirdperson_righthand": {
			"translation": [1, 0, 0]
		},
		"thirdperson_lefthand": {
			"rotation": [68.03, 0.23, 45.25],
			"translation": [-7.5, -5.75, 9.75]
		}
	}
}