{
	"credit": "Made with Blockbench",
	"textures": {
		"0": "./clamshell_phone",
		"particle": "./clamshell_phone"
	},
	"elements": [
		{
			"from": [6, 0, 8],
			"to": [9, 5, 9],
			"faces": {
				"north": {"uv": [0, 0, 3, 5], "texture": "#0"},
				"east": {"uv": [6, 0, 7, 5], "texture": "#0"},
				"south": {"uv": [3, 0, 6, 5], "texture": "#0"},
				"west": {"uv": [6, 5, 7, 10], "texture": "#0"},
				"up": {"uv": [11, 5, 8, 4], "texture": "#0"},
				"down": {"uv": [11, 5, 8, 6], "texture": "#0"}
			}
		},
		{
			"from": [6, 5, 8],
			"to": [9, 10, 9],
			"rotation": {"angle": -45, "axis": "x", "origin": [6, 5, 8]},
			"faces": {
				"north": {"uv": [0, 5, 3, 10], "texture": "#0"},
				"east": {"uv": [7, 0, 8, 5], "texture": "#0"},
				"south": {"uv": [3, 5, 6, 10], "texture": "#0"},
				"west": {"uv": [7, 5, 8, 10], "texture": "#0"},
				"up": {"uv": [11, 7, 8, 6], "texture": "#0"},
				"down": {"uv": [11, 7, 8, 8], "texture": "#0"}
			}
		},
		{
			"from": [6.2, 5, 8.2],
			"to": [8.8, 5.6, 8.8],
			"faces": {
				"north": {"uv": [8, 0, 11, 1], "texture": "#0"},
				"east": {"uv": [8, 8, 9, 9], "texture": "#0"},
				"south": {"uv": [8, 1, 11, 2], "texture": "#0"},
				"west": {"uv": [8, 9, 9, 10], "texture": "#0"},
				"up": {"uv": [11, 3, 8, 2], "texture": "#0"},
				"down": {"uv": [11, 3, 8, 4], "texture": "#0"}
			}
		}
	],
	"display": {
		"thirdperson_righthand": {
			"rotation": [138.3, 48.18, -134.25],
			"translation": [2, 4.75, 0.25],
			"scale": [0.85, 0.85, 0.85]
		},
		"thirdperson_lefthand": {
			"rotation": [138.3, 48.18, -134.25],
			"translation": [2, 4.75, 0.5],
			"scale": [0.9, 0.9, 0.9]
		},
		"firstperson_righthand": {
			"rotation": [114.32, 25.88, -143.22],
			"translation": [2.5, 3.25, -3]
		},
		"firstperson_lefthand": {
			"rotation": [114.32, 25.88, -143.22],
			"translation": [2.5, 3.25, -3]
		},
		"ground": {
			"rotation": [89.06, -3.93, 53.54],
			"translation": [0, -2.25, 0],
			"scale": [0.8, 0.8, 0.8]
		},
		"gui": {
			"rotation": [148.2, 39.07, -144.53],
			"translation": [1.75, 3, 0],
			"scale": [1.3, 1.3, 1.3]
		},
		"head": {
			"rotation": [90, -60.75, 90],
			"translation": [-9.75, 1.5, 0]
		},
		"fixed": {
			"rotation": [175.75, -84, 180],
			"translation": [0, 3, -1.25],
			"scale": [1.36, 1.36, 1.36]
		}
	}
}