{
	"credit": "Made with Blockbench",
	"texture_size": [32, 32],
	"textures": {
		"0": "./phone",
		"particle": "./phone"
	},
	"elements": [
		{
			"from": [5, 0, 7],
			"to": [13, 12, 9],
			"faces": {
				"north": {"uv": [0, 0, 4, 6], "texture": "#0"},
				"east": {"uv": [0, 6, 1, 12], "texture": "#0"},
				"south": {"uv": [4, 0, 8, 6], "texture": "#0"},
				"west": {"uv": [1, 6, 2, 12], "texture": "#0"},
				"up": {"uv": [6, 7, 2, 6], "texture": "#0"},
				"down": {"uv": [10, 6, 6, 7], "texture": "#0"}
			}
		},
		{
			"from": [6, 8, 9],
			"to": [8, 10, 10],
			"faces": {
				"north": {"uv": [2, 7, 3, 8], "texture": "#0"},
				"east": {"uv": [4, 7, 4.5, 8], "texture": "#0"},
				"south": {"uv": [3, 7, 4, 8], "texture": "#0"},
				"west": {"uv": [4.5, 7, 5, 8], "texture": "#0"},
				"up": {"uv": [6, 7.5, 5, 7], "texture": "#0"},
				"down": {"uv": [7, 7, 6, 7.5], "texture": "#0"}
			}
		}
	],
	"display": {
		"thirdperson_righthand": {
			"rotation": [0, 90, 0],
			"translation": [0.25, 2.5, 1.5],
			"scale": [0.5, 0.5, 0.5]
		},
		"thirdperson_lefthand": {
			"rotation": [0, 90, 0],
			"translation": [0, 1.5, 0.25],
			"scale": [0.5, 0.5, 0.5]
		},
		"firstperson_righthand": {
			"rotation": [0, 123, -12],
			"translation": [3.75, 4.25, -2.25]
		},
		"firstperson_lefthand": {
			"rotation": [0, 123, -12],
			"translation": [2.75, 4.25, -4.5]
		},
		"ground": {
			"rotation": [90, 0, 0],
			"translation": [-1, -2, 1.5],
			"scale": [0.7, 0.7, 0.7]
		},
		"gui": {
			"rotation": [30, 225, 0],
			"translation": [0.75, 1.5, 0],
			"scale": [0.8, 0.8, 0.8]
		},
		"head": {
			"rotation": [180, -90, 180],
			"translation": [-7.5, -0.25, -1.75]
		},
		"fixed": {
			"translation": [-1.5, 1.5, -1]
		}
	}
}