{
	"credit": "Made with Blockbench",
	"texture_size": [64, 64],
	"textures": {
		"0": "./shwabra_new",
		"particle": "./shwabra_new"
	},
	"elements": [
		{
			"from": [0, 0, 7],
			"to": [16, 2, 11],
			"faces": {
				"north": {"uv": [0, 2, 4, 2.5], "texture": "#0"},
				"east": {"uv": [1, 3, 2, 3.5], "texture": "#0"},
				"south": {"uv": [0, 2.5, 4, 3], "texture": "#0"},
				"west": {"uv": [2, 3, 3, 3.5], "texture": "#0"},
				"up": {"uv": [4, 1, 0, 0], "texture": "#0"},
				"down": {"uv": [4, 1, 0, 2], "texture": "#0"}
			}
		},
		{
			"from": [7.5, 2, 8.5],
			"to": [8.5, 32, 9.5],
			"faces": {
				"north": {"uv": [0, 3, 0.25, 10.5], "texture": "#0"},
				"east": {"uv": [0.25, 3, 0.5, 10.5], "texture": "#0"},
				"south": {"uv": [0.5, 3, 0.75, 10.5], "texture": "#0"},
				"west": {"uv": [0.75, 3, 1, 10.5], "texture": "#0"},
				"up": {"uv": [3.25, 3.25, 3, 3], "texture": "#0"},
				"down": {"uv": [3.25, 3.25, 3, 3.5], "texture": "#0"}
			}
		}
	],
	"display": {
		"thirdperson_righthand": {
			"rotation": [66.25, 0, 0],
			"translation": [0, -2.25, -5.75]
		},
		"thirdperson_lefthand": {
			"rotation": [-173.75, 0, 0],
			"translation": [0, 7.5, 2.5]
		},
		"firstperson_lefthand": {
			"rotation": [135.99, 1.17, 0.9],
			"translation": [1, 0, 0]
		},
		"ground": {
			"rotation": [90, 0, 0],
			"translation": [0, -1.5, 0],
			"scale": [0.75, 0.75, 0.75]
		},
		"gui": {
			"rotation": [-28.97, -34.72, -44.24],
			"translation": [0, -2.5, 0],
			"scale": [0.7, 0.7, 0.7]
		},
		"head": {
			"rotation": [87.25, 0, 0],
			"translation": [0, -0.5, 0]
		},
		"fixed": {
			"rotation": [-73.25, 0, 0],
			"translation": [0, 0, -16.5],
			"scale": [2, 2, 2]
		}
	}
}