{
	"credit": "Made by Raycifer",
	"textures": {
		"0": "./ballad_of_the_fjords"
	},
	"elements": [
		{
			"from": [3.75, 15, 8],
			"to": [12.25, 30, 8.001],
			"rotation": {"angle": 0, "axis": "y", "origin": [3.75, 5, 8]},
			"faces": {
				"north": {"uv": [0, 0, 8.5, 15], "texture": "#0"},
				"east": {"uv": [0, 0, 0.5, 0.5], "texture": "#0"},
				"south": {"uv": [0, 0, 8.5, 15], "texture": "#0"},
				"west": {"uv": [0, 0, 0.5, 0.5], "texture": "#0"},
				"up": {"uv": [0, 0, 0.5, 0.5], "texture": "#0"},
				"down": {"uv": [0, 0, 0.5, 0.5], "texture": "#0"}
			}
		},
		{
			"from": [7.25, 0.5, 7.5],
			"to": [8.75, 16.5, 8.5],
			"rotation": {"angle": 0, "axis": "y", "origin": [7.25, 5, 7.5]},
			"faces": {
				"north": {"uv": [11, 0, 12.5, 16], "texture": "#0"},
				"east": {"uv": [11.5, 0, 11, 16], "texture": "#0"},
				"south": {"uv": [12.5, 0, 11, 16], "texture": "#0"},
				"west": {"uv": [12.5, 0, 12, 16], "texture": "#0"},
				"up": {"uv": [11, 0, 12.5, 0.5], "texture": "#0"},
				"down": {"uv": [0, 0, 0.5, 0.5], "texture": "#0"}
			}
		},
		{
			"from": [7.25, -10.5, 7.5],
			"to": [8.75, 0.5, 8.5],
			"rotation": {"angle": 0, "axis": "y", "origin": [7.25, 5, 7.25]},
			"faces": {
				"north": {"uv": [12.5, 0, 14, 11], "texture": "#0"},
				"east": {"uv": [13, 0, 12.5, 11], "texture": "#0"},
				"south": {"uv": [14, 0, 12.5, 11], "texture": "#0"},
				"west": {"uv": [14, 0, 13.5, 11], "texture": "#0"},
				"up": {"uv": [0, 0, 0.5, 0.5], "texture": "#0"},
				"down": {"uv": [14, 10.5, 12.5, 11], "texture": "#0"}
			}
		},
		{
			"from": [7.75, -11.5, 7.75],
			"to": [8.25, -10.5, 8.25],
			"rotation": {"angle": 0, "axis": "y", "origin": [6.75, 5, 7.25]},
			"faces": {
				"north": {"uv": [14, 0, 14.5, 1], "texture": "#0"},
				"east": {"uv": [14, 0, 14.5, 1], "texture": "#0"},
				"south": {"uv": [14, 0, 14.5, 1], "texture": "#0"},
				"west": {"uv": [14, 0, 14.5, 1], "texture": "#0"},
				"up": {"uv": [14, 0, 14.5, 1], "texture": "#0"},
				"down": {"uv": [14, 0, 14.5, 1], "texture": "#0"}
			}
		},
		{
			"from": [7.25, -14, 8],
			"to": [8.75, -10.5, 8.001],
			"rotation": {"angle": 0, "axis": "y", "origin": [7.25, 3, 8]},
			"faces": {
				"north": {"uv": [12.5, 12.5, 14, 16], "texture": "#0"},
				"east": {"uv": [0, 0, 0.5, 0.5], "texture": "#0"},
				"south": {"uv": [14, 12.5, 12.5, 16], "texture": "#0"},
				"west": {"uv": [0, 0, 0.5, 0.5], "texture": "#0"},
				"up": {"uv": [0, 0, 0.5, 0.5], "texture": "#0"},
				"down": {"uv": [0, 0, 0.5, 0.5], "texture": "#0"}
			}
		},
		{
			"from": [6.75, 10.5, 7],
			"to": [9.25, 10.501, 9],
			"rotation": {"angle": 0, "axis": "y", "origin": [6, 0, 7.5]},
			"faces": {
				"north": {"uv": [0, 0, 0.5, 0.5], "texture": "#0"},
				"east": {"uv": [0, 0, 0.5, 0.5], "texture": "#0"},
				"south": {"uv": [0, 0, 0.5, 0.5], "texture": "#0"},
				"west": {"uv": [0, 0, 0.5, 0.5], "texture": "#0"},
				"up": {"uv": [8.5, 0, 11, 2], "texture": "#0"},
				"down": {"uv": [8.5, 2, 11, 0], "texture": "#0"}
			}
		}
	],
	"display": {
		"thirdperson_righthand": {
			"rotation": [0, 90, 0],
			"translation": [0, -1.5, 0],
			"scale": [1.5, 1.5, 1.5]
		},
		"thirdperson_lefthand": {
			"rotation": [0, 90, 0],
			"translation": [0, -1.5, 0],
			"scale": [1.5, 1.5, 1.5]
		},
		"firstperson_righthand": {
			"rotation": [10, -90, 0],
			"translation": [7, -5, -5],
			"scale": [1.4, 1.4, 1.4]
		},
		"firstperson_lefthand": {
			"rotation": [10, -90, 0],
			"translation": [7, -5, -5],
			"scale": [1.4, 1.4, 1.4]
		},
		"ground": {
			"rotation": [45, 45, 0],
			"translation": [0, 4, 0],
			"scale": [0.8, 0.8, 0.8]
		},
		"gui": {
			"rotation": [-20, 160, 30],
			"translation": [1, 1, 0],
			"scale": [0.8, 0.8, 0.8]
		},
		"fixed": {
			"translation": [0, -0.75, -1],
			"scale": [0.85, 0.85, 0.85]
		}
	}
}