{
	"credit": "Made with Blockbench",
	"texture_size": [32, 32],
	"textures": {
		"0": "./sparta_helmet",
		"particle": "./sparta_helmet"
	},
	"elements": [
		{
			"from": [4, 0, 4],
			"to": [12, 8, 12],
			"faces": {
				"north": {"uv": [0, 0, 4, 4], "texture": "#0"},
				"east": {"uv": [0, 4, 4, 8], "texture": "#0"},
				"south": {"uv": [4, 0, 8, 4], "texture": "#0"},
				"west": {"uv": [4, 4, 8, 8], "texture": "#0"},
				"up": {"uv": [4, 12, 0, 8], "texture": "#0"},
				"down": {"uv": [12, 0, 8, 4], "texture": "#0"}
			}
		},
		{
			"from": [4, 7, 4],
			"to": [12, 8, 12],
			"faces": {
				"north": {"uv": [0, 0, 4, 0.5], "texture": "#0"},
				"east": {"uv": [0, 4, 4, 4.5], "texture": "#0"},
				"south": {"uv": [4, 0, 8, 0.5], "texture": "#0"},
				"west": {"uv": [4, 4, 8, 4.5], "texture": "#0"},
				"up": {"uv": [4, 12, 0, 8], "texture": "#0"},
				"down": {"uv": [4, 8, 0, 12], "texture": "#0"}
			}
		},
		{
			"from": [4, 0, 11],
			"to": [12, 8, 12],
			"faces": {
				"north": {"uv": [4, 0, 8, 4], "texture": "#0"},
				"east": {"uv": [0, 4, 0.5, 8], "texture": "#0"},
				"south": {"uv": [4, 0, 8, 4], "texture": "#0"},
				"west": {"uv": [7.5, 4, 8, 8], "texture": "#0"},
				"up": {"uv": [4, 8.5, 0, 8], "texture": "#0"},
				"down": {"uv": [12, 0, 8, 0.5], "texture": "#0"}
			}
		},
		{
			"from": [11, 0, 4],
			"to": [12, 8, 12],
			"faces": {
				"north": {"uv": [0, 0, 0.5, 4], "texture": "#0"},
				"east": {"uv": [0, 4, 4, 8], "texture": "#0"},
				"south": {"uv": [4, 0, 4.5, 4], "texture": "#0"},
				"west": {"uv": [4, 4, 8, 8], "texture": "#0"},
				"up": {"uv": [0.5, 12, 0, 8], "texture": "#0"},
				"down": {"uv": [8, 0, 8.5, 4], "texture": "#0"}
			}
		},
		{
			"from": [4, 0, 4],
			"to": [5, 8, 12],
			"faces": {
				"north": {"uv": [0, 0, 0.5, 4], "texture": "#0"},
				"east": {"uv": [0, 4, 4, 8], "texture": "#0"},
				"south": {"uv": [4, 0, 4.5, 4], "texture": "#0"},
				"west": {"uv": [4, 4, 8, 8], "texture": "#0"},
				"up": {"uv": [0.5, 12, 0, 8], "texture": "#0"},
				"down": {"uv": [8.5, 0, 8, 4], "texture": "#0"}
			}
		},
		{
			"from": [3.9, 5, 3],
			"to": [12.1, 8, 6],
			"rotation": {"angle": 22.5, "axis": "x", "origin": [12, 8, 4]},
			"faces": {
				"north": {"uv": [8, 5.5, 12, 7], "texture": "#0"},
				"east": {"uv": [11, 10, 12.5, 11.5], "texture": "#0"},
				"south": {"uv": [9, 7, 13, 8.5], "texture": "#0"},
				"west": {"uv": [11, 11.5, 12.5, 13], "texture": "#0"},
				"up": {"uv": [13, 10, 9, 8.5], "texture": "#0"},
				"down": {"uv": [8, 9.5, 4, 11], "texture": "#0"}
			}
		},
		{
			"from": [7, 8, 4],
			"to": [9, 11, 14],
			"faces": {
				"north": {"uv": [7, 11, 8, 12.5], "texture": "#0"},
				"east": {"uv": [4, 8, 9, 9.5], "texture": "#0"},
				"south": {"uv": [0, 12, 1, 13.5], "texture": "#0"},
				"west": {"uv": [8, 4, 13, 5.5], "texture": "#0"},
				"up": {"uv": [9, 14.5, 8, 9.5], "texture": "#0"},
				"down": {"uv": [10, 10, 9, 15], "texture": "#0"}
			}
		},
		{
			"from": [7, 3, 12],
			"to": [9, 8, 14],
			"faces": {
				"north": {"uv": [10, 10, 11, 12.5], "texture": "#0"},
				"east": {"uv": [4, 11, 5, 13.5], "texture": "#0"},
				"south": {"uv": [5, 11, 6, 13.5], "texture": "#0"},
				"west": {"uv": [6, 11, 7, 13.5], "texture": "#0"},
				"up": {"uv": [9, 8, 8, 7], "texture": "#0"},
				"down": {"uv": [13, 0, 12, 1], "texture": "#0"}
			}
		}
	],
	"display": {
		"thirdperson_righthand": {
			"translation": [1, 2.75, -1.25]
		},
		"thirdperson_lefthand": {
			"translation": [1.25, 2.75, -2]
		},
		"firstperson_righthand": {
			"translation": [1.75, 2.5, 0]
		},
		"firstperson_lefthand": {
			"translation": [1.5, 3, 0.25]
		},
		"ground": {
			"translation": [0, 5, 0]
		},
		"gui": {
			"rotation": [30, 132, 0],
			"translation": [0.25, 2.25, 0],
			"scale": [0.8, 0.8, 0.8]
		},
		"head": {
			"translation": [0, 8.75, 0.25],
			"scale": [2, 2, 2]
		},
		"fixed": {
			"translation": [0, 2.75, -1.5]
		}
	}
}