{
	"credit": "Made by Raycifer",
	"texture_size": [32, 32],
	"textures": {
		"0": "./amos_bow",
		"1": "./bow_charge/charge_stages"
	},
	"elements": [
		{
			"from": [8, 3, 8],
			"to": [9, 6, 9],
			"faces": {
				"north": {"uv": [0.75, 0.25, 0.25, 1.75], "texture": "#0"},
				"east": {"uv": [0.25, 0.25, 0.75, 1.75], "texture": "#0"},
				"south": {"uv": [0.75, 0.25, 0.25, 1.75], "texture": "#0"},
				"west": {"uv": [0.25, 0.25, 0.75, 1.75], "texture": "#0"},
				"up": {"uv": [0, 0, 0, 0], "texture": "#0"},
				"down": {"uv": [0, 0, 0, 0], "texture": "#0"}
			}
		},
		{
			"from": [7.75, 6, 7.75],
			"to": [9.25, 6.5, 9.25],
			"faces": {
				"north": {"uv": [1, 4.75, 1.75, 5], "texture": "#0"},
				"east": {"uv": [1.75, 4.75, 1, 5], "texture": "#0"},
				"south": {"uv": [1.75, 5.25, 1, 5.5], "texture": "#0"},
				"west": {"uv": [1, 5.25, 1.75, 5.5], "texture": "#0"},
				"up": {"uv": [1.75, 4.75, 1, 5.5], "texture": "#0"},
				"down": {"uv": [1.75, 5.5, 1, 4.75], "texture": "#0"}
			}
		},
		{
			"from": [7.75, 0, 6.25],
			"to": [9.25, 0.5, 7.75],
			"faces": {
				"north": {"uv": [1, 4.75, 1.75, 5], "texture": "#0"},
				"east": {"uv": [1.75, 4.75, 1, 5], "texture": "#0"},
				"south": {"uv": [1.75, 5.25, 1, 5.5], "texture": "#0"},
				"west": {"uv": [1, 5.25, 1.75, 5.5], "texture": "#0"},
				"up": {"uv": [1.75, 4.75, 1, 5.5], "texture": "#0"},
				"down": {"uv": [1.75, 5.5, 1, 4.75], "texture": "#0"}
			}
		},
		{
			"from": [8, 0.25, 5.75],
			"to": [9, 2.75, 6.25],
			"rotation": {"angle": -22.5, "axis": "x", "origin": [8.5, 1.75, 6.25]},
			"faces": {
				"north": {"uv": [2.75, 1.5, 3.25, 2.5], "texture": "#0"},
				"east": {"uv": [2.75, 1.5, 3, 2.5], "texture": "#0"},
				"south": {"uv": [3.25, 1.5, 2.75, 2.5], "texture": "#0"},
				"west": {"uv": [3, 1.5, 3.25, 2.5], "texture": "#0"},
				"up": {"uv": [0, 0, 0, 0], "texture": "#0"},
				"down": {"uv": [0, 0, 0, 0], "texture": "#0"}
			}
		},
		{
			"from": [7.75, 2, 6.75],
			"to": [9.25, 3, 9.25],
			"faces": {
				"north": {"uv": [0.75, 1, 1.5, 1.5], "texture": "#0"},
				"east": {"uv": [2.75, 1, 1.5, 1.5], "texture": "#0"},
				"south": {"uv": [2.75, 1, 3.5, 1.5], "texture": "#0"},
				"west": {"uv": [1.5, 1, 2.75, 1.5], "texture": "#0"},
				"up": {"uv": [1.5, 1, 2.75, 0.25], "rotation": 90, "texture": "#0"},
				"down": {"uv": [2.75, 2.25, 1.5, 1.5], "rotation": 90, "texture": "#0"}
			}
		},
		{
			"from": [8, 1.5, 8.25],
			"to": [9, 2, 9.25],
			"faces": {
				"north": {"uv": [3.25, 1.25, 2.75, 1.5], "texture": "#0"},
				"east": {"uv": [2.75, 1.25, 3.25, 1.5], "texture": "#0"},
				"south": {"uv": [3.25, 1.25, 2.75, 1.5], "texture": "#0"},
				"west": {"uv": [2.75, 1.25, 3.25, 1.5], "texture": "#0"},
				"up": {"uv": [0, 0, 0, 0], "texture": "#0"},
				"down": {"uv": [1.25, 0.25, 0.75, 0.75], "texture": "#0"}
			}
		},
		{
			"from": [7.75, 2.25, 5],
			"to": [9.25, 2.75, 6],
			"faces": {
				"north": {"uv": [3.5, 2.5, 2.75, 2.75], "texture": "#0"},
				"east": {"uv": [3.75, 2.5, 3.25, 2.75], "texture": "#0"},
				"south": {"uv": [4.25, 2.5, 3.5, 2.75], "texture": "#0"},
				"west": {"uv": [3.25, 2.5, 3.75, 2.75], "texture": "#0"},
				"up": {"uv": [2.75, 2.5, 3.5, 3], "texture": "#0"},
				"down": {"uv": [2.75, 3, 3.5, 2.5], "texture": "#0"}
			}
		},
		{
			"from": [8, 6.25, 7.75],
			"to": [9, 8.25, 8.75],
			"rotation": {"angle": -22.5, "axis": "x", "origin": [8.5, 7.25, 8.5]},
			"faces": {
				"north": {"uv": [3.25, 1.5, 2.75, 2.5], "texture": "#0"},
				"east": {"uv": [2.75, 1.5, 3.25, 2.5], "texture": "#0"},
				"south": {"uv": [3.25, 1.5, 2.75, 2.5], "texture": "#0"},
				"west": {"uv": [2.75, 1.5, 3.25, 2.5], "texture": "#0"},
				"up": {"uv": [0, 0, 0, 0], "texture": "#0"},
				"down": {"uv": [0, 0, 0, 0], "texture": "#0"}
			}
		},
		{
			"from": [8, 0.5, 6.75],
			"to": [9, 2, 7.75],
			"rotation": {"angle": 0, "axis": "y", "origin": [8.5, 0.463, 6.79349]},
			"faces": {
				"north": {"uv": [3.25, 1.75, 2.75, 2.5], "texture": "#0"},
				"east": {"uv": [2.75, 1.75, 3.25, 2.5], "texture": "#0"},
				"south": {"uv": [3.25, 1.75, 2.75, 2.5], "texture": "#0"},
				"west": {"uv": [2.75, 1.75, 3.25, 2.5], "texture": "#0"},
				"up": {"uv": [0, 0, 0, 0], "texture": "#0"},
				"down": {"uv": [0, 0, 0, 0], "texture": "#0"}
			}
		},
		{
			"from": [8, 9.25, 6.5],
			"to": [9, 15.25, 8],
			"faces": {
				"north": {"uv": [4.25, 1.75, 4.75, 4.75], "texture": "#0"},
				"east": {"uv": [5.5, 1.75, 4.75, 4.75], "texture": "#0"},
				"south": {"uv": [5.5, 1.75, 6, 4.75], "texture": "#0"},
				"west": {"uv": [4.75, 1.75, 5.5, 4.75], "texture": "#0"},
				"up": {"uv": [4.75, 1.75, 4.25, 2], "texture": "#0"},
				"down": {"uv": [0, 0, 0, 0], "texture": "#0"}
			}
		},
		{
			"from": [8, 13.75, 8],
			"to": [9, 15.25, 8.5],
			"faces": {
				"north": {"uv": [0, 0, 0, 0], "texture": "#0"},
				"east": {"uv": [5.5, 1.75, 5.75, 2.5], "texture": "#0"},
				"south": {"uv": [5.75, 1.75, 5.5, 2.5], "texture": "#0"},
				"west": {"uv": [5.5, 1.75, 5.75, 2.5], "texture": "#0"},
				"up": {"uv": [0, 0, 0, 0], "texture": "#0"},
				"down": {"uv": [5.75, 2.25, 5.5, 2.5], "texture": "#0"}
			}
		},
		{
			"from": [8, 15.25, 7],
			"to": [9, 16.25, 9],
			"faces": {
				"north": {"uv": [5, 1.25, 5.5, 1.75], "texture": "#0"},
				"east": {"uv": [6, 1.25, 5, 1.75], "texture": "#0"},
				"south": {"uv": [5.75, 1.25, 6, 1.75], "texture": "#0"},
				"west": {"uv": [5, 1.25, 6, 1.75], "texture": "#0"},
				"up": {"uv": [5.5, 1.25, 5, 1.5], "texture": "#0"},
				"down": {"uv": [6, 1.5, 5, 1.75], "rotation": 90, "texture": "#0"}
			}
		},
		{
			"from": [8, 16.25, 7.5],
			"to": [9, 16.75, 9],
			"faces": {
				"north": {"uv": [5.25, 0.75, 5.5, 1], "texture": "#0"},
				"east": {"uv": [6, 1, 5.25, 1.25], "texture": "#0"},
				"south": {"uv": [0, 0, 0, 0], "texture": "#0"},
				"west": {"uv": [5.25, 1, 6, 1.25], "texture": "#0"},
				"up": {"uv": [5.25, 0.75, 5.5, 1], "texture": "#0"},
				"down": {"uv": [0, 0, 0, 0], "texture": "#0"}
			}
		},
		{
			"from": [8, 16.75, 8],
			"to": [9, 17.25, 9],
			"faces": {
				"north": {"uv": [5.5, 0.5, 5.75, 0.75], "texture": "#0"},
				"east": {"uv": [5.5, 0.75, 6, 1], "texture": "#0"},
				"south": {"uv": [0, 0, 0, 0], "texture": "#0"},
				"west": {"uv": [5.5, 0.75, 6, 1], "texture": "#0"},
				"up": {"uv": [5.5, 0.5, 6, 0.75], "rotation": 90, "texture": "#0"},
				"down": {"uv": [0, 0, 0, 0], "texture": "#0"}
			}
		},
		{
			"from": [8, 16.25, 9.5],
			"to": [9, 17.75, 10],
			"faces": {
				"north": {"uv": [0, 0, 0, 0], "texture": "#0"},
				"east": {"uv": [6.5, 0.5, 6.25, 1.25], "texture": "#0"},
				"south": {"uv": [6.25, 0.5, 6.5, 1.25], "texture": "#0"},
				"west": {"uv": [6.25, 0.5, 6.5, 1.25], "texture": "#0"},
				"up": {"uv": [6.5, 0.5, 6.25, 0.75], "texture": "#0"},
				"down": {"uv": [6.25, 1, 6.5, 1.25], "texture": "#0"}
			}
		},
		{
			"from": [8, 15.75, 9],
			"to": [9, 17.75, 9.5],
			"faces": {
				"north": {"uv": [6, 0.25, 6.25, 0.5], "texture": "#0"},
				"east": {"uv": [6.25, 0.5, 6, 1.5], "texture": "#0"},
				"south": {"uv": [6, 0.5, 6.25, 1.5], "texture": "#0"},
				"west": {"uv": [6, 0.5, 6.25, 1.5], "texture": "#0"},
				"up": {"uv": [6.25, 0.25, 6, 0.5], "texture": "#0"},
				"down": {"uv": [6, 1.25, 6.25, 1.5], "texture": "#0"}
			}
		},
		{
			"from": [8, 16.75, 10],
			"to": [9, 17.25, 10.5],
			"faces": {
				"north": {"uv": [0, 0, 0, 0], "texture": "#0"},
				"east": {"uv": [6.5, 0.75, 6.75, 1], "texture": "#0"},
				"south": {"uv": [6.5, 0.75, 6.75, 1], "texture": "#0"},
				"west": {"uv": [6.5, 0.75, 6.75, 1], "texture": "#0"},
				"up": {"uv": [0, 0, 0, 0], "texture": "#0"},
				"down": {"uv": [6.5, 0.75, 6.75, 1], "texture": "#0"}
			}
		},
		{
			"from": [8, 18.25, 10.5],
			"to": [9, 18.75, 11],
			"faces": {
				"north": {"uv": [6.75, 0, 7, 0.25], "texture": "#0"},
				"east": {"uv": [6.75, 0, 7, 0.25], "texture": "#0"},
				"south": {"uv": [6.75, 0, 7, 0.25], "texture": "#0"},
				"west": {"uv": [6.75, 0, 7, 0.25], "texture": "#0"},
				"up": {"uv": [6.75, 0, 7, 0.25], "texture": "#0"},
				"down": {"uv": [6.75, 0, 7, 0.25], "texture": "#0"}
			}
		},
		{
			"from": [8, 17.25, 10],
			"to": [9, 18.25, 11],
			"faces": {
				"north": {"uv": [6.5, 0.25, 6.75, 0.75], "texture": "#0"},
				"east": {"uv": [7, 0.25, 6.5, 0.75], "texture": "#0"},
				"south": {"uv": [6.75, 0.25, 7, 0.75], "texture": "#0"},
				"west": {"uv": [6.5, 0.25, 7, 0.75], "texture": "#0"},
				"up": {"uv": [6.5, 0.25, 6.75, 0.5], "texture": "#0"},
				"down": {"uv": [7, 0.5, 6.5, 0.75], "rotation": 90, "texture": "#0"}
			}
		},
		{
			"from": [8.5, 4.5, 5],
			"to": [8.5, 8, 7.5],
			"rotation": {"angle": 45, "axis": "x", "origin": [8.5, 7.75, 5.25]},
			"faces": {
				"north": {"uv": [0, 0, 0, 0], "texture": "#0"},
				"east": {"uv": [1.5, 1.75, 0.25, 3.5], "texture": "#0"},
				"south": {"uv": [0, 0, 0, 0], "texture": "#0"},
				"west": {"uv": [0.25, 1.75, 1.5, 3.5], "texture": "#0"},
				"up": {"uv": [0, 0, 0, 0], "texture": "#0"},
				"down": {"uv": [0, 0, 0, 0], "texture": "#0"}
			}
		},
		{
			"from": [7.995, 10.75, 5],
			"to": [7.996, 19.25, 16],
			"rotation": {"angle": 0, "axis": "y", "origin": [8.25, 14.5, 10.5]},
			"faces": {
				"north": {"uv": [0, 0, 0, 0], "texture": "#0"},
				"east": {"uv": [16, 0, 10.5, 4.25], "texture": "#0"},
				"south": {"uv": [0, 0, 0, 0], "texture": "#0"},
				"west": {"uv": [10.5, 0, 16, 4.25], "texture": "#0"},
				"up": {"uv": [0, 0, 0, 0], "texture": "#0"},
				"down": {"uv": [0, 0, 0, 0], "texture": "#0"}
			}
		},
		{
			"from": [9.0001, 10.75, 5],
			"to": [9.0011, 19.25, 16],
			"rotation": {"angle": 0, "axis": "y", "origin": [8.25, 14.5, 10.5]},
			"faces": {
				"north": {"uv": [0, 0, 0, 0], "texture": "#0"},
				"east": {"uv": [16, 0, 10.5, 4.25], "texture": "#0"},
				"south": {"uv": [0, 0, 0, 0], "texture": "#0"},
				"west": {"uv": [10.5, 0, 16, 4.25], "texture": "#0"},
				"up": {"uv": [0, 0, 0, 0], "texture": "#0"},
				"down": {"uv": [0, 0, 0, 0], "texture": "#0"}
			}
		},
		{
			"from": [8, 10.75, 5],
			"to": [9, 11.25, 6],
			"faces": {
				"north": {"uv": [10.5, 4, 10.75, 4.25], "texture": "#0"},
				"east": {"uv": [0, 0, 0, 0], "texture": "#0"},
				"south": {"uv": [10.75, 4, 11, 4.25], "texture": "#0"},
				"west": {"uv": [0, 0, 0, 0], "texture": "#0"},
				"up": {"uv": [10.5, 4, 11, 4.25], "rotation": 90, "texture": "#0"},
				"down": {"uv": [11, 4.25, 10.5, 4], "rotation": 90, "texture": "#0"}
			}
		},
		{
			"from": [8, 11.25, 5.5],
			"to": [9, 12.25, 6.5],
			"faces": {
				"north": {"uv": [10.75, 3.5, 11, 4], "rotation": 90, "texture": "#0"},
				"east": {"uv": [0, 0, 0, 0], "texture": "#0"},
				"south": {"uv": [11, 3.5, 11.25, 4], "rotation": 90, "texture": "#0"},
				"west": {"uv": [0, 0, 0, 0], "texture": "#0"},
				"up": {"uv": [10.75, 3.5, 11.25, 4], "rotation": 90, "texture": "#0"},
				"down": {"uv": [11.25, 3.75, 10.75, 4], "rotation": 90, "texture": "#0"}
			}
		},
		{
			"from": [8, 12.25, 6],
			"to": [9, 13.75, 6.5],
			"faces": {
				"north": {"uv": [11, 2.75, 11.25, 3.5], "texture": "#0"},
				"east": {"uv": [0, 0, 0, 0], "texture": "#0"},
				"south": {"uv": [0, 0, 0, 0], "texture": "#0"},
				"west": {"uv": [0, 0, 0, 0], "texture": "#0"},
				"up": {"uv": [11, 2.75, 11.25, 3.25], "rotation": 90, "texture": "#0"},
				"down": {"uv": [0, 0, 0, 0], "texture": "#0"}
			}
		},
		{
			"from": [8.5, -13, 7.25],
			"to": [8.501, -6, 8.75],
			"rotation": {"angle": -45, "axis": "x", "origin": [8.5, -6.5, 5.25]},
			"faces": {
				"north": {"uv": [0, 0, 0, 0], "texture": "#0"},
				"east": {"uv": [1, 3.5, 0.25, 7], "texture": "#0"},
				"south": {"uv": [0, 0, 0, 0], "texture": "#0"},
				"west": {"uv": [0.25, 3.5, 1, 7], "texture": "#0"},
				"up": {"uv": [0, 0, 0, 0], "texture": "#0"},
				"down": {"uv": [0, 0, 0, 0], "texture": "#0"}
			}
		},
		{
			"from": [8.25, -2.75, 12],
			"to": [8.75, 11.75, 12.001],
			"faces": {
				"north": {"uv": [0, 0.25, 0.25, 7.25], "texture": "#0"},
				"east": {"uv": [0, 0, 0, 0], "texture": "#0"},
				"south": {"uv": [0, 0.25, 0.25, 7.25], "texture": "#0"},
				"west": {"uv": [0, 0, 0, 0], "texture": "#0"},
				"up": {"uv": [0, 0, 0, 0], "texture": "#0"},
				"down": {"uv": [0, 0, 0, 0], "texture": "#0"}
			}
		},
		{
			"from": [8.5, 11.75, 11.25],
			"to": [8.501, 14.25, 12.75],
			"faces": {
				"north": {"uv": [0, 0, 0, 0], "texture": "#0"},
				"east": {"uv": [1.75, 3.5, 1, 4.75], "texture": "#0"},
				"south": {"uv": [0, 0, 0, 0], "texture": "#0"},
				"west": {"uv": [1, 3.5, 1.75, 4.75], "texture": "#0"},
				"up": {"uv": [0, 0, 0, 0], "texture": "#0"},
				"down": {"uv": [0, 0, 0, 0], "texture": "#0"}
			}
		},
		{
			"from": [8.5, -5.25, 11.25],
			"to": [8.501, -2.75, 12.75],
			"faces": {
				"north": {"uv": [0, 0, 0, 0], "texture": "#0"},
				"east": {"uv": [2.5, 3.5, 1.75, 4.75], "texture": "#0"},
				"south": {"uv": [0, 0, 0, 0], "texture": "#0"},
				"west": {"uv": [1.75, 3.5, 2.5, 4.75], "texture": "#0"},
				"up": {"uv": [0, 0, 0, 0], "texture": "#0"},
				"down": {"uv": [0, 0, 0, 0], "texture": "#0"}
			}
		},
		{
			"from": [8.5, 7.5, 8.75],
			"to": [8.501, 8.5, 10.75],
			"rotation": {"angle": 0, "axis": "y", "origin": [0, 0.5, -0.25]},
			"faces": {
				"north": {"uv": [0, 0, 0, 0], "texture": "#0"},
				"east": {"uv": [2.5, 2.25, 1.5, 2.75], "texture": "#0"},
				"south": {"uv": [0, 0, 0, 0], "texture": "#0"},
				"west": {"uv": [1.5, 2.25, 2.5, 2.75], "texture": "#0"},
				"up": {"uv": [0, 0, 0, 0], "texture": "#0"},
				"down": {"uv": [0, 0, 0, 0], "texture": "#0"}
			}
		},
		{
			"from": [8.5, 6.25, 9],
			"to": [8.501, 7.25, 11.5],
			"rotation": {"angle": 45, "axis": "x", "origin": [8.5, 7, 10]},
			"faces": {
				"north": {"uv": [0, 0, 0, 0], "texture": "#0"},
				"east": {"uv": [2.75, 2.75, 1.5, 3.25], "texture": "#0"},
				"south": {"uv": [0, 0, 0, 0], "texture": "#0"},
				"west": {"uv": [1.5, 2.75, 2.75, 3.25], "texture": "#0"},
				"up": {"uv": [0, 0, 0, 0], "texture": "#0"},
				"down": {"uv": [0, 0, 0, 0], "texture": "#0"}
			}
		},
		{
			"from": [8, 8.11092, 3.95575],
			"to": [9, 11.11092, 4.95575],
			"rotation": {"angle": -22.5, "axis": "x", "origin": [8.5, 10.86092, 3.45575]},
			"faces": {
				"north": {"uv": [4.5, 0.25, 4, 1.75], "texture": "#0"},
				"east": {"uv": [5, 0.25, 4.5, 1.75], "texture": "#0"},
				"south": {"uv": [4.5, 0.25, 5, 1.75], "texture": "#0"},
				"west": {"uv": [4, 0.25, 4.5, 1.75], "texture": "#0"},
				"up": {"uv": [3.5, 0.75, 4, 0.25], "texture": "#0"},
				"down": {"uv": [0, 0, 0, 0], "texture": "#0"}
			}
		},
		{
			"from": [8.25, 11.11092, 4.20575],
			"to": [8.75, 13.11092, 4.70575],
			"rotation": {"angle": -22.5, "axis": "x", "origin": [8.5, 10.86092, 3.45575]},
			"faces": {
				"north": {"uv": [5, 0.25, 5.25, 1.25], "texture": "#0"},
				"east": {"uv": [5, 0.25, 5.25, 1.25], "texture": "#0"},
				"south": {"uv": [5, 0.25, 5.25, 1.25], "texture": "#0"},
				"west": {"uv": [5, 0.25, 5.25, 1.25], "texture": "#0"},
				"up": {"uv": [4, 0.5, 4.25, 0.25], "texture": "#0"},
				"down": {"uv": [0, 0, 0, 0], "texture": "#0"}
			}
		},
		{
			"name": "glow_bottom",
			"from": [7.75, 11.11092, 3.70575],
			"to": [9.25, 8.11092, 5.20575],
			"rotation": {"angle": -22.5, "axis": "x", "origin": [8.5, 10.86092, 3.45575]},
			"faces": {
				"north": {"uv": [6, 4.75, 6.75, 3.25], "texture": "#0"},
				"east": {"uv": [6, 4.75, 6.75, 3.25], "texture": "#0"},
				"south": {"uv": [6, 4.75, 6.75, 3.25], "texture": "#0"},
				"west": {"uv": [6, 4.75, 6.75, 3.25], "texture": "#0"},
				"up": {"uv": [0, 0, 0, 0], "texture": "#0"},
				"down": {"uv": [6, 2.75, 6.75, 3.5], "texture": "#0"}
			}
		},
		{
			"name": "glow_top",
			"from": [8, 13.36092, 3.95575],
			"to": [9, 10.86092, 4.95575],
			"rotation": {"angle": -22.5, "axis": "x", "origin": [8.5, 10.86092, 3.45575]},
			"faces": {
				"north": {"uv": [6.75, 4, 7.25, 2.75], "texture": "#0"},
				"east": {"uv": [7.25, 4, 6.75, 2.75], "texture": "#0"},
				"south": {"uv": [6.75, 4, 7.25, 2.75], "texture": "#0"},
				"west": {"uv": [7.25, 4, 6.75, 2.75], "texture": "#0"},
				"up": {"uv": [0, 0, 0, 0], "texture": "#0"},
				"down": {"uv": [6.75, 2.5, 7.25, 3], "texture": "#0"}
			}
		},
		{
			"from": [8, -2, 6.25],
			"to": [9, 0, 7.75],
			"rotation": {"angle": 0, "axis": "y", "origin": [0, 1, 0]},
			"faces": {
				"north": {"uv": [2, 4.75, 1.75, 5.75], "texture": "#0"},
				"east": {"uv": [2.5, 4.75, 1.75, 5.75], "texture": "#0"},
				"south": {"uv": [2.5, 4.75, 2.25, 5.75], "texture": "#0"},
				"west": {"uv": [1.75, 4.75, 2.5, 5.75], "texture": "#0"},
				"up": {"uv": [2.5, 4.75, 2.25, 5.75], "texture": "#0"},
				"down": {"uv": [2, 4.75, 1.75, 5.75], "texture": "#0"}
			}
		},
		{
			"from": [8, -3.5, 6.75],
			"to": [9, -2, 8.25],
			"rotation": {"angle": 0, "axis": "y", "origin": [0, 1, 0]},
			"faces": {
				"north": {"uv": [2, 5.75, 2.25, 6.5], "texture": "#0"},
				"east": {"uv": [2.75, 5.75, 2, 6.5], "texture": "#0"},
				"south": {"uv": [2.5, 5.75, 2.75, 6.5], "texture": "#0"},
				"west": {"uv": [2, 5.75, 2.75, 6.5], "texture": "#0"},
				"up": {"uv": [2.75, 6.5, 2.5, 5.75], "texture": "#0"},
				"down": {"uv": [2, 5.75, 2.25, 6.5], "texture": "#0"}
			}
		},
		{
			"from": [8, -4.5, 7.25],
			"to": [9, -3.5, 8.75],
			"rotation": {"angle": 0, "axis": "y", "origin": [0, 1, 0]},
			"faces": {
				"north": {"uv": [2.25, 6.5, 2.5, 7], "texture": "#0"},
				"east": {"uv": [3, 6.5, 2.25, 7], "texture": "#0"},
				"south": {"uv": [2.75, 6.5, 3, 7], "texture": "#0"},
				"west": {"uv": [2.25, 6.5, 3, 7], "texture": "#0"},
				"up": {"uv": [2.75, 6.5, 3, 7], "texture": "#0"},
				"down": {"uv": [2.25, 6.5, 2.5, 7], "texture": "#0"}
			}
		},
		{
			"from": [8, -5, 7.75],
			"to": [9, -4.5, 9.25],
			"rotation": {"angle": 0, "axis": "y", "origin": [0, 1, 0]},
			"faces": {
				"north": {"uv": [2.5, 7, 2.75, 7.25], "texture": "#0"},
				"east": {"uv": [3.25, 7, 2.5, 7.25], "texture": "#0"},
				"south": {"uv": [3, 7, 3.25, 7.25], "texture": "#0"},
				"west": {"uv": [2.5, 7, 3.25, 7.25], "texture": "#0"},
				"up": {"uv": [3, 7, 3.25, 7.25], "texture": "#0"},
				"down": {"uv": [2.5, 7, 2.75, 7.25], "texture": "#0"}
			}
		},
		{
			"from": [8, -6, 8.75],
			"to": [9, -5, 9.75],
			"rotation": {"angle": 0, "axis": "y", "origin": [0, 1, 0]},
			"faces": {
				"north": {"uv": [2.5, 4.75, 3, 5.25], "texture": "#0"},
				"east": {"uv": [2.5, 4.75, 3, 5.25], "texture": "#0"},
				"south": {"uv": [2.5, 4.75, 3, 5.25], "texture": "#0"},
				"west": {"uv": [2.5, 4.75, 3, 5.25], "texture": "#0"},
				"up": {"uv": [2.5, 4.75, 3, 5], "texture": "#0"},
				"down": {"uv": [2.5, 5, 3, 5.25], "texture": "#0"}
			}
		},
		{
			"from": [8, -5.5, 8.25],
			"to": [9, -5, 8.75],
			"rotation": {"angle": 0, "axis": "y", "origin": [0, 1, 0]},
			"faces": {
				"north": {"uv": [2.75, 7.25, 3, 7.5], "texture": "#0"},
				"east": {"uv": [2.75, 7.25, 3, 7.5], "texture": "#0"},
				"south": {"uv": [2.75, 7.25, 3, 7.5], "texture": "#0"},
				"west": {"uv": [2.75, 7.25, 3, 7.5], "texture": "#0"},
				"up": {"uv": [2.75, 7.25, 3, 7.5], "texture": "#0"},
				"down": {"uv": [2.75, 7.25, 3, 7.5], "texture": "#0"}
			}
		},
		{
			"from": [8, -6.5, 9.75],
			"to": [9, -5.5, 10.75],
			"rotation": {"angle": 0, "axis": "y", "origin": [0, 1, 0]},
			"faces": {
				"north": {"uv": [2.5, 4.75, 3, 5.25], "texture": "#0"},
				"east": {"uv": [2.5, 4.75, 3, 5.25], "texture": "#0"},
				"south": {"uv": [2.5, 4.75, 3, 5.25], "texture": "#0"},
				"west": {"uv": [2.5, 4.75, 3, 5.25], "texture": "#0"},
				"up": {"uv": [2.5, 4.75, 3, 5], "texture": "#0"},
				"down": {"uv": [2.5, 5, 3, 5.25], "texture": "#0"}
			}
		},
		{
			"from": [8, -7, 10.75],
			"to": [9, -6, 11.25],
			"rotation": {"angle": 0, "axis": "y", "origin": [0, 1, 0]},
			"faces": {
				"north": {"uv": [3, 5, 3.25, 5.5], "texture": "#0"},
				"east": {"uv": [3, 5, 3.25, 5.5], "texture": "#0"},
				"south": {"uv": [3, 5, 3.25, 5.5], "texture": "#0"},
				"west": {"uv": [3, 5, 3.25, 5.5], "texture": "#0"},
				"up": {"uv": [3, 5, 3.25, 5.25], "texture": "#0"},
				"down": {"uv": [3, 5.25, 3.25, 5.5], "texture": "#0"}
			}
		},
		{
			"from": [8, -7, 10.25],
			"to": [9, -6.5, 10.75],
			"rotation": {"angle": 0, "axis": "y", "origin": [0, 1, 0]},
			"faces": {
				"north": {"uv": [2.75, 5.25, 3, 5.5], "texture": "#0"},
				"east": {"uv": [2.75, 5.25, 3, 5.5], "texture": "#0"},
				"south": {"uv": [2.75, 5.25, 3, 5.5], "texture": "#0"},
				"west": {"uv": [2.75, 5.25, 3, 5.5], "texture": "#0"},
				"up": {"uv": [2.75, 5.25, 3, 5.5], "texture": "#0"},
				"down": {"uv": [2.75, 5.25, 3, 5.5], "texture": "#0"}
			}
		},
		{
			"from": [8, -7.5, 11.25],
			"to": [9, -6.5, 12.25],
			"rotation": {"angle": 0, "axis": "y", "origin": [0, 1, 0]},
			"faces": {
				"north": {"uv": [3.25, 5.25, 3.75, 5.75], "texture": "#0"},
				"east": {"uv": [3.25, 5.25, 3.75, 5.75], "texture": "#0"},
				"south": {"uv": [3.25, 5.25, 3.75, 5.75], "texture": "#0"},
				"west": {"uv": [3.25, 5.25, 3.75, 5.75], "texture": "#0"},
				"up": {"uv": [3.25, 5.25, 3.75, 5.5], "texture": "#0"},
				"down": {"uv": [3.25, 5.5, 3.75, 5.75], "texture": "#0"}
			}
		},
		{
			"from": [8, -7.5, 12.25],
			"to": [9, -7, 12.75],
			"rotation": {"angle": 0, "axis": "y", "origin": [0, 1, 0]},
			"faces": {
				"north": {"uv": [3.75, 5.5, 4, 5.75], "texture": "#0"},
				"east": {"uv": [3.75, 5.5, 4, 5.75], "texture": "#0"},
				"south": {"uv": [3.75, 5.5, 4, 5.75], "texture": "#0"},
				"west": {"uv": [3.75, 5.5, 4, 5.75], "texture": "#0"},
				"up": {"uv": [3.75, 5.5, 4, 5.75], "texture": "#0"},
				"down": {"uv": [3.75, 5.5, 4, 5.75], "texture": "#0"}
			}
		},
		{
			"from": [6.75, 2.75, 1.5],
			"to": [10.25, 6.25, 1.501],
			"faces": {
				"north": {"uv": [7, 0, 0, 7], "texture": "#1"},
				"east": {"uv": [0, 0, 0, 0], "texture": "#0"},
				"south": {"uv": [0, 0, 7, 7], "texture": "#1"},
				"west": {"uv": [0, 0, 0, 0], "texture": "#0"},
				"up": {"uv": [0, 0, 0, 0], "texture": "#0"},
				"down": {"uv": [0, 0, 0, 0], "texture": "#0"}
			}
		},
		{
			"from": [6.75, 4.5, -0.25],
			"to": [10.25, 4.501, 3.25],
			"faces": {
				"north": {"uv": [0, 0, 0, 0], "texture": "#0"},
				"east": {"uv": [0, 0, 0, 0], "texture": "#0"},
				"south": {"uv": [0, 0, 0, 0], "texture": "#0"},
				"west": {"uv": [0, 0, 0, 0], "texture": "#0"},
				"up": {"uv": [0, 7, 7, 0], "texture": "#1"},
				"down": {"uv": [0, 0, 7, 7], "texture": "#1"}
			}
		},
		{
			"from": [8.5, 2.75, -0.25],
			"to": [8.501, 6.25, 3.25],
			"faces": {
				"north": {"uv": [0, 0, 0, 0], "texture": "#1"},
				"east": {"uv": [0, 0, 7, 7], "texture": "#1"},
				"south": {"uv": [0, 0, 0, 0], "texture": "#1"},
				"west": {"uv": [7, 0, 0, 7], "texture": "#1"},
				"up": {"uv": [0, 0, 0, 0], "texture": "#1"},
				"down": {"uv": [0, 0, 0, 0], "texture": "#1"}
			}
		},
		{
			"from": [7.75, 8.75, 9],
			"to": [9.25, 9.25, 9.5],
			"faces": {
				"north": {"uv": [6.25, 5, 6.5, 5.25], "texture": "#0"},
				"east": {"uv": [6.25, 5, 6.5, 5.25], "texture": "#0"},
				"south": {"uv": [6.25, 5, 6.5, 5.25], "texture": "#0"},
				"west": {"uv": [6.25, 5, 6.5, 5.25], "texture": "#0"},
				"up": {"uv": [6.25, 5, 6.5, 5.25], "texture": "#0"},
				"down": {"uv": [6.25, 5, 6.5, 5.25], "texture": "#0"}
			}
		},
		{
			"from": [7.75, 8.25, 4.5],
			"to": [9.25, 8.75, 9],
			"faces": {
				"north": {"uv": [4.5, 4.75, 4.75, 5], "texture": "#0"},
				"east": {"uv": [6.25, 5.5, 4, 5.25], "texture": "#0"},
				"south": {"uv": [5.25, 4.75, 5.5, 5], "texture": "#0"},
				"west": {"uv": [4, 5.5, 6.25, 5.25], "texture": "#0"},
				"up": {"uv": [4, 5.25, 6.25, 5.5], "rotation": 90, "texture": "#0"},
				"down": {"uv": [6.25, 5.25, 4, 5.5], "rotation": 90, "texture": "#0"}
			}
		},
		{
			"from": [7.75, 8.75, 5],
			"to": [9.25, 9.25, 8],
			"faces": {
				"north": {"uv": [4.25, 5, 4.5, 5.25], "texture": "#0"},
				"east": {"uv": [5.75, 5, 4.25, 5.25], "texture": "#0"},
				"south": {"uv": [5.5, 5, 5.75, 5.25], "texture": "#0"},
				"west": {"uv": [4.25, 5, 5.75, 5.25], "texture": "#0"},
				"up": {"uv": [4.25, 5, 5.75, 5.25], "rotation": 90, "texture": "#0"},
				"down": {"uv": [0, 0, 0.5, 0], "texture": "#0"}
			}
		},
		{
			"from": [7.75, 9.25, 5.5],
			"to": [9.25, 9.75, 7.5],
			"faces": {
				"north": {"uv": [4.5, 4.75, 4.75, 5], "texture": "#0"},
				"east": {"uv": [5.5, 4.75, 4.5, 5], "texture": "#0"},
				"south": {"uv": [5.25, 4.75, 5.5, 5], "texture": "#0"},
				"west": {"uv": [4.5, 4.75, 5.5, 5], "texture": "#0"},
				"up": {"uv": [4.5, 4.75, 5.5, 5], "rotation": 90, "texture": "#0"},
				"down": {"uv": [0, 0, 0, 0], "texture": "#0"}
			}
		},
		{
			"from": [7.75, 7.75, 5],
			"to": [9.25, 8.25, 6],
			"faces": {
				"north": {"uv": [4.25, 5.5, 4.5, 5.75], "texture": "#0"},
				"east": {"uv": [4.75, 5.75, 4.25, 5.5], "texture": "#0"},
				"south": {"uv": [4.5, 5.5, 4.75, 5.75], "texture": "#0"},
				"west": {"uv": [4.25, 5.75, 4.75, 5.5], "texture": "#0"},
				"up": {"uv": [4.25, 5.5, 4.5, 5.75], "texture": "#0"},
				"down": {"uv": [4.75, 5.5, 4.25, 5.75], "rotation": 90, "texture": "#0"}
			}
		},
		{
			"from": [7.75, 7.75, 7],
			"to": [9.25, 8.25, 8.5],
			"faces": {
				"north": {"uv": [5, 6.75, 5.75, 6.5], "texture": "#0"},
				"east": {"uv": [6, 5.75, 5.25, 5.5], "texture": "#0"},
				"south": {"uv": [4.25, 6.75, 5, 6.5], "texture": "#0"},
				"west": {"uv": [5.25, 5.75, 6, 5.5], "texture": "#0"},
				"up": {"uv": [0, 0, 0, 0], "texture": "#0"},
				"down": {"uv": [5, 6.75, 4.25, 6.5], "rotation": 90, "texture": "#0"}
			}
		},
		{
			"from": [7.75, 6.25, 7],
			"to": [7.751, 7.75, 8],
			"faces": {
				"north": {"uv": [0, 0, 0, 0], "texture": "#0"},
				"east": {"uv": [5.75, 5.75, 5.25, 6.5], "texture": "#0"},
				"south": {"uv": [0, 0, 0, 0], "texture": "#0"},
				"west": {"uv": [5.25, 5.75, 5.75, 6.5], "texture": "#0"},
				"up": {"uv": [0, 0, 0, 0], "texture": "#0"},
				"down": {"uv": [0, 0, 0, 0], "texture": "#0"}
			}
		},
		{
			"from": [9.25, 6.25, 7],
			"to": [9.251, 7.75, 8],
			"faces": {
				"north": {"uv": [0, 0, 0, 0], "texture": "#0"},
				"east": {"uv": [5.75, 5.75, 5.25, 6.5], "texture": "#0"},
				"south": {"uv": [0, 0, 0, 0], "texture": "#0"},
				"west": {"uv": [5.25, 5.75, 5.75, 6.5], "texture": "#0"},
				"up": {"uv": [0, 0, 0, 0], "texture": "#0"},
				"down": {"uv": [0, 0, 0, 0], "texture": "#0"}
			}
		},
		{
			"from": [8, 16.25, 10],
			"to": [9, 16.75, 13.5],
			"faces": {
				"north": {"uv": [13.5, 1, 13.75, 1.25], "texture": "#0"},
				"east": {"uv": [15.25, 1, 13.5, 1.25], "texture": "#0"},
				"south": {"uv": [15, 1, 15.25, 1.25], "texture": "#0"},
				"west": {"uv": [13.5, 1, 15.25, 1.25], "texture": "#0"},
				"up": {"uv": [13.5, 1, 15.25, 1.25], "rotation": 90, "texture": "#0"},
				"down": {"uv": [15.25, 1, 13.5, 1.25], "rotation": 90, "texture": "#0"}
			}
		},
		{
			"from": [8, 16.75, 10.5],
			"to": [9, 17.25, 14.5],
			"faces": {
				"north": {"uv": [13.25, 1, 13.5, 1.25], "texture": "#0"},
				"east": {"uv": [15.25, 1, 13.25, 1.25], "texture": "#0"},
				"south": {"uv": [15, 1, 15.25, 1.25], "texture": "#0"},
				"west": {"uv": [13.25, 1, 15.25, 1.25], "texture": "#0"},
				"up": {"uv": [13.25, 1, 15.25, 1.25], "rotation": 90, "texture": "#0"},
				"down": {"uv": [15.25, 1, 13.25, 1.25], "rotation": 90, "texture": "#0"}
			}
		},
		{
			"from": [8, 17.25, 11],
			"to": [9, 17.75, 15],
			"faces": {
				"north": {"uv": [13.5, 0.75, 13.75, 1], "texture": "#0"},
				"east": {"uv": [15.5, 0.75, 13.5, 1], "texture": "#0"},
				"south": {"uv": [15.25, 0.75, 15.5, 1], "texture": "#0"},
				"west": {"uv": [13.5, 0.75, 15.5, 1], "texture": "#0"},
				"up": {"uv": [13.5, 0.75, 15.5, 1], "rotation": 90, "texture": "#0"},
				"down": {"uv": [15.5, 0.75, 13.5, 1], "rotation": 90, "texture": "#0"}
			}
		},
		{
			"from": [8, 17.75, 11.5],
			"to": [9, 18.25, 15],
			"faces": {
				"north": {"uv": [13.75, 0.5, 14, 0.75], "texture": "#0"},
				"east": {"uv": [15.5, 0.5, 13.75, 0.75], "texture": "#0"},
				"south": {"uv": [15.25, 0.5, 15.5, 0.75], "texture": "#0"},
				"west": {"uv": [13.75, 0.5, 15.5, 0.75], "texture": "#0"},
				"up": {"uv": [13.75, 0.5, 15.5, 0.75], "rotation": 90, "texture": "#0"},
				"down": {"uv": [15.5, 0.5, 13.75, 0.75], "rotation": 90, "texture": "#0"}
			}
		},
		{
			"from": [8, 18.25, 12.5],
			"to": [9, 18.75, 15.5],
			"faces": {
				"north": {"uv": [14.25, 0.25, 14.5, 0.5], "texture": "#0"},
				"east": {"uv": [15.75, 0.25, 14.25, 0.5], "texture": "#0"},
				"south": {"uv": [15.5, 0.25, 15.75, 0.5], "texture": "#0"},
				"west": {"uv": [14.25, 0.25, 15.75, 0.5], "texture": "#0"},
				"up": {"uv": [14.25, 0.25, 15.75, 0.5], "rotation": 90, "texture": "#0"},
				"down": {"uv": [15.75, 0.25, 14.25, 0.5], "rotation": 90, "texture": "#0"}
			}
		},
		{
			"from": [8, 18.75, 14.5],
			"to": [9, 19.25, 16],
			"faces": {
				"north": {"uv": [15.25, 0, 16, 0.25], "texture": "#0"},
				"east": {"uv": [15.25, 0, 16, 0.25], "texture": "#0"},
				"south": {"uv": [15.25, 0, 16, 0.25], "texture": "#0"},
				"west": {"uv": [15.25, 0, 16, 0.25], "texture": "#0"},
				"up": {"uv": [15.25, 0, 16, 0.25], "texture": "#0"},
				"down": {"uv": [15.25, 0, 16, 0.25], "texture": "#0"}
			}
		}
	],
	"display": {
		"thirdperson_righthand": {
			"translation": [-1, 3.25, -0.5],
			"scale": [1.5, 1.5, 1.5]
		},
		"thirdperson_lefthand": {
			"translation": [-1, 3.25, -0.5],
			"scale": [1.5, 1.5, 1.5]
		},
		"firstperson_righthand": {
			"rotation": [5, -22, -6],
			"translation": [13, 8.5, -13],
			"scale": [2, 2, 2]
		},
		"firstperson_lefthand": {
			"rotation": [5, -22, -6],
			"translation": [13, 8.5, -13],
			"scale": [2, 2, 2]
		},
		"ground": {
			"rotation": [45, 45, 0],
			"translation": [0, 9, 0]
		},
		"gui": {
			"rotation": [-20, 160, 30],
			"translation": [1, 3.5, 0]
		},
		"fixed": {
			"rotation": [0, 90, 0],
			"translation": [0, 3, -1.5]
		}
	},
	"groups": [
		0,
		1,
		2,
		3,
		4,
		5,
		6,
		7,
		8,
		{
			"name": "upper body",
			"origin": [0, 0, 0],
			"color": 0,
			"children": [9, 10, 11, 12, 13, 14, 15, 16, 17, 18]
		},
		19,
		{
			"name": "wings",
			"origin": [8.25, 14.5, 10.5],
			"color": 0,
			"children": [20, 21, 22, 23, 24]
		},
		25,
		26,
		27,
		28,
		29,
		30,
		{
			"name": "horn",
			"origin": [8.5, 10.15381, 4.51641],
			"color": 0,
			"children": [31, 32, 33, 34]
		},
		{
			"name": "lower body",
			"origin": [0, 1, 0],
			"color": 0,
			"children": [35, 36, 37, 38, 39, 40, 41, 42, 43, 44, 45]
		},
		{
			"name": "charge",
			"origin": [0, 0, 0],
			"color": 0,
			"children": [46, 47, 48]
		},
		49,
		50,
		51,
		52,
		53,
		54,
		55,
		56,
		57,
		58,
		59,
		60,
		61,
		62
	]
}