{
	"credit": "Made with Blockbench",
	"texture_size": [32, 32],
	"textures": {
		"1": "./bag"
	},
	"elements": [
		{
			"from": [11, 1, 3],
			"to": [16, 16, 10],
			"rotation": {"angle": 0, "axis": "x", "origin": [13, 10, 11]},
			"faces": {
				"north": {"uv": [11, 3.75001, 11.5, 0], "texture": "#1"},
				"east": {"uv": [11, 6.00001, 15.5, 0], "texture": "#1"},
				"south": {"uv": [11, 0, 11.5, 0.75], "rotation": 180, "texture": "#1"},
				"west": {"uv": [11, 0, 11.5, 3.75001], "rotation": 180, "texture": "#1"},
				"up": {"uv": [15.5, 0, 15, 4.5], "rotation": 180, "texture": "#1"},
				"down": {"uv": [15.5, 0, 15, 4.45], "rotation": 180, "texture": "#1"}
			}
		},
		{
			"from": [4, 0, 3],
			"to": [11, 17, 10],
			"rotation": {"angle": 0, "axis": "x", "origin": [8, 9, 8]},
			"faces": {
				"north": {"uv": [0, 0, 5.5, 6.00001], "texture": "#1"},
				"east": {"uv": [5, 6.00001, 10, 11.99999], "texture": "#1"},
				"south": {"uv": [5.5, 0, 11, 6.00001], "texture": "#1"},
				"west": {"uv": [5, 6.00001, 0, 11.99999], "texture": "#1"},
				"up": {"uv": [0, 1.125, 5.5, 4.5], "rotation": 180, "texture": "#1"},
				"down": {"uv": [5, 6.125, 10, 9.55002], "rotation": 180, "texture": "#1"}
			}
		},
		{
			"from": [2, 2, 10.2],
			"to": [11, 10, 10.2],
			"faces": {
				"north": {"uv": [3.25, 13, 0, 16], "texture": "#1"},
				"east": {"uv": [0, 13, 0, 15], "texture": "#1"},
				"south": {"uv": [0, 13, 3.25, 16], "texture": "#1"},
				"west": {"uv": [0, 13, 0, 15], "texture": "#1"},
				"up": {"uv": [0, 13, 1.75, 13], "texture": "#1"},
				"down": {"uv": [0, 13, 1.75, 13], "texture": "#1"}
			}
		}
	],
	"display": {
		"thirdperson_righthand": {
			"rotation": [-118.58, -64.33, -98.47],
			"translation": [-0.75, -5.5, -6.5],
			"scale": [1, 1, 0.97]
		},
		"thirdperson_lefthand": {
			"rotation": [162.66, -79.17, 94.5],
			"translation": [-7.25, -9, 6.75],
			"scale": [1, 1, 0.97]
		},
		"firstperson_righthand": {
			"rotation": [-38, -53, -43]
		},
		"firstperson_lefthand": {
			"rotation": [-38, -53, -43]
		},
		"ground": {
			"rotation": [-87, 6.86, 122.48],
			"translation": [0, 2.5, 0]
		},
		"gui": {
			"rotation": [-16.84, -47.95, -2.94],
			"scale": [0.86, 0.86, 0.86]
		},
		"head": {
			"rotation": [90, 0, 0],
			"translation": [0.5, 0, 0]
		},
		"fixed": {
			"rotation": [178.98, 2.85, -121.3],
			"translation": [-2, 0, -6.25],
			"scale": [1.71, 1.71, 1.71]
		}
	}
}