{
	"credit": "Made with Blockbench",
	"textures": {
		"4": "block/true_dwayne",
		"bottom": "block/cake_bottom",
		"particle": "block/cake_side"
	},
	"elements": [
		{
			"from": [1, 0, 1],
			"to": [15, 5, 15],
			"faces": {
				"north": {"uv": [1, 11, 15, 16], "texture": "#particle"},
				"east": {"uv": [1, 11, 15, 16], "texture": "#particle"},
				"south": {"uv": [1, 11, 15, 16], "texture": "#particle"},
				"west": {"uv": [1, 11, 15, 16], "texture": "#particle"},
				"up": {"uv": [0, 0, 16, 16], "texture": "#4"},
				"down": {"uv": [9, 8, 15, 15], "texture": "#bottom"}
			}
		}
	],
	"groups": [
		{
			"name": "Торт",
			"origin": [0, 0, 0],
			"color": 0,
			"children": [0]
		}
	]
}