{
	"credit": "Made with Blockbench",
	"texture_size": [128, 128],
	"textures": {
		"1": "./chair"
	},
	"elements": [
		{
			"from": [16, 0, -2],
			"to": [18, 14, 1],
			"faces": {
				"north": {"uv": [5.83333, 10.16667, 6.16667, 12.5], "texture": "#1"},
				"east": {"uv": [0.5, 9.33333, 1, 11.66667], "texture": "#1"},
				"south": {"uv": [0.33333, 9.33333, 0.66667, 11.66667], "texture": "#1"},
				"west": {"uv": [0, 9.33333, 0.5, 11.66667], "texture": "#1"},
				"up": {"uv": [11.33333, 3, 11, 2.5], "texture": "#1"},
				"down": {"uv": [7.5, 11, 7.16667, 11.5], "texture": "#1"}
			}
		},
		{
			"from": [-3, 13, -3],
			"to": [1, 15, 14],
			"faces": {
				"north": {"uv": [10.66667, 3, 11.33333, 3.33333], "texture": "#1"},
				"east": {"uv": [9.33333, 10, 12.16667, 10.33333], "texture": "#1"},
				"south": {"uv": [3.33333, 10.83333, 4, 11.16667], "texture": "#1"},
				"west": {"uv": [2.66667, 10.16667, 5.5, 10.5], "texture": "#1"},
				"up": {"uv": [4.66667, 9.66667, 4, 6.83333], "texture": "#1"},
				"down": {"uv": [5.33333, 6.83333, 4.66667, 9.66667], "texture": "#1"}
			}
		},
		{
			"from": [0, 2, 0],
			"to": [16, 5, 16],
			"faces": {
				"north": {"uv": [8.5, 3.33333, 11.16667, 3.83333], "texture": "#1"},
				"east": {"uv": [8.5, 3.83333, 11.16667, 4.33333], "texture": "#1"},
				"south": {"uv": [8.5, 4.33333, 11.16667, 4.83333], "texture": "#1"},
				"west": {"uv": [8.5, 4.83333, 11.16667, 5.33333], "texture": "#1"},
				"up": {"uv": [8, 2.66667, 5.33333, 0], "texture": "#1"},
				"down": {"uv": [8, 2.66667, 5.33333, 5.33333], "texture": "#1"}
			}
		},
		{
			"from": [15, 13, -3],
			"to": [19, 15, 14],
			"faces": {
				"north": {"uv": [4, 10.83333, 4.66667, 11.16667], "texture": "#1"},
				"east": {"uv": [5.5, 10.16667, 2.66667, 10.5], "texture": "#1"},
				"south": {"uv": [4.66667, 10.83333, 5.33333, 11.16667], "texture": "#1"},
				"west": {"uv": [12.16667, 10, 9.33333, 10.33333], "texture": "#1"},
				"up": {"uv": [4, 9.66667, 4.66667, 6.83333], "texture": "#1"},
				"down": {"uv": [5.33333, 6.83333, 4.66667, 9.66667], "texture": "#1"}
			}
		},
		{
			"from": [0, 5, 14],
			"to": [16, 25, 18],
			"faces": {
				"north": {"uv": [0, 3.5, 2.66667, 6.83333], "texture": "#1"},
				"east": {"uv": [2.66667, 6.83333, 3.33333, 10.16667], "texture": "#1"},
				"south": {"uv": [2.66667, 3.5, 5.33333, 6.83333], "texture": "#1"},
				"west": {"uv": [3.33333, 6.83333, 4, 10.16667], "texture": "#1"},
				"up": {"uv": [9.33333, 8, 6.66667, 7.33333], "texture": "#1"},
				"down": {"uv": [10.66667, 0, 8, 0.66667], "texture": "#1"}
			}
		},
		{
			"from": [-2, 0, -2],
			"to": [0, 14, 1],
			"faces": {
				"north": {"uv": [5.5, 10.16667, 5.83333, 12.5], "texture": "#1"},
				"east": {"uv": [0, 9.33333, 0.5, 11.66667], "texture": "#1"},
				"south": {"uv": [5.83333, 10.16667, 6.16667, 12.5], "texture": "#1"},
				"west": {"uv": [0.5, 9.33333, 1, 11.66667], "texture": "#1"},
				"up": {"uv": [5.33333, 10.16667, 5, 9.66667], "texture": "#1"},
				"down": {"uv": [11.33333, 0, 11, 0.5], "texture": "#1"}
			}
		},
		{
			"from": [-2, 0, 14],
			"to": [0, 18, 17],
			"faces": {
				"north": {"uv": [2, 9.33333, 2.33333, 12.33333], "texture": "#1"},
				"east": {"uv": [8, 4.16667, 8.5, 7.16667], "texture": "#1"},
				"south": {"uv": [2.33333, 9.33333, 2.66667, 12.33333], "texture": "#1"},
				"west": {"uv": [7.16667, 8, 7.66667, 11], "texture": "#1"},
				"up": {"uv": [11.33333, 1, 11, 0.5], "texture": "#1"},
				"down": {"uv": [11.33333, 1, 11, 1.5], "texture": "#1"}
			}
		},
		{
			"from": [16, 0, 14],
			"to": [18, 18, 17],
			"faces": {
				"north": {"uv": [2.33333, 9.33333, 2, 12.33333], "texture": "#1"},
				"east": {"uv": [7.16667, 8, 7.66667, 11], "texture": "#1"},
				"south": {"uv": [2, 9.33333, 2.33333, 12.33333], "texture": "#1"},
				"west": {"uv": [8, 4.16667, 8.5, 7.16667], "texture": "#1"},
				"up": {"uv": [11.33333, 2, 11, 1.5], "texture": "#1"},
				"down": {"uv": [11.33333, 2, 11, 2.5], "texture": "#1"}
			}
		},
		{
			"from": [16, 3, 1],
			"to": [18, 7, 14],
			"faces": {
				"north": {"uv": [10.66667, 2.33333, 11, 3], "texture": "#1"},
				"east": {"uv": [8.5, 2.66667, 10.66667, 3.33333], "texture": "#1"},
				"south": {"uv": [10.66667, 10.66667, 11, 11.33333], "texture": "#1"},
				"west": {"uv": [10.66667, 2, 8.5, 2.66667], "texture": "#1"},
				"up": {"uv": [10.33333, 12.83333, 10, 10.66667], "texture": "#1"},
				"down": {"uv": [10.33333, 12.83333, 10.66667, 10.66667], "texture": "#1"}
			}
		},
		{
			"from": [-2, 3, 1],
			"to": [0, 7, 14],
			"faces": {
				"north": {"uv": [2.66667, 10.83333, 3, 11.5], "texture": "#1"},
				"east": {"uv": [8.5, 2, 10.66667, 2.66667], "texture": "#1"},
				"south": {"uv": [3, 10.83333, 3.33333, 11.5], "texture": "#1"},
				"west": {"uv": [8.5, 2.66667, 10.66667, 3.33333], "texture": "#1"},
				"up": {"uv": [10.33333, 12.83333, 10, 10.66667], "texture": "#1"},
				"down": {"uv": [10.66667, 10.66667, 10.33333, 12.83333], "texture": "#1"}
			}
		},
		{
			"from": [0, 5, -1],
			"to": [16, 8, 11],
			"faces": {
				"north": {"uv": [8.5, 5.33333, 11.16667, 5.83333], "texture": "#1", "tintindex": 0},
				"east": {"uv": [9.33333, 7.33333, 11.33333, 7.83333], "texture": "#1", "tintindex": 0},
				"south": {"uv": [8.5, 5.83333, 11.16667, 6.33333], "texture": "#1", "tintindex": 0},
				"west": {"uv": [9.33333, 9.5, 11.33333, 10], "texture": "#1", "tintindex": 0},
				"up": {"uv": [8, 7.33333, 5.33333, 5.33333], "texture": "#1", "tintindex": 0},
				"down": {"uv": [2.66667, 6.83333, 0, 8.83333], "texture": "#1", "tintindex": 0}
			}
		},
		{
			"from": [0, 7, 11],
			"to": [16, 28, 14],
			"faces": {
				"north": {"uv": [0, 0, 2.66667, 3.5], "texture": "#1", "tintindex": 0},
				"east": {"uv": [8, 0.66667, 8.5, 4.16667], "texture": "#1", "tintindex": 0},
				"south": {"uv": [2.66667, 0, 5.33333, 3.5], "texture": "#1", "tintindex": 0},
				"west": {"uv": [6.66667, 8, 7.16667, 11.5], "texture": "#1", "tintindex": 0},
				"up": {"uv": [11.16667, 6.83333, 8.5, 6.33333], "texture": "#1", "tintindex": 0},
				"down": {"uv": [11.16667, 6.83333, 8.5, 7.33333], "texture": "#1", "tintindex": 0}
			}
		},
		{
			"from": [0, 25, 14],
			"to": [16, 28, 17],
			"faces": {
				"north": {"uv": [8.66667, 8, 11.33333, 8.5], "texture": "#1", "tintindex": 0},
				"east": {"uv": [4, 9.66667, 4.5, 10.16667], "texture": "#1", "tintindex": 0},
				"south": {"uv": [8.66667, 8.5, 11.33333, 9], "texture": "#1", "tintindex": 0},
				"west": {"uv": [4.5, 9.66667, 5, 10.16667], "texture": "#1", "tintindex": 0},
				"up": {"uv": [2.66667, 9.33333, 0, 8.83333], "texture": "#1", "tintindex": 0},
				"down": {"uv": [11.33333, 9, 8.66667, 9.5], "texture": "#1", "tintindex": 0}
			}
		}
	],
	"display": {
		"thirdperson_righthand": {
			"rotation": [75, 45, 0],
			"translation": [0, 2.5, 0],
			"scale": [0.375, 0.375, 0.375]
		},
		"thirdperson_lefthand": {
			"rotation": [75, 45, 0],
			"translation": [0, 2.5, 0],
			"scale": [0.375, 0.375, 0.375]
		},
		"firstperson_righthand": {
			"rotation": [0, 45, 0],
			"scale": [0.4, 0.4, 0.4]
		},
		"firstperson_lefthand": {
			"rotation": [0, 45, 0],
			"scale": [0.4, 0.4, 0.4]
		},
		"ground": {
			"translation": [0, -2.25, 0],
			"scale": [0.2, 0.2, 0.2]
		},
		"gui": {
			"rotation": [30, 225, 0],
			"translation": [0, -2.25, 0],
			"scale": [0.4, 0.4, 0.4]
		},
		"head": {
			"translation": [0, 8, 0],
			"scale": [0.2, 0.2, 0.2]
		},
		"fixed": {
			"rotation": [-180, 0, -180],
			"translation": [0, 0.25, 17.975],
			"scale": [2.01, 2.01, 2.01]
		}
	},
	"groups": [
		{
			"name": "group",
			"origin": [0, 0, 0],
			"color": 0,
			"children": [0, 1, 2, 3, 4, 5, 6, 7, 8, 9]
		},
		{
			"name": "color",
			"origin": [8, 8, 8],
			"color": 0,
			"children": [10, 11, 12]
		}
	]
}