{
	"credit": "Made by Raycifer",
	"textures": {
		"0": "./mistsplitter_reforged"
	},
	"elements": [
		{
			"from": [8, 4.5, 6.75],
			"to": [8.001, 20.5, 9.75],
			"faces": {
				"north": {"uv": [0, 0, 0, 0], "texture": "#0"},
				"east": {"uv": [3, 0, 0, 16], "texture": "#0"},
				"south": {"uv": [0, 0, 0, 0], "texture": "#0"},
				"west": {"uv": [0, 0, 3, 16], "texture": "#0"},
				"up": {"uv": [0, 0, 0, 0], "texture": "#0"},
				"down": {"uv": [0, 0, 0, 0], "texture": "#0"}
			}
		},
		{
			"from": [8, 1, 9.25],
			"to": [8.001, 5, 11.25],
			"faces": {
				"north": {"uv": [0, 0, 0, 0], "texture": "#0"},
				"east": {"uv": [7, 0, 5, 4], "texture": "#0"},
				"south": {"uv": [0, 0, 0, 0], "texture": "#0"},
				"west": {"uv": [5, 0, 7, 4], "texture": "#0"},
				"up": {"uv": [0, 0, 0, 0], "texture": "#0"},
				"down": {"uv": [0, 0, 0, 0], "texture": "#0"}
			}
		},
		{
			"from": [8, 1.8, 4.75],
			"to": [8.001, 4.8, 6.75],
			"rotation": {"angle": 22.5, "axis": "x", "origin": [8, 3.25, 5.75]},
			"faces": {
				"north": {"uv": [0, 0, 0, 0], "texture": "#0"},
				"east": {"uv": [5, 0, 3, 3], "texture": "#0"},
				"south": {"uv": [0, 0, 0, 0], "texture": "#0"},
				"west": {"uv": [3, 0, 5, 3], "texture": "#0"},
				"up": {"uv": [0, 0, 0, 0], "texture": "#0"},
				"down": {"uv": [0, 0, 0, 0], "texture": "#0"}
			}
		},
		{
			"from": [7.5, 1.25, 5.25],
			"to": [8.5, 1.75, 7.25],
			"rotation": {"angle": -22.5, "axis": "x", "origin": [8, 1.75, 6.25]},
			"faces": {
				"north": {"uv": [7.5, 8, 8, 8.5], "texture": "#0"},
				"east": {"uv": [9.5, 8, 7.5, 8.5], "texture": "#0"},
				"south": {"uv": [9, 8, 9.5, 8.5], "texture": "#0"},
				"west": {"uv": [7.5, 8, 9.5, 8.5], "texture": "#0"},
				"up": {"uv": [7.5, 8, 9.5, 8.5], "rotation": 90, "texture": "#0"},
				"down": {"uv": [9.5, 8, 7.5, 8.5], "rotation": 90, "texture": "#0"}
			}
		},
		{
			"from": [7.5, 1.75, 5.75],
			"to": [8.5, 2.25, 6.75],
			"rotation": {"angle": -22.5, "axis": "x", "origin": [8, 1.75, 6.25]},
			"faces": {
				"north": {"uv": [8, 7.5, 8.5, 8], "texture": "#0"},
				"east": {"uv": [9, 7.5, 8, 8], "texture": "#0"},
				"south": {"uv": [8.5, 7.5, 9, 8], "texture": "#0"},
				"west": {"uv": [8, 7.5, 9, 8], "texture": "#0"},
				"up": {"uv": [8, 7.5, 9, 8], "rotation": 90, "texture": "#0"},
				"down": {"uv": [9, 7.5, 8, 8], "rotation": 90, "texture": "#0"}
			}
		},
		{
			"from": [7, 1.25, 7],
			"to": [9, 1.251, 9],
			"faces": {
				"north": {"uv": [0, 0, 0, 0], "texture": "#0"},
				"east": {"uv": [0, 0, 0, 0], "texture": "#0"},
				"south": {"uv": [0, 0, 0, 0], "texture": "#0"},
				"west": {"uv": [0, 0, 0, 0], "texture": "#0"},
				"up": {"uv": [5, 4, 3, 6], "rotation": 90, "texture": "#0"},
				"down": {"uv": [3, 4, 5, 6], "rotation": 90, "texture": "#0"}
			}
		},
		{
			"from": [7.25, 2, 8.75],
			"to": [8.75, 4.5, 9.25],
			"faces": {
				"north": {"uv": [4.5, 9.5, 6, 12], "texture": "#0"},
				"east": {"uv": [5.5, 6.5, 6, 9], "texture": "#0"},
				"south": {"uv": [4.5, 9.5, 6, 12], "texture": "#0"},
				"west": {"uv": [5.5, 6.5, 6, 9], "texture": "#0"},
				"up": {"uv": [5.5, 6.5, 6, 7], "texture": "#0"},
				"down": {"uv": [4.5, 11.5, 6, 12], "texture": "#0"}
			}
		},
		{
			"from": [7.25, 2.5, 9.25],
			"to": [8.75, 4, 9.75],
			"faces": {
				"north": {"uv": [6, 7, 6.5, 8.5], "texture": "#0"},
				"east": {"uv": [6, 7, 6.5, 8.5], "texture": "#0"},
				"south": {"uv": [6, 7, 6.5, 8.5], "texture": "#0"},
				"west": {"uv": [6, 7, 6.5, 8.5], "texture": "#0"},
				"up": {"uv": [6, 7, 6.5, 7.5], "texture": "#0"},
				"down": {"uv": [6, 8, 6.5, 8.5], "texture": "#0"}
			}
		},
		{
			"from": [7.25, 1.5, 7.25],
			"to": [8.75, 2.5, 8.75],
			"faces": {
				"north": {"uv": [4.5, 12, 6, 13], "texture": "#0"},
				"east": {"uv": [5.5, 6, 4, 7], "texture": "#0"},
				"south": {"uv": [4.5, 13, 6, 14], "texture": "#0"},
				"west": {"uv": [4, 6, 5.5, 7], "texture": "#0"},
				"up": {"uv": [3, 9.5, 4.5, 11], "rotation": 90, "texture": "#0"},
				"down": {"uv": [3, 11, 4.5, 12.5], "rotation": 270, "texture": "#0"}
			}
		},
		{
			"from": [7.25, 4, 7.25],
			"to": [8.75, 5, 8.75],
			"faces": {
				"north": {"uv": [4.5, 12, 6, 13], "texture": "#0"},
				"east": {"uv": [5.5, 6, 4, 7], "texture": "#0"},
				"south": {"uv": [4.5, 13, 6, 14], "texture": "#0"},
				"west": {"uv": [4, 6, 5.5, 7], "texture": "#0"},
				"up": {"uv": [3, 9.5, 4.5, 11], "rotation": 90, "texture": "#0"},
				"down": {"uv": [3, 11, 4.5, 12.5], "rotation": 270, "texture": "#0"}
			}
		},
		{
			"from": [7.25, 2, 6.75],
			"to": [8.75, 4.5, 7.25],
			"faces": {
				"north": {"uv": [3.5, 6.5, 4, 9], "texture": "#0"},
				"east": {"uv": [3.5, 6.5, 4, 9], "texture": "#0"},
				"south": {"uv": [6, 9, 7.5, 11.5], "texture": "#0"},
				"west": {"uv": [3.5, 6.5, 4, 9], "texture": "#0"},
				"up": {"uv": [3.5, 6.5, 4, 7], "texture": "#0"},
				"down": {"uv": [3.5, 8.5, 4, 9], "texture": "#0"}
			}
		},
		{
			"from": [7.25, 2.5, 6.25],
			"to": [8.75, 4, 6.75],
			"faces": {
				"north": {"uv": [3, 7, 3.5, 8.5], "texture": "#0"},
				"east": {"uv": [3, 7, 3.5, 8.5], "texture": "#0"},
				"south": {"uv": [0, 0, 0, 0], "texture": "#0"},
				"west": {"uv": [3, 7, 3.5, 8.5], "texture": "#0"},
				"up": {"uv": [3, 7, 3.5, 7.5], "texture": "#0"},
				"down": {"uv": [3, 8, 3.5, 8.5], "texture": "#0"}
			}
		},
		{
			"from": [7.75, 4.5, 8.75],
			"to": [8.25, 5.5, 9.25],
			"faces": {
				"north": {"uv": [7, 7.5, 7.5, 8.5], "texture": "#0"},
				"east": {"uv": [7, 7.5, 7.5, 8.5], "texture": "#0"},
				"south": {"uv": [1.5, 14, 2, 15], "texture": "#0"},
				"west": {"uv": [7, 7.5, 7.5, 8.5], "texture": "#0"},
				"up": {"uv": [1.5, 14, 2, 14.5], "texture": "#0"},
				"down": {"uv": [0, 0, 0, 0], "texture": "#0"}
			}
		},
		{
			"from": [7.75, 2.5, 8.25],
			"to": [8.25, 3, 8.75],
			"faces": {
				"north": {"uv": [7.5, 5, 8, 5.5], "texture": "#0"},
				"east": {"uv": [6, 5, 6.5, 5.5], "texture": "#0"},
				"south": {"uv": [7.5, 5, 8, 5.5], "texture": "#0"},
				"west": {"uv": [6, 5, 6.5, 5.5], "texture": "#0"},
				"up": {"uv": [7.5, 5, 8, 5.5], "texture": "#0"},
				"down": {"uv": [7.5, 5, 8, 5.5], "texture": "#0"}
			}
		},
		{
			"from": [7.75, 3, 7.25],
			"to": [8.25, 3.5, 7.75],
			"faces": {
				"north": {"uv": [6.5, 4.5, 7, 5], "texture": "#0"},
				"east": {"uv": [5, 4.5, 5.5, 5], "texture": "#0"},
				"south": {"uv": [6.5, 4.5, 7, 5], "texture": "#0"},
				"west": {"uv": [5, 4.5, 5.5, 5], "texture": "#0"},
				"up": {"uv": [6.5, 4.5, 7, 5], "texture": "#0"},
				"down": {"uv": [6.5, 4.5, 7, 5], "texture": "#0"}
			}
		},
		{
			"from": [7.75, 3, 7.75],
			"to": [8.25, 4, 8.25],
			"faces": {
				"north": {"uv": [7, 4, 7.5, 5], "texture": "#0"},
				"east": {"uv": [5.5, 4, 6, 5], "texture": "#0"},
				"south": {"uv": [7, 4, 7.5, 5], "texture": "#0"},
				"west": {"uv": [5.5, 4, 6, 5], "texture": "#0"},
				"up": {"uv": [7, 4, 7.5, 4.5], "texture": "#0"},
				"down": {"uv": [7, 4.5, 7.5, 5], "texture": "#0"}
			}
		},
		{
			"name": "handle",
			"from": [7.5, -4.5, 7.5],
			"to": [8.5, 1.5, 8.5],
			"faces": {
				"north": {"uv": [7.5, 9.5, 8, 15.5], "texture": "#0"},
				"east": {"uv": [9, 9.5, 8, 15.5], "texture": "#0"},
				"south": {"uv": [8.5, 9.5, 9, 15.5], "texture": "#0"},
				"west": {"uv": [8, 9.5, 9, 15.5], "texture": "#0"},
				"up": {"uv": [0, 0, 0, 0], "texture": "#0"},
				"down": {"uv": [8.5, 15, 9, 15.5], "texture": "#0"}
			}
		}
	],
	"display": {
		"thirdperson_righthand": {
			"translation": [0, 12.5, 0.25],
			"scale": [1.5, 1.5, 1.5]
		},
		"thirdperson_lefthand": {
			"translation": [0, 12.5, 0.25],
			"scale": [1.5, 1.5, 1.5]
		},
		"firstperson_righthand": {
			"rotation": [0, 0, 10],
			"translation": [9, 5, -9],
			"scale": [2, 2, 2]
		},
		"firstperson_lefthand": {
			"rotation": [0, 0, 10],
			"translation": [9, 5, -9],
			"scale": [2, 2, 2]
		},
		"ground": {
			"rotation": [45, -45, 45],
			"translation": [0, 6, 0]
		},
		"gui": {
			"rotation": [45, 45, -45],
			"translation": [0, 1, 0]
		},
		"fixed": {
			"rotation": [0, 90, 0],
			"translation": [0, 0, -1]
		}
	},
	"groups": [
		0,
		1,
		2,
		{
			"name": "handguard",
			"origin": [0, 0, 0],
			"color": 0,
			"children": [
				3,
				4,
				5,
				6,
				7,
				8,
				9,
				10,
				11,
				12,
				{
					"name": "emblem",
					"origin": [0, 0, 0],
					"color": 0,
					"children": [13, 14, 15]
				}
			]
		},
		16
	]
}