{
	"credit": "Made with Blockbench",
	"textures": {
		"1": "./winrar"
	},
	"elements": [
		{
			"from": [3, 1, 4],
			"to": [13, 4, 4],
			"rotation": {"angle": 0, "axis": "y", "origin": [15, 2, 15]},
			"faces": {
				"north": {"uv": [5, 3.5, 10, 5], "rotation": 180, "texture": "#1"},
				"east": {"uv": [5, 2, 5, 3.5], "rotation": 180, "texture": "#1"},
				"south": {"uv": [10, 3.5, 5, 5], "rotation": 180, "texture": "#1"},
				"west": {"uv": [5, 2, 5, 3.5], "rotation": 180, "texture": "#1"},
				"up": {"uv": [10, 2, 5, 2], "texture": "#1"},
				"down": {"uv": [10, 2, 5, 2], "texture": "#1"}
			}
		},
		{
			"from": [7, -5.5, 11],
			"to": [9, 4.2, 11],
			"rotation": {"angle": 0, "axis": "y", "origin": [15, 2, 15]},
			"faces": {
				"north": {"uv": [0, 11, 1, 15.5], "rotation": 180, "texture": "#1"},
				"east": {"uv": [0, 11, 0, 15.5], "rotation": 180, "texture": "#1"},
				"south": {"uv": [1, 11, 0, 15.5], "rotation": 180, "texture": "#1"},
				"west": {"uv": [0, 11, 0, 15.5], "rotation": 180, "texture": "#1"},
				"up": {"uv": [1, 11, 0, 11], "texture": "#1"},
				"down": {"uv": [1, 11, 0, 11], "texture": "#1"}
			}
		},
		{
			"from": [4, -2.1, 4.1],
			"to": [12, 0.8, 10],
			"rotation": {"angle": 0, "axis": "y", "origin": [15, 2, 15]},
			"faces": {
				"north": {"uv": [4, 6.5, 8, 8], "rotation": 180, "texture": "#1"},
				"east": {"uv": [4, 8, 7, 9.5], "rotation": 180, "texture": "#1"},
				"south": {"uv": [4, 5, 8, 6.5], "rotation": 180, "texture": "#1"},
				"west": {"uv": [4, 9.5, 7, 11], "rotation": 180, "texture": "#1"},
				"up": {"uv": [4, 8, 0, 11], "texture": "#1"},
				"down": {"uv": [4, 8, 0, 5], "texture": "#1"}
			}
		},
		{
			"from": [7, -5.5, 3.9],
			"to": [9, -5.5, 11],
			"rotation": {"angle": 0, "axis": "y", "origin": [15, 2, 15]},
			"faces": {
				"north": {"uv": [1, 11, 2, 11], "rotation": 180, "texture": "#1"},
				"east": {"uv": [1, 11, 4.5, 11], "rotation": 180, "texture": "#1"},
				"south": {"uv": [1, 11, 2, 11], "rotation": 180, "texture": "#1"},
				"west": {"uv": [1, 11, 4.5, 11], "rotation": 180, "texture": "#1"},
				"up": {"uv": [2, 11, 1, 14.5], "texture": "#1"},
				"down": {"uv": [2, 14.5, 1, 11], "texture": "#1"}
			}
		},
		{
			"from": [7, 4.2, 3.9],
			"to": [9, 4.2, 11],
			"rotation": {"angle": 0, "axis": "y", "origin": [15, 2, 15]},
			"faces": {
				"north": {"uv": [1, 11, 2, 11], "rotation": 180, "texture": "#1"},
				"east": {"uv": [1, 11, 4.5, 11], "rotation": 180, "texture": "#1"},
				"south": {"uv": [1, 11, 2, 11], "rotation": 180, "texture": "#1"},
				"west": {"uv": [1, 11, 4.5, 11], "rotation": 180, "texture": "#1"},
				"up": {"uv": [2, 11, 1, 14.5], "texture": "#1"},
				"down": {"uv": [2, 14.5, 1, 11], "texture": "#1"}
			}
		},
		{
			"from": [6, -2, 3.6],
			"to": [10, 1, 3.6],
			"rotation": {"angle": 0, "axis": "y", "origin": [15, 2, 15]},
			"faces": {
				"north": {"uv": [8, 5, 10, 6.5], "rotation": 180, "texture": "#1"},
				"east": {"uv": [0, 0, 0, 1.5], "rotation": 180, "texture": "#1"},
				"south": {"uv": [8, 5, 10, 6.5], "rotation": 180, "texture": "#1"},
				"west": {"uv": [8, 5, 8, 6.5], "rotation": 180, "texture": "#1"},
				"up": {"uv": [10, 5, 8, 5], "texture": "#1"},
				"down": {"uv": [10, 5, 8, 5], "texture": "#1"}
			}
		},
		{
			"from": [7, -5.5, 3.9],
			"to": [9, 4.2, 3.9],
			"rotation": {"angle": 0, "axis": "y", "origin": [15, 2, 15]},
			"faces": {
				"north": {"uv": [0, 11, 1, 15.5], "rotation": 180, "texture": "#1"},
				"east": {"uv": [0, 11, 0, 15.5], "rotation": 180, "texture": "#1"},
				"south": {"uv": [0, 11, 1, 15.5], "rotation": 180, "texture": "#1"},
				"west": {"uv": [0, 11, 0, 15.5], "rotation": 180, "texture": "#1"},
				"up": {"uv": [1, 11, 0, 11], "texture": "#1"},
				"down": {"uv": [1, 11, 0, 11], "texture": "#1"}
			}
		},
		{
			"from": [3, 4, 4],
			"to": [13, 4, 11],
			"rotation": {"angle": 0, "axis": "y", "origin": [15, 2, 15]},
			"faces": {
				"north": {"uv": [5, 0, 10, 0], "rotation": 180, "texture": "#1"},
				"east": {"uv": [5, 0, 8.5, 0], "rotation": 180, "texture": "#1"},
				"south": {"uv": [5, 0, 10, 0], "rotation": 180, "texture": "#1"},
				"west": {"uv": [5, 0, 8.5, 0], "rotation": 180, "texture": "#1"},
				"up": {"uv": [10, 0, 5, 3.5], "texture": "#1"},
				"down": {"uv": [10, 3.5, 5, 0], "texture": "#1"}
			}
		},
		{
			"from": [3, 1, 4],
			"to": [13, 1, 11],
			"rotation": {"angle": 0, "axis": "y", "origin": [15, 2, 15]},
			"faces": {
				"north": {"uv": [5, 0, 10, 0], "rotation": 180, "texture": "#1"},
				"east": {"uv": [5, 0, 8.5, 0], "rotation": 180, "texture": "#1"},
				"south": {"uv": [5, 0, 10, 0], "rotation": 180, "texture": "#1"},
				"west": {"uv": [5, 0, 8.5, 0], "rotation": 180, "texture": "#1"},
				"up": {"uv": [10, 0, 5, 3.5], "texture": "#1"},
				"down": {"uv": [10, 3.5, 5, 0], "texture": "#1"}
			}
		},
		{
			"from": [4, 1.1, 4.1],
			"to": [12, 4, 10],
			"rotation": {"angle": 0, "axis": "y", "origin": [15, 2, 15]},
			"faces": {
				"north": {"uv": [4, 6.5, 8, 8], "rotation": 180, "texture": "#1"},
				"east": {"uv": [4, 8, 7, 9.5], "rotation": 180, "texture": "#1"},
				"south": {"uv": [4, 5, 8, 6.5], "rotation": 180, "texture": "#1"},
				"west": {"uv": [4, 9.5, 7, 11], "rotation": 180, "texture": "#1"},
				"up": {"uv": [4, 8, 0, 11], "texture": "#1"},
				"down": {"uv": [4, 8, 0, 5], "texture": "#1"}
			}
		},
		{
			"from": [0, 0.9, 8],
			"to": [9, 0.9, 13],
			"rotation": {"angle": -22.5, "axis": "y", "origin": [15, 2, 15]},
			"faces": {
				"north": {"uv": [2, 11, 7, 11], "rotation": 180, "texture": "#1"},
				"east": {"uv": [2, 11, 5.5, 11], "rotation": 180, "texture": "#1"},
				"south": {"uv": [2, 11, 7, 11], "rotation": 180, "texture": "#1"},
				"west": {"uv": [2, 11, 5.5, 11], "rotation": 180, "texture": "#1"},
				"up": {"uv": [7, 11, 2, 14.5], "texture": "#1"},
				"down": {"uv": [7, 14.5, 2, 11], "texture": "#1"}
			}
		},
		{
			"from": [3, -2.2, 4],
			"to": [13, 0.8, 4],
			"rotation": {"angle": 0, "axis": "y", "origin": [15, 2, 15]},
			"faces": {
				"north": {"uv": [10, 3.5, 15, 5], "rotation": 180, "texture": "#1"},
				"east": {"uv": [10, 2, 10, 3.5], "rotation": 180, "texture": "#1"},
				"south": {"uv": [15, 3.5, 10, 5], "rotation": 180, "texture": "#1"},
				"west": {"uv": [10, 2, 10, 3.5], "rotation": 180, "texture": "#1"},
				"up": {"uv": [15, 2, 10, 2], "texture": "#1"},
				"down": {"uv": [15, 2, 10, 2], "texture": "#1"}
			}
		},
		{
			"from": [3, 0.8, 4],
			"to": [13, 0.8, 11],
			"rotation": {"angle": 0, "axis": "y", "origin": [15, 2, 15]},
			"faces": {
				"north": {"uv": [10, 0, 15, 0], "rotation": 180, "texture": "#1"},
				"east": {"uv": [10, 0, 13.5, 0], "rotation": 180, "texture": "#1"},
				"south": {"uv": [10, 0, 15, 0], "rotation": 180, "texture": "#1"},
				"west": {"uv": [10, 0, 13.5, 0], "rotation": 180, "texture": "#1"},
				"up": {"uv": [15, 0, 10, 3.5], "texture": "#1"},
				"down": {"uv": [15, 3.5, 10, 0], "texture": "#1"}
			}
		},
		{
			"from": [3, -2.2, 4],
			"to": [13, -2.2, 11],
			"rotation": {"angle": 0, "axis": "y", "origin": [15, 2, 15]},
			"faces": {
				"north": {"uv": [10, 0, 15, 0], "rotation": 180, "texture": "#1"},
				"east": {"uv": [10, 0, 13.5, 0], "rotation": 180, "texture": "#1"},
				"south": {"uv": [10, 0, 15, 0], "rotation": 180, "texture": "#1"},
				"west": {"uv": [10, 0, 13.5, 0], "rotation": 180, "texture": "#1"},
				"up": {"uv": [15, 0, 10, 3.5], "texture": "#1"},
				"down": {"uv": [15, 3.5, 10, 0], "texture": "#1"}
			}
		},
		{
			"from": [3, -5.4, 4],
			"to": [13, -5.4, 11],
			"rotation": {"angle": 0, "axis": "y", "origin": [15, 2, 15]},
			"faces": {
				"north": {"uv": [0, 0, 5, 0], "rotation": 180, "texture": "#1"},
				"east": {"uv": [0, 0, 3.5, 0], "rotation": 180, "texture": "#1"},
				"south": {"uv": [0, 0, 5, 0], "rotation": 180, "texture": "#1"},
				"west": {"uv": [0, 0, 3.5, 0], "rotation": 180, "texture": "#1"},
				"up": {"uv": [5, 0, 0, 3.5], "texture": "#1"},
				"down": {"uv": [5, 3.5, 0, 0], "texture": "#1"}
			}
		},
		{
			"from": [3, -5.4, 4],
			"to": [13, -2.4, 4],
			"rotation": {"angle": 0, "axis": "y", "origin": [15, 2, 15]},
			"faces": {
				"north": {"uv": [0, 3.5, 5, 5], "rotation": 180, "texture": "#1"},
				"east": {"uv": [0, 3.5, 0, 5], "rotation": 180, "texture": "#1"},
				"south": {"uv": [5, 3.5, 0, 5], "rotation": 180, "texture": "#1"},
				"west": {"uv": [0, 3.5, 0, 5], "rotation": 180, "texture": "#1"},
				"up": {"uv": [5, 4, 0, 4], "texture": "#1"},
				"down": {"uv": [5, 4, 0, 4], "texture": "#1"}
			}
		},
		{
			"from": [4, -5.3, 4.1],
			"to": [12, -2.4, 10],
			"rotation": {"angle": 0, "axis": "y", "origin": [15, 2, 15]},
			"faces": {
				"north": {"uv": [4, 6.5, 8, 8], "rotation": 180, "texture": "#1"},
				"east": {"uv": [4, 8, 7, 9.5], "rotation": 180, "texture": "#1"},
				"south": {"uv": [4, 5, 8, 6.5], "rotation": 180, "texture": "#1"},
				"west": {"uv": [4, 9.5, 7, 11], "rotation": 180, "texture": "#1"},
				"up": {"uv": [4, 8, 0, 11], "texture": "#1"},
				"down": {"uv": [4, 8, 0, 5], "texture": "#1"}
			}
		},
		{
			"from": [3, -2.39, 4],
			"to": [13, -2.39, 11],
			"rotation": {"angle": 0, "axis": "y", "origin": [15, 2, 15]},
			"faces": {
				"north": {"uv": [0, 0, 5, 0], "rotation": 180, "texture": "#1"},
				"east": {"uv": [0, 0, 3.5, 0], "rotation": 180, "texture": "#1"},
				"south": {"uv": [0, 0, 5, 0], "rotation": 180, "texture": "#1"},
				"west": {"uv": [0, 0, 3.5, 0], "rotation": 180, "texture": "#1"},
				"up": {"uv": [5, 0, 0, 3.5], "texture": "#1"},
				"down": {"uv": [5, 3.5, 0, 0], "texture": "#1"}
			}
		},
		{
			"from": [8.2, -2.3, 2],
			"to": [17.2, -2.3, 8],
			"rotation": {"angle": 22.5, "axis": "y", "origin": [15, 2, 15]},
			"faces": {
				"north": {"uv": [2, 11, 7, 11], "rotation": 180, "texture": "#1"},
				"east": {"uv": [2, 11, 5.5, 11], "rotation": 180, "texture": "#1"},
				"south": {"uv": [2, 11, 7, 11], "rotation": 180, "texture": "#1"},
				"west": {"uv": [2, 11, 5.5, 11], "rotation": 180, "texture": "#1"},
				"up": {"uv": [7, 11, 2, 14.5], "texture": "#1"},
				"down": {"uv": [7, 14.5, 2, 11], "texture": "#1"}
			}
		}
	],
	"display": {
		"thirdperson_righthand": {
			"rotation": [0, 0, 180],
			"translation": [-0.25, -3.25, 0.25],
			"scale": [0.8, 0.8, 0.8]
		},
		"thirdperson_lefthand": {
			"rotation": [0, 0, 180],
			"translation": [0, -3.25, 0.25],
			"scale": [0.8, 0.8, 0.8]
		},
		"firstperson_righthand": {
			"rotation": [-6, 138, 180],
			"translation": [-0.75, -5.25, 0]
		},
		"firstperson_lefthand": {
			"rotation": [-36, 117, -157],
			"translation": [-0.75, -5.25, 3.5]
		},
		"ground": {
			"rotation": [0, 0, 180],
			"translation": [0, -6, 0]
		},
		"gui": {
			"rotation": [30, 132, 180],
			"translation": [0.75, -7.5, 0]
		},
		"head": {
			"rotation": [-180, 180, 0],
			"translation": [0, 1.5, -0.25],
			"scale": [1.25, 1.25, 1.25]
		},
		"fixed": {
			"rotation": [90, 0, 0],
			"translation": [0.25, 0.25, 7.5],
			"scale": [1.8, 1.8, 1.8]
		}
	},
	"groups": [
		{
			"name": "group",
			"origin": [8, 8, 8],
			"color": 0,
			"children": [
				0,
				1,
				2,
				3,
				4,
				5,
				6,
				7,
				8,
				{
					"name": "group",
					"origin": [8, 8, 8],
					"color": 0,
					"children": [9]
				},
				10,
				{
					"name": "group",
					"origin": [0, 0, 0],
					"color": 0,
					"children": [11, 12, 13]
				},
				{
					"name": "group",
					"origin": [8, 8, 8],
					"color": 0,
					"children": [14, 15, 16, 17, 18]
				}
			]
		}
	]
}