{
	"credit": "Made with Blockbench",
	"texture_size": [64, 64],
	"textures": {
		"0": "./mojito",
		"particle": "./mojito"
	},
	"elements": [
		{
			"from": [7.5, 0, 7],
			"to": [8.5, 17.8, 9],
			"rotation": {"angle": 0, "axis": "y", "origin": [7.9125, 7.67462, 8.44107]},
			"faces": {
				"north": {"uv": [4.75, 0, 5, 4.5], "texture": "#0"},
				"east": {"uv": [1.25, 2.5, 1.75, 7], "texture": "#0"},
				"south": {"uv": [4.75, 4.5, 5, 9], "texture": "#0"},
				"west": {"uv": [1.75, 2.625, 2.25, 7.125], "texture": "#0"},
				"up": {"uv": [5.75, 0.5, 5.5, 0], "texture": "#0"},
				"down": {"uv": [5.75, 0.5, 5.5, 1], "texture": "#0"}
			}
		},
		{
			"from": [7.4, 13.42168, 3.1334],
			"to": [8.4, 20.42168, 5.1334],
			"rotation": {"angle": 22.5, "axis": "x", "origin": [7.9125, 7.67462, 8.44107]},
			"faces": {
				"north": {"uv": [1, 5, 1.25, 6.75], "texture": "#0"},
				"east": {"uv": [0, 5, 0.5, 6.75], "texture": "#0"},
				"south": {"uv": [3.25, 5, 3.5, 6.75], "texture": "#0"},
				"west": {"uv": [5, 0, 5.5, 1.75], "texture": "#0"},
				"up": {"uv": [5.75, 1.5, 5.5, 1], "texture": "#0"},
				"down": {"uv": [5.75, 1.5, 5.5, 2], "texture": "#0"}
			}
		},
		{
			"from": [7.65, -7.63231, 2.27678],
			"to": [9.65, 2.36769, 7.27678],
			"rotation": {"angle": -22.5, "axis": "x", "origin": [7.9125, 7.67462, 8.44107]},
			"faces": {
				"north": {"uv": [2.75, 2.5, 3.25, 5], "texture": "#0"},
				"east": {"uv": [0, 0, 1.25, 2.5], "texture": "#0"},
				"south": {"uv": [3.25, 2.5, 3.75, 5], "texture": "#0"},
				"west": {"uv": [1.25, 0, 2.5, 2.5], "texture": "#0"},
				"up": {"uv": [1, 6.25, 0.5, 5], "texture": "#0"},
				"down": {"uv": [5.5, 1.75, 5, 3], "texture": "#0"}
			}
		},
		{
			"from": [7.9, -9.91332, 9.33156],
			"to": [9.4, 0.08668, 14.33156],
			"rotation": {"angle": 22.5, "axis": "x", "origin": [7.9125, 7.67462, 8.44107]},
			"faces": {
				"north": {"uv": [3.75, 0, 4.25, 2.5], "texture": "#0"},
				"east": {"uv": [0, 2.5, 1.25, 5], "texture": "#0"},
				"south": {"uv": [3.75, 2.5, 4.25, 5], "texture": "#0"},
				"west": {"uv": [2.5, 0, 3.75, 2.5], "texture": "#0"},
				"up": {"uv": [3.25, 6.25, 2.75, 5], "texture": "#0"},
				"down": {"uv": [5.5, 3, 5, 4.25], "texture": "#0"}
			}
		},
		{
			"from": [7.5, -1, 6.5],
			"to": [8.5, 0, 9.5],
			"rotation": {"angle": 0, "axis": "y", "origin": [7.9125, 7.67462, 8.44107]},
			"faces": {
				"north": {"uv": [5.5, 2, 5.75, 2.25], "texture": "#0"},
				"east": {"uv": [3.5, 5, 4.25, 5.25], "texture": "#0"},
				"south": {"uv": [5.5, 2.25, 5.75, 2.5], "texture": "#0"},
				"west": {"uv": [5, 4.25, 5.75, 4.5], "texture": "#0"},
				"up": {"uv": [4.5, 5.75, 4.25, 5], "texture": "#0"},
				"down": {"uv": [4.75, 5, 4.5, 5.75], "texture": "#0"}
			}
		},
		{
			"from": [7.5, -3, 6.5],
			"to": [8.5, -2, 9.5],
			"rotation": {"angle": 0, "axis": "y", "origin": [7.9125, 7.67462, 8.44107]},
			"faces": {
				"north": {"uv": [5.5, 2.5, 5.75, 2.75], "texture": "#0"},
				"east": {"uv": [5, 4.5, 5.75, 4.75], "texture": "#0"},
				"south": {"uv": [5.5, 2.75, 5.75, 3], "texture": "#0"},
				"west": {"uv": [5, 4.75, 5.75, 5], "texture": "#0"},
				"up": {"uv": [5.25, 5.75, 5, 5], "texture": "#0"},
				"down": {"uv": [3.75, 5.25, 3.5, 6], "texture": "#0"}
			}
		},
		{
			"from": [6.95, -4.2, 6.5],
			"to": [7.65, -3.2, 9.5],
			"rotation": {"angle": 0, "axis": "y", "origin": [7.9125, 7.67462, 8.44107]},
			"faces": {
				"north": {"uv": [5.5, 3, 5.75, 3.25], "texture": "#0"},
				"east": {"uv": [5.25, 5, 6, 5.25], "texture": "#0"},
				"south": {"uv": [5.5, 3.25, 5.75, 3.5], "texture": "#0"},
				"west": {"uv": [5.25, 5.25, 6, 5.5], "texture": "#0"},
				"up": {"uv": [4, 6, 3.75, 5.25], "texture": "#0"},
				"down": {"uv": [4.25, 5.25, 4, 6], "texture": "#0"}
			}
		},
		{
			"from": [7.199, -3.2, 7],
			"to": [7.199, 16.8, 7.8],
			"rotation": {"angle": 0, "axis": "y", "origin": [7.9125, 7.67462, 8.44107]},
			"faces": {
				"north": {"uv": [0, 0, 0, 5], "texture": "#0"},
				"east": {"uv": [4.25, 0, 4.5, 5], "texture": "#0"},
				"south": {"uv": [0, 0, 0, 5], "texture": "#0"},
				"west": {"uv": [4.5, 0, 4.75, 5], "texture": "#0"},
				"up": {"uv": [0, 0.25, 0, 0], "texture": "#0"},
				"down": {"uv": [0, 0, 0, 0.25], "texture": "#0"}
			}
		},
		{
			"from": [7.2, -3.2, 8.2],
			"to": [7.2, 18.8, 9],
			"rotation": {"angle": 0, "axis": "y", "origin": [7.9125, 7.67462, 8.44107]},
			"faces": {
				"north": {"uv": [0, 0, 0, 5.5], "texture": "#0"},
				"east": {"uv": [2.25, 2.5, 2.5, 8], "texture": "#0"},
				"south": {"uv": [0, 0, 0, 5.5], "texture": "#0"},
				"west": {"uv": [2.5, 2.5, 2.75, 8], "texture": "#0"},
				"up": {"uv": [0, 0.25, 0, 0], "texture": "#0"},
				"down": {"uv": [0, 0, 0, 0.25], "texture": "#0"}
			}
		},
		{
			"from": [6.95, 16.5, 6.9],
			"to": [7.4, 17.5, 7.9],
			"rotation": {"angle": 0, "axis": "y", "origin": [7.9125, 7.67462, 8.44107]},
			"faces": {
				"north": {"uv": [5.75, 0.75, 6, 1], "texture": "#0"},
				"east": {"uv": [5.75, 1, 6, 1.25], "texture": "#0"},
				"south": {"uv": [5.75, 1.25, 6, 1.5], "texture": "#0"},
				"west": {"uv": [5.75, 1.5, 6, 1.75], "texture": "#0"},
				"up": {"uv": [6, 2, 5.75, 1.75], "texture": "#0"},
				"down": {"uv": [6, 2, 5.75, 2.25], "texture": "#0"}
			}
		},
		{
			"from": [7.45, -0.2941, 19.61699],
			"to": [7.65, 0.7059, 20.61699],
			"rotation": {"angle": 45, "axis": "x", "origin": [7.9125, 7.67462, 8.44107]},
			"faces": {
				"north": {"uv": [5.75, 3.75, 6, 4], "texture": "#0"},
				"east": {"uv": [5.75, 4, 6, 4.25], "texture": "#0"},
				"south": {"uv": [4.25, 5.75, 4.5, 6], "texture": "#0"},
				"west": {"uv": [5.75, 4.25, 6, 4.5], "texture": "#0"},
				"up": {"uv": [4.75, 6, 4.5, 5.75], "texture": "#0"},
				"down": {"uv": [6, 4.5, 5.75, 4.75], "texture": "#0"}
			}
		},
		{
			"from": [6.95, 18.5, 8.1],
			"to": [7.4, 19.5, 9.1],
			"rotation": {"angle": 0, "axis": "y", "origin": [7.9125, 7.67462, 8.44107]},
			"faces": {
				"north": {"uv": [5.75, 2.25, 6, 2.5], "texture": "#0"},
				"east": {"uv": [5.75, 2.5, 6, 2.75], "texture": "#0"},
				"south": {"uv": [5.75, 2.75, 6, 3], "texture": "#0"},
				"west": {"uv": [5.75, 3, 6, 3.25], "texture": "#0"},
				"up": {"uv": [6, 3.5, 5.75, 3.25], "texture": "#0"},
				"down": {"uv": [6, 3.5, 5.75, 3.75], "texture": "#0"}
			}
		},
		{
			"from": [7.9, 13.42168, 2.1334],
			"to": [7.9, 14.42168, 3.1334],
			"rotation": {"angle": 22.5, "axis": "x", "origin": [7.9125, 7.67462, 8.44107]},
			"faces": {
				"north": {"uv": [0, 0, 0, 0.25], "texture": "#0"},
				"east": {"uv": [5.5, 3.5, 5.75, 3.75], "texture": "#0"},
				"south": {"uv": [0, 0, 0, 0.25], "texture": "#0"},
				"west": {"uv": [5.5, 3.75, 5.75, 4], "texture": "#0"},
				"up": {"uv": [0, 0.25, 0, 0], "texture": "#0"},
				"down": {"uv": [0, 0, 0, 0.25], "texture": "#0"}
			}
		},
		{
			"from": [7.9, 15.42168, 2.1334],
			"to": [7.9, 16.42168, 3.1334],
			"rotation": {"angle": 22.5, "axis": "x", "origin": [7.9125, 7.67462, 8.44107]},
			"faces": {
				"north": {"uv": [0, 0, 0, 0.25], "texture": "#0"},
				"east": {"uv": [5.5, 4, 5.75, 4.25], "texture": "#0"},
				"south": {"uv": [0, 0, 0, 0.25], "texture": "#0"},
				"west": {"uv": [5.25, 5.5, 5.5, 5.75], "texture": "#0"},
				"up": {"uv": [0, 0.25, 0, 0], "texture": "#0"},
				"down": {"uv": [0, 0, 0, 0.25], "texture": "#0"}
			}
		},
		{
			"from": [7.9, 17.42168, 2.1334],
			"to": [7.9, 18.42168, 3.1334],
			"rotation": {"angle": 22.5, "axis": "x", "origin": [7.9125, 7.67462, 8.44107]},
			"faces": {
				"north": {"uv": [0, 0, 0, 0.25], "texture": "#0"},
				"east": {"uv": [5.5, 5.5, 5.75, 5.75], "texture": "#0"},
				"south": {"uv": [0, 0, 0, 0.25], "texture": "#0"},
				"west": {"uv": [5.75, 0, 6, 0.25], "texture": "#0"},
				"up": {"uv": [0, 0.25, 0, 0], "texture": "#0"},
				"down": {"uv": [0, 0, 0, 0.25], "texture": "#0"}
			}
		},
		{
			"from": [7.9, 19.42168, 2.1334],
			"to": [7.9, 20.42168, 3.1334],
			"rotation": {"angle": 22.5, "axis": "x", "origin": [7.9125, 7.67462, 8.44107]},
			"faces": {
				"north": {"uv": [0, 0, 0, 0.25], "texture": "#0"},
				"east": {"uv": [5.75, 0.25, 6, 0.5], "texture": "#0"},
				"south": {"uv": [0, 0, 0, 0.25], "texture": "#0"},
				"west": {"uv": [5.75, 0.5, 6, 0.75], "texture": "#0"},
				"up": {"uv": [0, 0.25, 0, 0], "texture": "#0"},
				"down": {"uv": [0, 0, 0, 0.25], "texture": "#0"}
			}
		}
	],
	"gui_light": "front",
	"display": {
		"thirdperson_righthand": {
			"translation": [-0.25, 1.75, 0.5]
		},
		"thirdperson_lefthand": {
			"translation": [-0.5, 0, 0.5]
		},
		"firstperson_righthand": {
			"rotation": [159.25, 0, 0],
			"translation": [2.25, -0.75, -1.5],
			"scale": [0.9, 0.9, 0.9]
		},
		"firstperson_lefthand": {
			"rotation": [137.15, 24.24, -96.2],
			"translation": [-3.25, 1, -3.75],
			"scale": [1, 1.1, 1.1]
		},
		"ground": {
			"rotation": [36, -59, 0],
			"translation": [0, 12.25, 0],
			"scale": [0.9, 0.9, 0.9]
		},
		"gui": {
			"rotation": [90, 48.25, -90],
			"translation": [2, 1.5, 0],
			"scale": [0.75, 0.75, 0.75]
		},
		"fixed": {
			"rotation": [90, -47.5, 90],
			"translation": [-2, 1.25, 0],
			"scale": [0.8, 0.8, 0.8]
		}
	}
}