{
	"credit": "Made with Blockbench",
	"textures": {
		"0": "./tequila",
		"particle": "./tequila"
	},
	"elements": [
		{
			"from": [5, 16, 6],
			"to": [11, 24, 11],
			"faces": {
				"north": {"uv": [2.75, 10.5, 4.25, 12.5], "texture": "#0"},
				"east": {"uv": [1.25, 10.5, 2.75, 12.5], "texture": "#0"},
				"south": {"uv": [0, 10.5, 1.25, 12.5], "texture": "#0"},
				"west": {"uv": [4.25, 10.5, 5.5, 12.5], "texture": "#0"},
				"up": {"uv": [0, 12.5, 2, 14], "texture": "#0"},
				"down": {"uv": [15.5, 15.5, 16, 16], "texture": "#0"}
			}
		},
		{
			"from": [2, -9, 4],
			"to": [14, 16, 13],
			"faces": {
				"north": {"uv": [0, 0, 3, 7], "texture": "#0"},
				"east": {"uv": [5.25, 0, 7.5, 7], "texture": "#0"},
				"south": {"uv": [7.5, 0, 10.5, 7], "texture": "#0"},
				"west": {"uv": [3, 0, 5.25, 7], "texture": "#0"},
				"up": {"uv": [0.75, 7, 3, 10], "texture": "#0"},
				"down": {"uv": [3, 7, 5.25, 10], "texture": "#0"}
			}
		},
		{
			"from": [3, -8, 5],
			"to": [13, 13, 12],
			"faces": {
				"north": {"uv": [13.5, 0, 16, 4.75], "texture": "#0"},
				"east": {"uv": [13.75, 0, 15.25, 4.5], "texture": "#0"},
				"south": {"uv": [13.5, 0, 16, 4.75], "texture": "#0"},
				"west": {"uv": [14.25, 0, 15.75, 4.5], "texture": "#0"},
				"up": {"uv": [14, 0, 16, 1.5], "texture": "#0"},
				"down": {"uv": [13.5, 3.25, 15.5, 4.75], "texture": "#0"}
			}
		},
		{
			"from": [6, 22, 7],
			"to": [10, 26, 10],
			"faces": {
				"north": {"uv": [10.5, 2, 11.75, 3], "texture": "#0"},
				"east": {"uv": [12, 1.25, 13, 2.5], "texture": "#0"},
				"south": {"uv": [10.5, 0, 11.75, 1], "texture": "#0"},
				"west": {"uv": [12, 0, 13, 1.25], "texture": "#0"},
				"up": {"uv": [10.5, 3, 11.75, 4], "texture": "#0"},
				"down": {"uv": [10.5, 1, 11.75, 2], "texture": "#0"}
			}
		}
	],
	"display": {
		"thirdperson_righthand": {
			"rotation": [-82.77, 87.23, 82.22],
			"translation": [-0.25, 0, -2],
			"scale": [0.27734, 0.26172, 0.25196]
		},
		"thirdperson_lefthand": {
			"rotation": [176.19, -0.24, 178.08],
			"translation": [-0.25, 4.25, -0.25],
			"scale": [0.26758, 0.26171, 0.23828]
		},
		"firstperson_righthand": {
			"rotation": [173.56, 8.43, 178.56],
			"translation": [7.5, 0.75, -7.5],
			"scale": [0.55469, 0.60743, 0.32617]
		},
		"firstperson_lefthand": {
			"rotation": [164.85, 13.87, -176.59],
			"translation": [8.25, -0.5, -10.5],
			"scale": [0.58984, 0.61328, 0.5879]
		},
		"ground": {
			"rotation": [90.63, 0.41, -12.98],
			"scale": [0.41992, 0.41406, 0.31836]
		},
		"gui": {
			"rotation": [150.77, 21.78, -137.11],
			"translation": [0.25, 0.25, 0],
			"scale": [0.50976, 0.47852, 0.41211]
		},
		"fixed": {
			"rotation": [-89.25, 0, 0],
			"translation": [0, 0, -11.75],
			"scale": [0.66016, 0.6875, 0.63477]
		}
	},
	"groups": [
		{
			"name": "group",
			"origin": [8, 8, 8],
			"color": 0,
			"children": [0, 1, 2, 3]
		}
	]
}