{
	"credit": "Made by Raycifer",
	"textures": {
		"0": "./jadefalls_splendor"
	},
	"elements": [
		{
			"from": [7.75, -1, 8],
			"to": [8.25, 2, 8.001],
			"rotation": {"angle": 0, "axis": "y", "origin": [7.25, 0, 7]},
			"faces": {
				"north": {"uv": [8.5, 0, 9, 3], "texture": "#0"},
				"east": {"uv": [0, 0, 0, 0], "texture": "#0"},
				"south": {"uv": [8.5, 0, 9, 3], "texture": "#0"},
				"west": {"uv": [0, 0, 0, 0], "texture": "#0"},
				"up": {"uv": [0, 0, 0, 0], "texture": "#0"},
				"down": {"uv": [0, 0, 0, 0], "texture": "#0"}
			}
		},
		{
			"from": [7.25, 0, 7.75],
			"to": [8.75, 1.5, 8.25],
			"rotation": {"angle": 0, "axis": "y", "origin": [7.75, 0, 7.25]},
			"faces": {
				"north": {"uv": [8, 0.5, 9.5, 2], "texture": "#0"},
				"east": {"uv": [8, 0.5, 8.5, 2], "texture": "#0"},
				"south": {"uv": [9.5, 0.5, 8, 2], "texture": "#0"},
				"west": {"uv": [9, 0.5, 9.5, 2], "texture": "#0"},
				"up": {"uv": [9.5, 0.5, 8, 1], "texture": "#0"},
				"down": {"uv": [9.5, 1.5, 8, 2], "texture": "#0"}
			}
		},
		{
			"from": [-0.25, -3.3, 8],
			"to": [0.25, -0.3, 8.001],
			"rotation": {"angle": -45, "axis": "z", "origin": [8, 0.125, 8]},
			"faces": {
				"north": {"uv": [9, 0, 8.5, 3], "texture": "#0"},
				"east": {"uv": [0, 0, 0, 0], "texture": "#0"},
				"south": {"uv": [9, 0, 8.5, 3], "texture": "#0"},
				"west": {"uv": [0, 0, 0, 0], "texture": "#0"},
				"up": {"uv": [0, 0, 0, 0], "texture": "#0"},
				"down": {"uv": [0, 0, 0, 0], "texture": "#0"}
			}
		},
		{
			"from": [-0.75, -2.3, 7.75],
			"to": [0.75, -0.8, 8.25],
			"rotation": {"angle": -45, "axis": "z", "origin": [8, 0.125, 8]},
			"faces": {
				"north": {"uv": [9.5, 0.5, 8, 2], "texture": "#0"},
				"east": {"uv": [9.5, 0.5, 9, 2], "texture": "#0"},
				"south": {"uv": [8, 0.5, 9.5, 2], "texture": "#0"},
				"west": {"uv": [8.5, 0.5, 8, 2], "texture": "#0"},
				"up": {"uv": [8, 0.5, 9.5, 1], "texture": "#0"},
				"down": {"uv": [8, 1.5, 9.5, 2], "texture": "#0"}
			}
		},
		{
			"from": [15.75, -3.3, 8],
			"to": [16.25, -0.3, 8.001],
			"rotation": {"angle": 45, "axis": "z", "origin": [8, 0.125, 8]},
			"faces": {
				"north": {"uv": [8.5, 0, 9, 3], "texture": "#0"},
				"east": {"uv": [0, 0, 0, 0], "texture": "#0"},
				"south": {"uv": [8.5, 0, 9, 3], "texture": "#0"},
				"west": {"uv": [0, 0, 0, 0], "texture": "#0"},
				"up": {"uv": [0, 0, 0, 0], "texture": "#0"},
				"down": {"uv": [0, 0, 0, 0], "texture": "#0"}
			}
		},
		{
			"from": [15.25, -2.3, 7.75],
			"to": [16.75, -0.8, 8.25],
			"rotation": {"angle": 45, "axis": "z", "origin": [8, 0.125, 8]},
			"faces": {
				"north": {"uv": [8, 0.5, 9.5, 2], "texture": "#0"},
				"east": {"uv": [8, 0.5, 8.5, 2], "texture": "#0"},
				"south": {"uv": [9.5, 0.5, 8, 2], "texture": "#0"},
				"west": {"uv": [9, 0.5, 9.5, 2], "texture": "#0"},
				"up": {"uv": [9.5, 0.5, 8, 1], "texture": "#0"},
				"down": {"uv": [9.5, 1.5, 8, 2], "texture": "#0"}
			}
		},
		{
			"from": [3, 0.15, 7.75],
			"to": [4, 1.15, 8.25],
			"rotation": {"angle": -22.5, "axis": "z", "origin": [8, 0.5, 8]},
			"faces": {
				"north": {"uv": [10.5, 0.5, 9.5, 1.5], "texture": "#0"},
				"east": {"uv": [11, 0.5, 10.5, 1.5], "texture": "#0"},
				"south": {"uv": [9.5, 0.5, 10.5, 1.5], "texture": "#0"},
				"west": {"uv": [10, 0.5, 9.5, 1.5], "texture": "#0"},
				"up": {"uv": [9.5, 0.5, 10.5, 1], "texture": "#0"},
				"down": {"uv": [9.5, 1, 10.5, 1.5], "texture": "#0"}
			}
		},
		{
			"from": [3.25, -0.85, 8],
			"to": [3.75, 1.65, 8.001],
			"rotation": {"angle": -22.5, "axis": "z", "origin": [8, 0.5, 8]},
			"faces": {
				"north": {"uv": [10.5, 0, 10, 2.5], "texture": "#0"},
				"east": {"uv": [0, 0, 0, 0], "texture": "#0"},
				"south": {"uv": [10, 0, 10.5, 2.5], "texture": "#0"},
				"west": {"uv": [0, 0, 0, 0], "texture": "#0"},
				"up": {"uv": [0, 0, 0, 0], "texture": "#0"},
				"down": {"uv": [0, 0, 0, 0], "texture": "#0"}
			}
		},
		{
			"from": [12, 0.15, 7.75],
			"to": [13, 1.15, 8.25],
			"rotation": {"angle": 22.5, "axis": "z", "origin": [8, 0.5, 8]},
			"faces": {
				"north": {"uv": [9.5, 0.5, 10.5, 1.5], "texture": "#0"},
				"east": {"uv": [9.5, 0.5, 10, 1.5], "texture": "#0"},
				"south": {"uv": [10.5, 0.5, 9.5, 1.5], "texture": "#0"},
				"west": {"uv": [10.5, 0.5, 11, 1.5], "texture": "#0"},
				"up": {"uv": [10.5, 0.5, 9.5, 1], "texture": "#0"},
				"down": {"uv": [10.5, 1, 9.5, 1.5], "texture": "#0"}
			}
		},
		{
			"from": [12.25, -0.85, 8],
			"to": [12.75, 1.65, 8.001],
			"rotation": {"angle": 22.5, "axis": "z", "origin": [8, 0.5, 8]},
			"faces": {
				"north": {"uv": [10, 0, 10.5, 2.5], "texture": "#0"},
				"east": {"uv": [0, 0, 0, 0], "texture": "#0"},
				"south": {"uv": [10.5, 0, 10, 2.5], "texture": "#0"},
				"west": {"uv": [0, 0, 0, 0], "texture": "#0"},
				"up": {"uv": [0, 0, 0, 0], "texture": "#0"},
				"down": {"uv": [0, 0, 0, 0], "texture": "#0"}
			}
		},
		{
			"from": [3.25, 5, 7.75],
			"to": [4.75, 6.5, 8.25],
			"rotation": {"angle": 0, "axis": "y", "origin": [7.5, 0, 7.5]},
			"faces": {
				"north": {"uv": [9.5, 12, 8, 13.5], "texture": "#0"},
				"east": {"uv": [8, 12, 8.5, 13.5], "texture": "#0"},
				"south": {"uv": [8, 12, 9.5, 13.5], "texture": "#0"},
				"west": {"uv": [0, 0, 0, 0], "texture": "#0"},
				"up": {"uv": [8, 13, 9.5, 13.5], "texture": "#0"},
				"down": {"uv": [0, 0, 0, 0], "texture": "#0"}
			}
		},
		{
			"from": [7.75, 2.25, 7.25],
			"to": [8.75, 3.25, 8.75],
			"rotation": {"angle": -45, "axis": "z", "origin": [8, 3, 8]},
			"faces": {
				"north": {"uv": [9, 4, 8, 5], "texture": "#0"},
				"east": {"uv": [9, 4, 9.5, 5], "texture": "#0"},
				"south": {"uv": [8, 4, 9, 5], "texture": "#0"},
				"west": {"uv": [7.5, 4, 8, 5], "texture": "#0"},
				"up": {"uv": [8, 3.5, 9, 4], "texture": "#0"},
				"down": {"uv": [8, 5, 9, 5.5], "texture": "#0"}
			}
		},
		{
			"from": [6.75, 3.25, 7.25],
			"to": [7.75, 4.25, 8.75],
			"rotation": {"angle": -45, "axis": "z", "origin": [8, 3, 8]},
			"faces": {
				"north": {"uv": [7, 4, 6, 5], "texture": "#0"},
				"east": {"uv": [6.5, 4, 7, 5], "texture": "#0"},
				"south": {"uv": [6, 4, 7, 5], "texture": "#0"},
				"west": {"uv": [6, 4, 6.5, 5], "texture": "#0"},
				"up": {"uv": [6, 4, 7, 4.5], "texture": "#0"},
				"down": {"uv": [6, 4.5, 7, 5], "texture": "#0"}
			}
		},
		{
			"from": [7.25, 4.25, 7.5],
			"to": [7.75, 4.75, 8.5],
			"rotation": {"angle": -45, "axis": "z", "origin": [8, 3, 8]},
			"faces": {
				"north": {"uv": [7, 4.5, 6.5, 5], "texture": "#0"},
				"east": {"uv": [7, 4.5, 6.5, 5], "texture": "#0"},
				"south": {"uv": [7, 4.5, 6.5, 5], "texture": "#0"},
				"west": {"uv": [7, 4.5, 6.5, 5], "texture": "#0"},
				"up": {"uv": [7, 4.5, 6.5, 5], "texture": "#0"},
				"down": {"uv": [0, 0, 0, 0], "texture": "#0"}
			}
		},
		{
			"from": [6.25, 3.25, 7.5],
			"to": [6.75, 3.75, 8.5],
			"rotation": {"angle": -45, "axis": "z", "origin": [8, 3, 8]},
			"faces": {
				"north": {"uv": [7, 4.5, 6.5, 5], "texture": "#0"},
				"east": {"uv": [0, 0, 0, 0], "texture": "#0"},
				"south": {"uv": [7, 4.5, 6.5, 5], "texture": "#0"},
				"west": {"uv": [7, 4.5, 6.5, 5], "texture": "#0"},
				"up": {"uv": [7, 4.5, 6.5, 5], "texture": "#0"},
				"down": {"uv": [7, 4.5, 6.5, 5], "texture": "#0"}
			}
		},
		{
			"from": [7, 2.5, 7.5],
			"to": [8.5, 4, 8.5],
			"rotation": {"angle": -45, "axis": "z", "origin": [8, 3, 8]},
			"faces": {
				"north": {"uv": [6.5, 7, 5, 8.5], "texture": "#0"},
				"east": {"uv": [6.5, 7, 7, 8.5], "texture": "#0"},
				"south": {"uv": [5, 7, 6.5, 8.5], "texture": "#0"},
				"west": {"uv": [4.5, 7, 5, 8.5], "texture": "#0"},
				"up": {"uv": [5, 6.5, 6.5, 7], "texture": "#0"},
				"down": {"uv": [5, 8.5, 6.5, 9], "texture": "#0"}
			}
		},
		{
			"from": [6.25, 3, 7.75],
			"to": [9.75, 4.5, 8.25],
			"rotation": {"angle": 0, "axis": "y", "origin": [7.5, 0, 7.5]},
			"faces": {
				"north": {"uv": [11, 14, 14.5, 15.5], "texture": "#0"},
				"east": {"uv": [11, 14, 11.5, 15.5], "texture": "#0"},
				"south": {"uv": [11, 14, 14.5, 15.5], "texture": "#0"},
				"west": {"uv": [11, 14, 11.5, 15.5], "texture": "#0"},
				"up": {"uv": [11, 15, 14.5, 15.5], "texture": "#0"},
				"down": {"uv": [11, 15, 14.5, 15.5], "texture": "#0"}
			}
		},
		{
			"from": [4.75, 3.5, 7.75],
			"to": [6.25, 5, 8.25],
			"rotation": {"angle": 0, "axis": "y", "origin": [7.5, 0, 7.5]},
			"faces": {
				"north": {"uv": [11, 13.5, 9.5, 15], "texture": "#0"},
				"east": {"uv": [9.5, 13.5, 10, 15], "texture": "#0"},
				"south": {"uv": [9.5, 13.5, 11, 15], "texture": "#0"},
				"west": {"uv": [9.5, 13.5, 10, 15], "texture": "#0"},
				"up": {"uv": [9.5, 14.5, 11, 15], "texture": "#0"},
				"down": {"uv": [9.5, 14.5, 11, 15], "texture": "#0"}
			}
		},
		{
			"from": [8.75, 12, 7.75],
			"to": [9.75, 13.5, 8.25],
			"rotation": {"angle": 0, "axis": "y", "origin": [8.5, 0, 7.5]},
			"faces": {
				"north": {"uv": [11, 5, 12, 6.5], "texture": "#0"},
				"east": {"uv": [11.5, 5, 11, 6.5], "texture": "#0"},
				"south": {"uv": [12, 5, 11, 6.5], "texture": "#0"},
				"west": {"uv": [12, 5, 11.5, 6.5], "texture": "#0"},
				"up": {"uv": [12, 5, 11, 5.5], "texture": "#0"},
				"down": {"uv": [12, 5, 11, 5.5], "texture": "#0"}
			}
		},
		{
			"from": [11.25, 11.5, 7.75],
			"to": [12.25, 12.5, 8.25],
			"rotation": {"angle": 0, "axis": "y", "origin": [8.5, 0, 7.5]},
			"faces": {
				"north": {"uv": [8.5, 6, 9.5, 7], "texture": "#0"},
				"east": {"uv": [9, 6, 8.5, 7], "texture": "#0"},
				"south": {"uv": [9.5, 6, 8.5, 7], "texture": "#0"},
				"west": {"uv": [0, 0, 0, 0], "texture": "#0"},
				"up": {"uv": [9.5, 6, 8.5, 6.5], "texture": "#0"},
				"down": {"uv": [0, 0, 0, 0], "texture": "#0"}
			}
		},
		{
			"from": [9.75, 11.5, 7.75],
			"to": [11.25, 13, 8.25],
			"rotation": {"angle": 0, "axis": "y", "origin": [8.5, 0, 7.5]},
			"faces": {
				"north": {"uv": [9.5, 5.5, 11, 7], "texture": "#0"},
				"east": {"uv": [10, 5.5, 9.5, 7], "texture": "#0"},
				"south": {"uv": [11, 5.5, 9.5, 7], "texture": "#0"},
				"west": {"uv": [10, 5.5, 9.5, 7], "texture": "#0"},
				"up": {"uv": [11, 5.5, 9.5, 6], "texture": "#0"},
				"down": {"uv": [11, 5.5, 9.5, 6], "texture": "#0"}
			}
		},
		{
			"from": [10.75, 11, 7.75],
			"to": [11.25, 11.5, 8.25],
			"rotation": {"angle": 0, "axis": "y", "origin": [7.25, 0, 7.75]},
			"faces": {
				"north": {"uv": [9.5, 7, 10, 7.5], "texture": "#0"},
				"east": {"uv": [0, 0, 0, 0], "texture": "#0"},
				"south": {"uv": [9.5, 7, 10, 7.5], "texture": "#0"},
				"west": {"uv": [8.5, 6, 9, 6.5], "texture": "#0"},
				"up": {"uv": [0, 0, 0, 0], "texture": "#0"},
				"down": {"uv": [8.5, 6, 9, 6.5], "texture": "#0"}
			}
		},
		{
			"from": [11.25, 10, 7.75],
			"to": [12.75, 11.5, 8.25],
			"rotation": {"angle": 0, "axis": "y", "origin": [8.5, 0, 7.5]},
			"faces": {
				"north": {"uv": [8, 7, 9.5, 8.5], "texture": "#0"},
				"east": {"uv": [8.5, 7, 8, 8.5], "texture": "#0"},
				"south": {"uv": [9.5, 7, 8, 8.5], "texture": "#0"},
				"west": {"uv": [8.5, 7, 8, 8.5], "texture": "#0"},
				"up": {"uv": [9.5, 7, 8, 7.5], "texture": "#0"},
				"down": {"uv": [9.5, 7, 8, 7.5], "texture": "#0"}
			}
		},
		{
			"from": [11.75, 6.5, 7.75],
			"to": [13.25, 10, 8.25],
			"rotation": {"angle": 0, "axis": "y", "origin": [8.5, 0, 7.5]},
			"faces": {
				"north": {"uv": [7.5, 8.5, 9, 12], "texture": "#0"},
				"east": {"uv": [8, 8.5, 7.5, 12], "texture": "#0"},
				"south": {"uv": [9, 8.5, 7.5, 12], "texture": "#0"},
				"west": {"uv": [8, 8.5, 7.5, 12], "texture": "#0"},
				"up": {"uv": [9, 8.5, 7.5, 9], "texture": "#0"},
				"down": {"uv": [0, 0, 0, 0], "texture": "#0"}
			}
		},
		{
			"from": [11.25, 5, 7.75],
			"to": [12.75, 6.5, 8.25],
			"rotation": {"angle": 0, "axis": "y", "origin": [8.5, 0, 7.5]},
			"faces": {
				"north": {"uv": [8, 12, 9.5, 13.5], "texture": "#0"},
				"east": {"uv": [0, 0, 0, 0], "texture": "#0"},
				"south": {"uv": [9.5, 12, 8, 13.5], "texture": "#0"},
				"west": {"uv": [8.5, 12, 8, 13.5], "texture": "#0"},
				"up": {"uv": [9.5, 13, 8, 13.5], "texture": "#0"},
				"down": {"uv": [0, 0, 0, 0], "texture": "#0"}
			}
		},
		{
			"from": [10.75, 5, 7.75],
			"to": [11.25, 5.5, 8.25],
			"rotation": {"angle": 0, "axis": "y", "origin": [7.25, 0, 7.75]},
			"faces": {
				"north": {"uv": [9.5, 13, 10, 13.5], "texture": "#0"},
				"east": {"uv": [0, 0, 0, 0], "texture": "#0"},
				"south": {"uv": [9.5, 13, 10, 13.5], "texture": "#0"},
				"west": {"uv": [8.5, 14, 9, 14.5], "texture": "#0"},
				"up": {"uv": [8.5, 14, 9, 14.5], "texture": "#0"},
				"down": {"uv": [0, 0, 0, 0], "texture": "#0"}
			}
		},
		{
			"from": [11.25, 4, 7.75],
			"to": [12.25, 5, 8.25],
			"rotation": {"angle": 0, "axis": "y", "origin": [8.5, 0, 7.5]},
			"faces": {
				"north": {"uv": [8.5, 13.5, 9.5, 14.5], "texture": "#0"},
				"east": {"uv": [0, 0, 0, 0], "texture": "#0"},
				"south": {"uv": [9.5, 13.5, 8.5, 14.5], "texture": "#0"},
				"west": {"uv": [0, 0, 0, 0], "texture": "#0"},
				"up": {"uv": [0, 0, 0, 0], "texture": "#0"},
				"down": {"uv": [0, 0, 0, 0], "texture": "#0"}
			}
		},
		{
			"from": [9.75, 3.5, 7.75],
			"to": [11.25, 5, 8.25],
			"rotation": {"angle": 0, "axis": "y", "origin": [8.5, 0, 7.5]},
			"faces": {
				"north": {"uv": [9.5, 13.5, 11, 15], "texture": "#0"},
				"east": {"uv": [10, 13.5, 9.5, 15], "texture": "#0"},
				"south": {"uv": [11, 13.5, 9.5, 15], "texture": "#0"},
				"west": {"uv": [10, 13.5, 9.5, 15], "texture": "#0"},
				"up": {"uv": [11, 14.5, 9.5, 15], "texture": "#0"},
				"down": {"uv": [11, 14.5, 9.5, 15], "texture": "#0"}
			}
		},
		{
			"from": [3.75, 4, 7.75],
			"to": [4.75, 5, 8.25],
			"rotation": {"angle": 0, "axis": "y", "origin": [7.5, 0, 7.5]},
			"faces": {
				"north": {"uv": [9.5, 13.5, 8.5, 14.5], "texture": "#0"},
				"east": {"uv": [0, 0, 0, 0], "texture": "#0"},
				"south": {"uv": [8.5, 13.5, 9.5, 14.5], "texture": "#0"},
				"west": {"uv": [0, 0, 0, 0], "texture": "#0"},
				"up": {"uv": [0, 0, 0, 0], "texture": "#0"},
				"down": {"uv": [0, 0, 0, 0], "texture": "#0"}
			}
		},
		{
			"from": [3.75, 11.5, 7.75],
			"to": [4.75, 12.5, 8.25],
			"rotation": {"angle": 0, "axis": "y", "origin": [7.5, 0, 7.5]},
			"faces": {
				"north": {"uv": [9.5, 6, 8.5, 7], "texture": "#0"},
				"east": {"uv": [0, 0, 0, 0], "texture": "#0"},
				"south": {"uv": [8.5, 6, 9.5, 7], "texture": "#0"},
				"west": {"uv": [8.5, 6, 9, 7], "texture": "#0"},
				"up": {"uv": [8.5, 6, 9.5, 6.5], "texture": "#0"},
				"down": {"uv": [0, 0, 0, 0], "texture": "#0"}
			}
		},
		{
			"from": [4.75, 11.5, 7.75],
			"to": [6.25, 13, 8.25],
			"rotation": {"angle": 0, "axis": "y", "origin": [7.5, 0, 7.5]},
			"faces": {
				"north": {"uv": [11, 5.5, 9.5, 7], "texture": "#0"},
				"east": {"uv": [9.5, 5.5, 10, 7], "texture": "#0"},
				"south": {"uv": [9.5, 5.5, 11, 7], "texture": "#0"},
				"west": {"uv": [9.5, 5.5, 10, 7], "texture": "#0"},
				"up": {"uv": [9.5, 5.5, 11, 6], "texture": "#0"},
				"down": {"uv": [9.5, 5.5, 11, 6], "texture": "#0"}
			}
		},
		{
			"from": [6.25, 12, 7.75],
			"to": [7.25, 13.5, 8.25],
			"rotation": {"angle": 0, "axis": "y", "origin": [7.5, 0, 7.5]},
			"faces": {
				"north": {"uv": [12, 5, 11, 6.5], "texture": "#0"},
				"east": {"uv": [11.5, 5, 12, 6.5], "texture": "#0"},
				"south": {"uv": [11, 5, 12, 6.5], "texture": "#0"},
				"west": {"uv": [11, 5, 11.5, 6.5], "texture": "#0"},
				"up": {"uv": [11, 5, 12, 5.5], "texture": "#0"},
				"down": {"uv": [11, 5, 12, 5.5], "texture": "#0"}
			}
		},
		{
			"from": [3.25, 10, 7.75],
			"to": [4.75, 11.5, 8.25],
			"rotation": {"angle": 0, "axis": "y", "origin": [7.5, 0, 7.5]},
			"faces": {
				"north": {"uv": [9.5, 7, 8, 8.5], "texture": "#0"},
				"east": {"uv": [8, 7, 8.5, 8.5], "texture": "#0"},
				"south": {"uv": [8, 7, 9.5, 8.5], "texture": "#0"},
				"west": {"uv": [8, 7, 8.5, 8.5], "texture": "#0"},
				"up": {"uv": [8, 7, 9.5, 7.5], "texture": "#0"},
				"down": {"uv": [8, 7, 9.5, 7.5], "texture": "#0"}
			}
		},
		{
			"from": [2.75, 6.5, 7.75],
			"to": [4.25, 10, 8.25],
			"rotation": {"angle": 0, "axis": "y", "origin": [7.5, 0, 7.5]},
			"faces": {
				"north": {"uv": [9, 8.5, 7.5, 12], "texture": "#0"},
				"east": {"uv": [7.5, 8.5, 8, 12], "texture": "#0"},
				"south": {"uv": [7.5, 8.5, 9, 12], "texture": "#0"},
				"west": {"uv": [7.5, 8.5, 8, 12], "texture": "#0"},
				"up": {"uv": [7.5, 8.5, 9, 9], "texture": "#0"},
				"down": {"uv": [0, 0, 0, 0], "texture": "#0"}
			}
		},
		{
			"from": [4.75, 5, 7.75],
			"to": [5.25, 5.5, 8.25],
			"rotation": {"angle": 0, "axis": "y", "origin": [8.75, 0, 7.75]},
			"faces": {
				"north": {"uv": [10, 13, 9.5, 13.5], "texture": "#0"},
				"east": {"uv": [9, 14, 8.5, 14.5], "texture": "#0"},
				"south": {"uv": [10, 13, 9.5, 13.5], "texture": "#0"},
				"west": {"uv": [0, 0, 0, 0], "texture": "#0"},
				"up": {"uv": [9, 14, 8.5, 14.5], "texture": "#0"},
				"down": {"uv": [0, 0, 0, 0], "texture": "#0"}
			}
		},
		{
			"from": [4.75, 11, 7.75],
			"to": [5.25, 11.5, 8.25],
			"rotation": {"angle": 0, "axis": "y", "origin": [8.75, 0, 7.75]},
			"faces": {
				"north": {"uv": [10, 7, 9.5, 7.5], "texture": "#0"},
				"east": {"uv": [9, 6, 8.5, 6.5], "texture": "#0"},
				"south": {"uv": [10, 7, 9.5, 7.5], "texture": "#0"},
				"west": {"uv": [0, 0, 0, 0], "texture": "#0"},
				"up": {"uv": [0, 0, 0, 0], "texture": "#0"},
				"down": {"uv": [9, 6, 8.5, 6.5], "texture": "#0"}
			}
		},
		{
			"from": [7.75, 10, 8],
			"to": [8.25, 12.5, 8.001],
			"rotation": {"angle": -22.5, "axis": "y", "origin": [8, 10.5, 8]},
			"faces": {
				"north": {"uv": [11.5, 0, 12, 2.5], "texture": "#0"},
				"east": {"uv": [0, 0, 0, 0], "texture": "#0"},
				"south": {"uv": [11.5, 0, 12, 2.5], "texture": "#0"},
				"west": {"uv": [0, 0, 0, 0], "texture": "#0"},
				"up": {"uv": [0, 0, 0, 0], "texture": "#0"},
				"down": {"uv": [0, 0, 0, 0], "texture": "#0"}
			}
		},
		{
			"from": [7.5, 10.5, 7.75],
			"to": [8.5, 11.5, 8.25],
			"rotation": {"angle": -22.5, "axis": "y", "origin": [8, 10.5, 8]},
			"faces": {
				"north": {"uv": [11, 1, 12, 2], "texture": "#0"},
				"east": {"uv": [11, 1, 11.5, 2], "texture": "#0"},
				"south": {"uv": [11, 1, 12, 2], "texture": "#0"},
				"west": {"uv": [11, 1, 11.5, 2], "texture": "#0"},
				"up": {"uv": [11, 1, 12, 1.5], "texture": "#0"},
				"down": {"uv": [11, 1, 12, 1.5], "texture": "#0"}
			}
		},
		{
			"from": [4.71194, 5, 8.19134],
			"to": [11.21194, 11, 8.19234],
			"rotation": {"angle": -22.5, "axis": "y", "origin": [8.46194, 7.75, 8.19134]},
			"faces": {
				"north": {"uv": [1, 10, 7.5, 16], "texture": "#0"},
				"east": {"uv": [0, 0, 0, 0], "texture": "#0"},
				"south": {"uv": [1, 10, 7.5, 16], "texture": "#0"},
				"west": {"uv": [0, 0, 0, 0], "texture": "#0"},
				"up": {"uv": [0, 0, 0, 0], "texture": "#0"},
				"down": {"uv": [0, 0, 0, 0], "texture": "#0"}
			}
		},
		{
			"from": [1.64243, 7.25, 8.06569],
			"to": [3.64243, 9.25, 10.06569],
			"rotation": {"angle": 22.5, "axis": "y", "origin": [2.64243, 7.75, -4.93431]},
			"faces": {
				"north": {"uv": [2, 2, 4, 4], "texture": "#0"},
				"east": {"uv": [0, 2, 2, 4], "texture": "#0"},
				"south": {"uv": [6, 2, 8, 4], "texture": "#0"},
				"west": {"uv": [4, 2, 6, 4], "texture": "#0"},
				"up": {"uv": [2, 0, 4, 2], "rotation": 180, "texture": "#0"},
				"down": {"uv": [6, 0, 4, 2], "texture": "#0"}
			}
		},
		{
			"from": [2.0127, 7.73127, 7.25],
			"to": [3.0127, 9.73127, 8.75],
			"rotation": {"angle": 45, "axis": "z", "origin": [2.7627, 8.73127, 8]},
			"faces": {
				"north": {"uv": [0, 6, 1, 8], "texture": "#0"},
				"east": {"uv": [0, 4, 1.5, 6], "texture": "#0"},
				"south": {"uv": [1, 6, 0, 8], "texture": "#0"},
				"west": {"uv": [1.5, 4, 3, 6], "texture": "#0"},
				"up": {"uv": [1, 6, 0, 6.5], "texture": "#0"},
				"down": {"uv": [1, 7.5, 0, 8], "texture": "#0"}
			}
		},
		{
			"from": [2.9, 3.5, 7.5],
			"to": [3.9, 8.5, 8.5],
			"rotation": {"angle": 22.5, "axis": "z", "origin": [3, 4.5, 8]},
			"faces": {
				"north": {"uv": [0, 8, 1, 13], "texture": "#0"},
				"east": {"uv": [0, 8, 0.5, 13], "texture": "#0"},
				"south": {"uv": [1, 8, 0, 13], "texture": "#0"},
				"west": {"uv": [0.5, 8, 1, 13], "texture": "#0"},
				"up": {"uv": [1, 8, 0, 9], "texture": "#0"},
				"down": {"uv": [1, 8, 0, 9], "texture": "#0"}
			}
		},
		{
			"from": [2, 5.5, 7.75],
			"to": [2.5, 6, 8.25],
			"rotation": {"angle": 0, "axis": "y", "origin": [7.25, 0, 7.25]},
			"faces": {
				"north": {"uv": [6, 4, 6.5, 4.5], "texture": "#0"},
				"east": {"uv": [0, 0, 0, 0], "texture": "#0"},
				"south": {"uv": [6, 4, 6.5, 4.5], "texture": "#0"},
				"west": {"uv": [6, 4, 6.5, 4.5], "texture": "#0"},
				"up": {"uv": [6, 4, 6.5, 4.5], "texture": "#0"},
				"down": {"uv": [6, 4, 6.5, 4.5], "texture": "#0"}
			}
		},
		{
			"from": [4.3, 3.25, 7.75],
			"to": [4.8, 3.75, 8.25],
			"rotation": {"angle": 0, "axis": "y", "origin": [7.25, 0, 7.25]},
			"faces": {
				"north": {"uv": [6, 4, 6.5, 4.5], "texture": "#0"},
				"east": {"uv": [6, 4, 6.5, 4.5], "texture": "#0"},
				"south": {"uv": [6, 4, 6.5, 4.5], "texture": "#0"},
				"west": {"uv": [6, 4, 6.5, 4.5], "texture": "#0"},
				"up": {"uv": [0, 0, 0, 0], "texture": "#0"},
				"down": {"uv": [6, 4, 6.5, 4.5], "texture": "#0"}
			}
		},
		{
			"from": [13.5, 5.5, 7.75],
			"to": [14, 6, 8.25],
			"rotation": {"angle": 0, "axis": "y", "origin": [8.75, 0, 7.25]},
			"faces": {
				"north": {"uv": [6.5, 4, 6, 4.5], "texture": "#0"},
				"east": {"uv": [6.5, 4, 6, 4.5], "texture": "#0"},
				"south": {"uv": [6.5, 4, 6, 4.5], "texture": "#0"},
				"west": {"uv": [0, 0, 0, 0], "texture": "#0"},
				"up": {"uv": [6.5, 4, 6, 4.5], "texture": "#0"},
				"down": {"uv": [6.5, 4, 6, 4.5], "texture": "#0"}
			}
		},
		{
			"from": [11.2, 3.25, 7.75],
			"to": [11.7, 3.75, 8.25],
			"rotation": {"angle": 0, "axis": "y", "origin": [8.75, 0, 7.25]},
			"faces": {
				"north": {"uv": [6.5, 4, 6, 4.5], "texture": "#0"},
				"east": {"uv": [6.5, 4, 6, 4.5], "texture": "#0"},
				"south": {"uv": [6.5, 4, 6, 4.5], "texture": "#0"},
				"west": {"uv": [6.5, 4, 6, 4.5], "texture": "#0"},
				"up": {"uv": [0, 0, 0, 0], "texture": "#0"},
				"down": {"uv": [6.5, 4, 6, 4.5], "texture": "#0"}
			}
		},
		{
			"from": [3.75, 3.5, 7.25],
			"to": [5.25, 4, 8.75],
			"rotation": {"angle": -22.5, "axis": "z", "origin": [4.5, 3.25, 8]},
			"faces": {
				"north": {"uv": [2.5, 6, 1, 6.5], "texture": "#0"},
				"east": {"uv": [2.5, 6, 2, 6.5], "texture": "#0"},
				"south": {"uv": [1, 6, 2.5, 6.5], "texture": "#0"},
				"west": {"uv": [1.5, 6, 1, 6.5], "texture": "#0"},
				"up": {"uv": [1, 6, 2.5, 6.5], "texture": "#0"},
				"down": {"uv": [1, 6, 2.5, 6.5], "texture": "#0"}
			}
		},
		{
			"from": [10.75, 3.5, 7.25],
			"to": [12.25, 4, 8.75],
			"rotation": {"angle": 22.5, "axis": "z", "origin": [11.5, 3.25, 8]},
			"faces": {
				"north": {"uv": [1, 6, 2.5, 6.5], "texture": "#0"},
				"east": {"uv": [1, 6, 1.5, 6.5], "texture": "#0"},
				"south": {"uv": [2.5, 6, 1, 6.5], "texture": "#0"},
				"west": {"uv": [2, 6, 2.5, 6.5], "texture": "#0"},
				"up": {"uv": [2.5, 6, 1, 6.5], "texture": "#0"},
				"down": {"uv": [2.5, 6, 1, 6.5], "texture": "#0"}
			}
		},
		{
			"from": [8.75, 13.25, 7.5],
			"to": [10.75, 13.75, 8.5],
			"rotation": {"angle": -22.5, "axis": "z", "origin": [9, 13.25, 8]},
			"faces": {
				"north": {"uv": [12.5, 1.5, 14.5, 2], "texture": "#0"},
				"east": {"uv": [13, 1.5, 12.5, 2], "texture": "#0"},
				"south": {"uv": [14.5, 1.5, 12.5, 2], "texture": "#0"},
				"west": {"uv": [14.5, 1.5, 14, 2], "texture": "#0"},
				"up": {"uv": [14.5, 1.5, 12.5, 2], "texture": "#0"},
				"down": {"uv": [14.5, 1.5, 12.5, 2], "texture": "#0"}
			}
		},
		{
			"from": [6.75, 13.75, 7.25],
			"to": [7.75, 14.25, 8.75],
			"rotation": {"angle": 45, "axis": "z", "origin": [7.5, 13.75, 8]},
			"faces": {
				"north": {"uv": [15, 1.5, 14, 2], "texture": "#0"},
				"east": {"uv": [15, 1.5, 14.5, 2], "texture": "#0"},
				"south": {"uv": [14, 1.5, 15, 2], "texture": "#0"},
				"west": {"uv": [14.5, 1.5, 14, 2], "texture": "#0"},
				"up": {"uv": [14, 1.5, 15, 2], "texture": "#0"},
				"down": {"uv": [14, 1.5, 15, 2], "texture": "#0"}
			}
		},
		{
			"from": [5.25, 13.25, 7.5],
			"to": [7.25, 13.75, 8.5],
			"rotation": {"angle": 22.5, "axis": "z", "origin": [7, 13.25, 8]},
			"faces": {
				"north": {"uv": [14.5, 1.5, 12.5, 2], "texture": "#0"},
				"east": {"uv": [14, 1.5, 14.5, 2], "texture": "#0"},
				"south": {"uv": [12.5, 1.5, 14.5, 2], "texture": "#0"},
				"west": {"uv": [12.5, 1.5, 13, 2], "texture": "#0"},
				"up": {"uv": [12.5, 1.5, 14.5, 2], "texture": "#0"},
				"down": {"uv": [12.5, 1.5, 14.5, 2], "texture": "#0"}
			}
		},
		{
			"from": [8.25, 13.75, 7.25],
			"to": [9.25, 14.25, 8.75],
			"rotation": {"angle": -45, "axis": "z", "origin": [8.5, 13.75, 8]},
			"faces": {
				"north": {"uv": [14, 1.5, 15, 2], "texture": "#0"},
				"east": {"uv": [14, 1.5, 14.5, 2], "texture": "#0"},
				"south": {"uv": [15, 1.5, 14, 2], "texture": "#0"},
				"west": {"uv": [14.5, 1.5, 15, 2], "texture": "#0"},
				"up": {"uv": [15, 1.5, 14, 2], "texture": "#0"},
				"down": {"uv": [15, 1.5, 14, 2], "texture": "#0"}
			}
		},
		{
			"from": [12.9873, 7.73127, 7.25],
			"to": [13.9873, 9.73127, 8.75],
			"rotation": {"angle": -45, "axis": "z", "origin": [13.2373, 8.73127, 8]},
			"faces": {
				"north": {"uv": [1, 6, 0, 8], "texture": "#0"},
				"east": {"uv": [3, 4, 1.5, 6], "texture": "#0"},
				"south": {"uv": [0, 6, 1, 8], "texture": "#0"},
				"west": {"uv": [1.5, 4, 0, 6], "texture": "#0"},
				"up": {"uv": [0, 6, 1, 6.5], "texture": "#0"},
				"down": {"uv": [0, 7.5, 1, 8], "texture": "#0"}
			}
		},
		{
			"from": [12.1, 3.5, 7.5],
			"to": [13.1, 8.5, 8.5],
			"rotation": {"angle": -22.5, "axis": "z", "origin": [13, 4.5, 8]},
			"faces": {
				"north": {"uv": [1, 8, 0, 13], "texture": "#0"},
				"east": {"uv": [1, 8, 0.5, 13], "texture": "#0"},
				"south": {"uv": [0, 8, 1, 13], "texture": "#0"},
				"west": {"uv": [0.5, 8, 0, 13], "texture": "#0"},
				"up": {"uv": [0, 8, 1, 9], "texture": "#0"},
				"down": {"uv": [0, 8, 1, 9], "texture": "#0"}
			}
		}
	],
	"display": {
		"thirdperson_righthand": {
			"rotation": [0, -45, 0],
			"translation": [12.75, 3.5, 5.5],
			"scale": [1.5, 1.5, 1.5]
		},
		"thirdperson_lefthand": {
			"rotation": [0, -45, 0],
			"translation": [12.75, 3.5, 5.5],
			"scale": [1.5, 1.5, 1.5]
		},
		"firstperson_righthand": {
			"translation": [22, 2, -21.5],
			"scale": [2, 2, 2]
		},
		"firstperson_lefthand": {
			"translation": [22, 2, -21.5],
			"scale": [2, 2, 2]
		},
		"ground": {
			"rotation": [45, -45, 45],
			"translation": [0, 5, 0]
		},
		"gui": {
			"rotation": [-20, 160, 30],
			"scale": [2, 2, 2]
		},
		"fixed": {
			"translation": [0, 0, -1.5],
			"scale": [2, 2, 2]
		}
	},
	"groups": [
		{
			"name": "crystals",
			"origin": [8, 8, 8],
			"color": 0,
			"children": [
				{
					"name": "crystal",
					"origin": [7.75, 0, 7.25],
					"color": 0,
					"children": [0, 1]
				},
				{
					"name": "crystal",
					"origin": [7.75, 0, 7.25],
					"color": 0,
					"children": [2, 3]
				},
				{
					"name": "crystal",
					"origin": [7.75, 0, 7.25],
					"color": 0,
					"children": [4, 5]
				},
				{
					"name": "small crystal",
					"origin": [8, 0.5, 8],
					"color": 0,
					"children": [6, 7]
				},
				{
					"name": "small crystal",
					"origin": [8, 0.5, 8],
					"color": 0,
					"children": [8, 9]
				}
			]
		},
		{
			"name": "group",
			"origin": [7.5, 0, 7.5],
			"color": 0,
			"children": [10, 11, 12, 13, 14, 15, 16, 17, 18, 19, 20, 21, 22, 23, 24, 25, 26, 27, 28, 29, 30, 31, 32, 33, 34, 35]
		},
		{
			"name": "group",
			"origin": [8, 8, 8],
			"color": 0,
			"children": [
				{
					"name": "group",
					"origin": [8, 9.5, 8],
					"color": 0,
					"children": [36, 37]
				},
				38,
				39
			]
		},
		{
			"name": "group",
			"origin": [3, 4.5, 8],
			"color": 0,
			"children": [40, 41]
		},
		{
			"name": "group",
			"origin": [3, 4.5, 8],
			"color": 0,
			"children": []
		},
		42,
		43,
		44,
		45,
		46,
		47,
		48,
		49,
		50,
		51,
		{
			"name": "group",
			"origin": [3, 4.5, 8],
			"color": 0,
			"children": [52, 53]
		}
	]
}