{
	"credit": "Made with Blockbench",
	"texture_size": [4, 4],
	"textures": {
		"0": "./glock",
		"particle": "./glock"
	},
	"elements": [
		{
			"name": "рукоят",
			"from": [6.9, -3, 11],
			"to": [8.1, 1, 13],
			"rotation": {"angle": -22.5, "axis": "x", "origin": [0, 0, 0]},
			"faces": {
				"north": {"uv": [2, 13, 2.75, 16], "texture": "#0"},
				"east": {"uv": [2.75, 13, 4.5, 16], "texture": "#0"},
				"south": {"uv": [1, 13, 2, 16], "texture": "#0"},
				"west": {"uv": [4.5, 13, 2.75, 16], "texture": "#0"},
				"up": {"uv": [2, 12.25, 2.75, 13], "texture": "#0"},
				"down": {"uv": [4.5, 13, 5.5, 14.75], "texture": "#0"}
			}
		},
		{
			"from": [7, 5, 6],
			"to": [8, 6, 11],
			"faces": {
				"north": {"uv": [12.75, 10, 13.75, 11], "rotation": 180, "texture": "#0"},
				"east": {"uv": [11.75, 11, 12.75, 16], "rotation": 90, "texture": "#0"},
				"south": {"uv": [0, 0, 8, 8], "texture": "#0"},
				"west": {"uv": [12.75, 11, 13.75, 16], "rotation": 270, "texture": "#0"},
				"up": {"uv": [13.75, 7.5, 16, 16], "texture": "#0"},
				"down": {"uv": [10.75, 11, 11.75, 16], "rotation": 180, "texture": "#0"}
			}
		},
		{
			"name": "крышка затвора",
			"from": [6.9, 6, 6],
			"to": [8.1, 7, 12.9],
			"faces": {
				"north": {"uv": [2, 2, 3, 3], "texture": "#0"},
				"east": {"uv": [0, 0, 7, 1], "texture": "#0"},
				"south": {"uv": [2, 3, 3, 4], "texture": "#0"},
				"west": {"uv": [0, 1, 7, 2], "texture": "#0"},
				"up": {"uv": [1, 9, 0, 2], "texture": "#0"},
				"down": {"uv": [2, 2, 1, 9], "texture": "#0"}
			}
		},
		{
			"from": [6.85, 5, 10],
			"to": [8.15, 6, 12.4],
			"faces": {
				"north": {"uv": [8.75, 15, 9.75, 16], "rotation": 180, "texture": "#0"},
				"east": {"uv": [9.75, 14.25, 10.75, 16], "rotation": 90, "texture": "#0"},
				"south": {"uv": [8.75, 15, 9.75, 16], "texture": "#0"},
				"west": {"uv": [9.75, 12.5, 10.75, 14.25], "rotation": 270, "texture": "#0"},
				"up": {"uv": [8.75, 15, 9.75, 16], "texture": "#0"},
				"down": {"uv": [8.75, 15, 9.75, 16], "rotation": 180, "texture": "#0"}
			}
		},
		{
			"name": "мушка",
			"from": [7, 7, 12.5],
			"to": [8, 8, 12.5],
			"faces": {
				"north": {"uv": [10.5, 0, 12.25, 1.5], "texture": "#0"},
				"east": {"uv": [0, 0, 0, 4], "texture": "#0"},
				"south": {"uv": [8.75, 0, 10.5, 1.5], "texture": "#0"},
				"west": {"uv": [0, 0, 0, 4], "texture": "#0"},
				"up": {"uv": [0, 0, 4, 0], "texture": "#0"},
				"down": {"uv": [0, 0, 4, 0], "texture": "#0"}
			}
		},
		{
			"name": "мушка 2",
			"from": [7, 7, 6.5],
			"to": [8, 8, 6.5],
			"faces": {
				"north": {"uv": [8, 0, 8.75, 1], "texture": "#0"},
				"east": {"uv": [0, 0, 0, 4], "texture": "#0"},
				"south": {"uv": [7.25, 0, 8, 1], "texture": "#0"},
				"west": {"uv": [0, 0, 0, 4], "texture": "#0"},
				"up": {"uv": [0, 0, 4, 0], "texture": "#0"},
				"down": {"uv": [0, 0, 4, 0], "texture": "#0"}
			}
		},
		{
			"name": "дуло лютое",
			"from": [7.2, 6.1, 5.8],
			"to": [7.8, 6.7, 6.1],
			"faces": {
				"north": {"uv": [15.25, 0, 16, 0.75], "texture": "#0"},
				"east": {"uv": [14.5, 0, 15, 1], "texture": "#0"},
				"south": {"uv": [13.75, 0.5, 14.5, 1.25], "texture": "#0"},
				"west": {"uv": [15.5, 0.75, 16, 2], "texture": "#0"},
				"up": {"uv": [16, 3, 15.5, 2.5], "texture": "#0"},
				"down": {"uv": [14.5, 0, 13.5, 0.5], "texture": "#0"}
			}
		},
		{
			"name": "дуло не лютое",
			"from": [7.28, 5.4, 5.8],
			"to": [7.7, 5.82, 6.1],
			"faces": {
				"north": {"uv": [15.32, 0, 16, 0.68], "texture": "#0"},
				"east": {"uv": [13.75, 0.75, 14.45, 1.18], "texture": "#0"},
				"south": {"uv": [15.57, 0.75, 16, 1.43], "texture": "#0"},
				"west": {"uv": [15.55, 2.5, 16, 2.93], "texture": "#0"},
				"up": {"uv": [15.32, 0, 16, 0.7], "texture": "#0"},
				"down": {"uv": [14, 0, 14.93, 0.7], "texture": "#0"}
			}
		},
		{
			"name": "обойма",
			"from": [7, -3.3, 11.1],
			"to": [8, -2.8, 12.9],
			"rotation": {"angle": -22.5, "axis": "x", "origin": [0, 0, 0]},
			"faces": {
				"north": {"uv": [11.25, 9, 12.25, 9.75], "texture": "#0"},
				"east": {"uv": [9.25, 8.75, 11.2, 9.5], "texture": "#0"},
				"south": {"uv": [11.25, 9, 12.25, 9.75], "texture": "#0"},
				"west": {"uv": [11.2, 8.75, 9.25, 9.5], "texture": "#0"},
				"up": {"uv": [12.25, 7.75, 13.25, 9.7], "texture": "#0"},
				"down": {"uv": [12.25, 7.75, 13.25, 9.7], "texture": "#0"}
			}
		},
		{
			"name": "курок",
			"from": [7.5, 3, 9],
			"to": [7.5, 5, 11],
			"faces": {
				"north": {"uv": [0, 0, 0, 8], "texture": "#0"},
				"east": {"uv": [16, 6, 14.5, 7.5], "texture": "#0"},
				"south": {"uv": [0, 0, 0, 8], "texture": "#0"},
				"west": {"uv": [14.5, 6, 16, 7.5], "texture": "#0"},
				"up": {"uv": [0, 0, 0, 8], "texture": "#0"},
				"down": {"uv": [0, 0, 0, 8], "texture": "#0"}
			}
		},
		{
			"name": "сучка",
			"from": [7, 4, 9],
			"to": [8, 4, 11],
			"faces": {
				"north": {"uv": [0, 0, 4, 0], "texture": "#0"},
				"east": {"uv": [0, 0, 8, 0], "texture": "#0"},
				"south": {"uv": [0, 0, 4, 0], "texture": "#0"},
				"west": {"uv": [0, 0, 8, 0], "texture": "#0"},
				"up": {"uv": [13.75, 5.5, 14.5, 6.75], "texture": "#0"},
				"down": {"uv": [13.75, 6.75, 14.5, 5.5], "texture": "#0"}
			}
		},
		{
			"name": "сучка",
			"from": [7, 4, 9],
			"to": [8, 6, 9],
			"faces": {
				"north": {"uv": [13, 5.5, 13.75, 6.75], "rotation": 180, "texture": "#0"},
				"east": {"uv": [0, 0, 8, 0], "rotation": 270, "texture": "#0"},
				"south": {"uv": [13.75, 5.5, 14.5, 6.75], "texture": "#0"},
				"west": {"uv": [0, 0, 8, 0], "rotation": 90, "texture": "#0"},
				"up": {"uv": [0, 0, 4, 0], "rotation": 180, "texture": "#0"},
				"down": {"uv": [0, 0, 4, 0], "texture": "#0"}
			}
		},
		{
			"from": [6.92, -0.2, 13],
			"to": [8.07, 0.8, 14.2],
			"rotation": {"angle": -22.5, "axis": "x", "origin": [0, 0, 0]},
			"faces": {
				"north": {"uv": [0, 0, 8, 8], "rotation": 180, "texture": "#0"},
				"east": {"uv": [8.75, 14.75, 7.75, 16], "rotation": 90, "texture": "#0"},
				"south": {"uv": [6.75, 14.75, 7.75, 16], "texture": "#0"},
				"west": {"uv": [7.75, 14.75, 8.75, 16], "rotation": 270, "texture": "#0"},
				"up": {"uv": [5.75, 14, 6.5, 14.75], "texture": "#0"},
				"down": {"uv": [5.75, 14.75, 6.75, 16], "rotation": 180, "texture": "#0"}
			}
		}
	],
	"display": {
		"thirdperson_righthand": {
			"translation": [0.5, 2.75, -1.5]
		},
		"thirdperson_lefthand": {
			"translation": [-0.5, 2.75, -1.75]
		},
		"firstperson_righthand": {
			"rotation": [0, -4, 33],
			"translation": [2, 7.25, 0],
			"scale": [1.17, 1, 1]
		},
		"firstperson_lefthand": {
			"rotation": [-1, 0, 18],
			"translation": [-7.75, 7.2, 0.45]
		},
		"ground": {
			"rotation": [0, 0, 90],
			"translation": [-2.75, -0.5, -2]
		},
		"gui": {
			"rotation": [-35, 135, 5],
			"translation": [-2.25, 6, 0],
			"scale": [1.7, 1.7, 1.7]
		},
		"head": {
			"translation": [1, 8, -8.5],
			"scale": [2, 2, 2]
		},
		"fixed": {
			"rotation": [0, 90, 0],
			"translation": [-2.75, 5, -1.25],
			"scale": [1.5, 1.5, 1.5]
		}
	}
}