{
	"credit": "Made with Blockbench",
	"texture_size": [64, 64],
	"textures": {
		"1": "./big_meshok",
		"particle": "./big_meshok"
	},
	"elements": [
		{
			"from": [0, 0, 0],
			"to": [16, 16, 16],
			"faces": {
				"north": {"uv": [4, 4, 8, 8], "texture": "#1"},
				"east": {"uv": [4, 4, 8, 8], "texture": "#1"},
				"south": {"uv": [4, 4, 8, 8], "texture": "#1"},
				"west": {"uv": [4, 4, 8, 8], "texture": "#1"},
				"up": {"uv": [8, 8, 4, 4], "texture": "#1"},
				"down": {"uv": [8, 4, 4, 8], "texture": "#1"}
			}
		},
		{
			"from": [6, 16, 6],
			"to": [10, 17, 10],
			"faces": {
				"north": {"uv": [8, 7.25, 9, 7.5], "texture": "#1"},
				"east": {"uv": [8, 7.5, 9, 7.75], "texture": "#1"},
				"south": {"uv": [8, 7.75, 9, 8], "texture": "#1"},
				"west": {"uv": [8, 8, 9, 8.25], "texture": "#1"},
				"up": {"uv": [6.5, 9, 5.5, 8], "texture": "#1"},
				"down": {"uv": [9, 5.5, 8, 6.5], "texture": "#1"}
			}
		},
		{
			"from": [5, 17, 5],
			"to": [11, 18, 11],
			"faces": {
				"north": {"uv": [6.5, 8, 8, 8.25], "texture": "#1"},
				"east": {"uv": [8, 6.5, 9.5, 6.75], "texture": "#1"},
				"south": {"uv": [8, 6.75, 9.5, 7], "texture": "#1"},
				"west": {"uv": [8, 7, 9.5, 7.25], "texture": "#1"},
				"up": {"uv": [5.5, 9.5, 4, 8], "texture": "#1"},
				"down": {"uv": [9.5, 4, 8, 5.5], "texture": "#1"}
			}
		}
	],
	"display": {
		"thirdperson_righthand": {
			"rotation": [67.25, 0, 0],
			"translation": [-5.5, 7.5, -0.25],
			"scale": [1.1, 1.1, 1.1]
		},
		"thirdperson_lefthand": {
			"rotation": [67.25, 0, 0],
			"translation": [-5.5, -14, 8.25],
			"scale": [1.1, 1.1, 1.1]
		},
		"firstperson_righthand": {
			"translation": [-8.75, -6.5, 0]
		},
		"firstperson_lefthand": {
			"translation": [0, -80, -1]
		},
		"ground": {
			"translation": [0, 5.25, 0]
		},
		"gui": {
			"rotation": [4.79, 21.33, -0.66],
			"translation": [0.5, -0.25, 0],
			"scale": [0.7, 0.7, 0.7]
		},
		"head": {
			"translation": [0, 17.75, 0],
			"scale": [1.5, 1.5, 1.5]
		},
		"fixed": {
			"rotation": [-90, 0, 0],
			"translation": [0, -0.75, -20.25],
			"scale": [2.5, 2.5, 2.5]
		}
	}
}