{
	"credit": "Made with Blockbench",
	"texture_size": [14, 12],
	"textures": {
		"0": "./wire_mph2",
		"particle": "./wire_mph2"
	},
	"elements": [
		{
			"from": [6, 4, 6],
			"to": [10, 8, 10],
			"faces": {
				"north": {"uv": [0, 5.33333, 4.57143, 10.66667], "texture": "#0"},
				"east": {"uv": [0, 0, 4.57143, 5.33333], "texture": "#0"},
				"south": {"uv": [9.14286, 5.33334, 4.57143, 10.66667], "texture": "#0"},
				"west": {"uv": [9.14286, 0, 4.57143, 5.33333], "texture": "#0"},
				"up": {"uv": [9.14286, 16, 4.57143, 10.66666], "texture": "#0"},
				"down": {"uv": [4.57143, 16, 0, 10.66667], "texture": "#0"}
			}
		},
		{
			"from": [6.5, -3, 6.5],
			"to": [9.5, 4, 9.5],
			"faces": {
				"north": {"uv": [12.57143, 0, 9.14286, 9.33333], "texture": "#0"},
				"east": {"uv": [16, 0, 12.57143, 9.33333], "texture": "#0"},
				"south": {"uv": [12.57143, 0, 9.14286, 9.33333], "texture": "#0"},
				"west": {"uv": [16, 0, 12.57143, 9.33333], "texture": "#0"},
				"up": {"uv": [11.42857, 6.66667, 10.28571, 8], "texture": "#0"},
				"down": {"uv": [12.57143, 8, 9.14286, 9.33333], "texture": "#0"}
			}
		},
		{
			"from": [6.5, -6, 8],
			"to": [9.5, -2, 8],
			"faces": {
				"north": {"uv": [9.14286, 9.33333, 12.57143, 16], "texture": "#0"},
				"east": {"uv": [9.14286, 9.33333, 12.57143, 16], "texture": "#0"},
				"south": {"uv": [9.14286, 9.33334, 12.57143, 16], "texture": "#0"},
				"west": {"uv": [9.14286, 9.33334, 12.57143, 16], "texture": "#0"},
				"up": {"uv": [10.28572, 9.33333, 10.28572, 10.66667], "texture": "#0"},
				"down": {"uv": [10.28572, 9.33333, 10.28572, 10.66667], "texture": "#0"}
			}
		},
		{
			"from": [8, -6, 6.5],
			"to": [8, -2, 9.5],
			"rotation": {"angle": 0, "axis": "y", "origin": [8, -4, 8]},
			"faces": {
				"north": {"uv": [9.14286, 9.33333, 12.57143, 16], "texture": "#0"},
				"east": {"uv": [9.14286, 9.33333, 12.57143, 16], "texture": "#0"},
				"south": {"uv": [9.14286, 9.33333, 12.57143, 16], "texture": "#0"},
				"west": {"uv": [9.14286, 9.33333, 12.57143, 16], "texture": "#0"},
				"up": {"uv": [10.28572, 9.33333, 10.28572, 9.33333], "rotation": 90, "texture": "#0"},
				"down": {"uv": [10.28572, 9.33333, 10.28572, 9.33333], "rotation": 270, "texture": "#0"}
			}
		}
	],
	"display": {
		"thirdperson_righthand": {
			"translation": [0, 4, 2],
			"scale": [0.8, 0.8, 0.8]
		},
		"thirdperson_lefthand": {
			"translation": [0, 4, 2],
			"scale": [0.8, 0.8, 0.8]
		},
		"firstperson_righthand": {
			"rotation": [0, 0, 30],
			"translation": [-2.5, 7.5, 0.5],
			"scale": [0.8, 0.8, 0.8]
		},
		"firstperson_lefthand": {
			"rotation": [0, 0, 30],
			"translation": [-2.5, 7.5, 0.5],
			"scale": [0.8, 0.8, 0.8]
		},
		"ground": {
			"rotation": [0, 0, -90],
			"translation": [4.5, -1.25, 0],
			"scale": [0.8, 0.8, 0.8]
		},
		"gui": {
			"rotation": [45, -165, 35],
			"translation": [3.5, 4, 0]
		},
		"head": {
			"rotation": [0, 0, 84],
			"translation": [-5.75, 9, 0]
		},
		"fixed": {
			"translation": [0, 10, -2.5],
			"scale": [1.7, 1.7, 1.7]
		}
	}
}