{
	"credit": "Made with Blockbench",
	"texture_size": [32, 32],
	"textures": {
		"0": "./frostscythe",
		"particle": "./frostscythe"
	},
	"elements": [
		{
			"name": "frostscythe_0",
			"from": [7.75, 16.5, 5.75],
			"to": [8.25, 17, 6.25],
			"rotation": {"angle": 0, "axis": "y", "origin": [8, 0.25, 7.75]},
			"faces": {
				"north": {"uv": [8.5, 1.5, 9, 2], "texture": "#0"},
				"east": {"uv": [8.5, 1.5, 9, 2], "texture": "#0"},
				"south": {"uv": [8.5, 1.5, 9, 2], "texture": "#0"},
				"west": {"uv": [8.5, 2, 9, 1.5], "rotation": 180, "texture": "#0"},
				"up": {"uv": [9, 1.5, 8.5, 2], "rotation": 90, "texture": "#0"},
				"down": {"uv": [8.5, 1.5, 9, 2], "rotation": 90, "texture": "#0"}
			}
		},
		{
			"name": "frostscythe_1",
			"from": [7.75, 14, 4.25],
			"to": [8.25, 17, 4.75],
			"rotation": {"angle": 0, "axis": "y", "origin": [8, 0.25, 7.75]},
			"faces": {
				"north": {"uv": [10, 1.5, 10.5, 4.5], "texture": "#0"},
				"east": {"uv": [10, 1.5, 10.5, 4.5], "texture": "#0"},
				"south": {"uv": [10, 1.5, 10.5, 4.5], "texture": "#0"},
				"west": {"uv": [10, 4.5, 10.5, 1.5], "rotation": 180, "texture": "#0"},
				"up": {"uv": [10.5, 1.5, 10, 2], "rotation": 90, "texture": "#0"},
				"down": {"uv": [10, 4, 10.5, 4.5], "rotation": 90, "texture": "#0"}
			}
		},
		{
			"name": "frostscythe_2",
			"from": [7.75, 15.5, 6.75],
			"to": [8.25, 16.5, 7.25],
			"rotation": {"angle": 0, "axis": "y", "origin": [8, 0.25, 7.75]},
			"faces": {
				"north": {"uv": [7.5, 2, 8, 3], "texture": "#0"},
				"east": {"uv": [7.5, 2, 8, 3], "texture": "#0"},
				"south": {"uv": [7.5, 2, 8, 3], "texture": "#0"},
				"west": {"uv": [7.5, 3, 8, 2], "rotation": 180, "texture": "#0"},
				"up": {"uv": [8, 2, 7.5, 2.5], "rotation": 90, "texture": "#0"},
				"down": {"uv": [7.5, 2.5, 8, 3], "rotation": 90, "texture": "#0"}
			}
		},
		{
			"name": "frostscythe_3",
			"from": [7.75, 13.5, 5.25],
			"to": [8.25, 16.5, 5.75],
			"rotation": {"angle": 0, "axis": "y", "origin": [8, 0.25, 7.75]},
			"faces": {
				"north": {"uv": [9, 2, 9.5, 5], "texture": "#0"},
				"east": {"uv": [9, 2, 9.5, 5], "texture": "#0"},
				"south": {"uv": [9, 2, 9.5, 5], "texture": "#0"},
				"west": {"uv": [9, 5, 9.5, 2], "rotation": 180, "texture": "#0"},
				"up": {"uv": [9.5, 2, 9, 2.5], "rotation": 90, "texture": "#0"},
				"down": {"uv": [9, 4.5, 9.5, 5], "rotation": 90, "texture": "#0"}
			}
		},
		{
			"name": "frostscythe_4",
			"from": [7.75, 15, 5.75],
			"to": [8.25, 16, 6.75],
			"rotation": {"angle": 0, "axis": "y", "origin": [8, 0.25, 7.75]},
			"faces": {
				"north": {"uv": [8.5, 2.5, 9, 3.5], "texture": "#0"},
				"east": {"uv": [8, 2.5, 9, 3.5], "texture": "#0"},
				"south": {"uv": [8, 2.5, 8.5, 3.5], "texture": "#0"},
				"west": {"uv": [8, 3.5, 9, 2.5], "rotation": 180, "texture": "#0"},
				"up": {"uv": [9, 2.5, 8, 3], "rotation": 90, "texture": "#0"},
				"down": {"uv": [8, 3, 9, 3.5], "rotation": 90, "texture": "#0"}
			}
		},
		{
			"name": "frostscythe_5",
			"from": [7.75, 13.5, 3.75],
			"to": [8.25, 16, 4.25],
			"rotation": {"angle": 0, "axis": "y", "origin": [8, 0.25, 7.75]},
			"faces": {
				"north": {"uv": [10.5, 2.5, 11, 5], "texture": "#0"},
				"east": {"uv": [10.5, 2.5, 11, 5], "texture": "#0"},
				"south": {"uv": [10.5, 2.5, 11, 5], "texture": "#0"},
				"west": {"uv": [10.5, 5, 11, 2.5], "rotation": 180, "texture": "#0"},
				"up": {"uv": [11, 2.5, 10.5, 3], "rotation": 90, "texture": "#0"},
				"down": {"uv": [10.5, 4.5, 11, 5], "rotation": 90, "texture": "#0"}
			}
		},
		{
			"name": "frostscythe_6",
			"from": [7.75, 12, 2.75],
			"to": [8.25, 16, 3.25],
			"rotation": {"angle": 0, "axis": "y", "origin": [8, 0.25, 7.75]},
			"faces": {
				"north": {"uv": [11.5, 2.5, 12, 6.5], "texture": "#0"},
				"east": {"uv": [11.5, 2.5, 12, 6.5], "texture": "#0"},
				"south": {"uv": [11.5, 2.5, 12, 6.5], "texture": "#0"},
				"west": {"uv": [11.5, 6.5, 12, 2.5], "rotation": 180, "texture": "#0"},
				"up": {"uv": [12, 2.5, 11.5, 3], "rotation": 90, "texture": "#0"},
				"down": {"uv": [11.5, 6, 12, 6.5], "rotation": 90, "texture": "#0"}
			}
		},
		{
			"name": "frostscythe_7",
			"from": [7.75, 14, 4.75],
			"to": [8.25, 15.5, 5.25],
			"rotation": {"angle": 0, "axis": "y", "origin": [8, 0.25, 7.75]},
			"faces": {
				"north": {"uv": [9.5, 3, 10, 4.5], "texture": "#0"},
				"east": {"uv": [9.5, 3, 10, 4.5], "texture": "#0"},
				"south": {"uv": [9.5, 3, 10, 4.5], "texture": "#0"},
				"west": {"uv": [9.5, 4.5, 10, 3], "rotation": 180, "texture": "#0"},
				"up": {"uv": [10, 3, 9.5, 3.5], "rotation": 90, "texture": "#0"},
				"down": {"uv": [9.5, 4, 10, 4.5], "rotation": 90, "texture": "#0"}
			}
		},
		{
			"name": "frostscythe_8",
			"from": [7.75, 13, 3.25],
			"to": [8.25, 15.5, 3.75],
			"rotation": {"angle": 0, "axis": "y", "origin": [8, 0.25, 7.75]},
			"faces": {
				"north": {"uv": [11, 3, 11.5, 5.5], "texture": "#0"},
				"east": {"uv": [11, 3, 11.5, 5.5], "texture": "#0"},
				"south": {"uv": [11, 3, 11.5, 5.5], "texture": "#0"},
				"west": {"uv": [11, 5.5, 11.5, 3], "rotation": 180, "texture": "#0"},
				"up": {"uv": [11.5, 3, 11, 3.5], "rotation": 90, "texture": "#0"},
				"down": {"uv": [11, 5, 11.5, 5.5], "rotation": 90, "texture": "#0"}
			}
		},
		{
			"name": "frostscythe_9",
			"from": [7.75, 12.5, 5.75],
			"to": [8.25, 15, 6.25],
			"rotation": {"angle": 0, "axis": "y", "origin": [8, 0.25, 7.75]},
			"faces": {
				"north": {"uv": [8.5, 3.5, 9, 6], "texture": "#0"},
				"east": {"uv": [8.5, 3.5, 9, 6], "texture": "#0"},
				"south": {"uv": [8.5, 3.5, 9, 6], "texture": "#0"},
				"west": {"uv": [8.5, 6, 9, 3.5], "rotation": 180, "texture": "#0"},
				"up": {"uv": [9, 3.5, 8.5, 4], "rotation": 90, "texture": "#0"},
				"down": {"uv": [8.5, 5.5, 9, 6], "rotation": 90, "texture": "#0"}
			}
		},
		{
			"name": "frostscythe_10",
			"from": [7.75, 14, 6.25],
			"to": [8.25, 14.5, 7.25],
			"rotation": {"angle": 0, "axis": "y", "origin": [8, 0.25, 7.75]},
			"faces": {
				"north": {"uv": [8, 4, 8.5, 4.5], "texture": "#0"},
				"east": {"uv": [7.5, 4, 8.5, 4.5], "texture": "#0"},
				"south": {"uv": [7.5, 4, 8, 4.5], "texture": "#0"},
				"west": {"uv": [7.5, 4.5, 8.5, 4], "rotation": 180, "texture": "#0"},
				"up": {"uv": [8.5, 4, 7.5, 4.5], "rotation": 90, "texture": "#0"},
				"down": {"uv": [7.5, 4, 8.5, 4.5], "rotation": 90, "texture": "#0"}
			}
		},
		{
			"name": "frostscythe_11",
			"from": [7.75, 8, 1.75],
			"to": [8.25, 14.5, 2.25],
			"rotation": {"angle": 0, "axis": "y", "origin": [8, 0.25, 7.75]},
			"faces": {
				"north": {"uv": [12.5, 4, 13, 10.5], "texture": "#0"},
				"east": {"uv": [12.5, 4, 13, 10.5], "texture": "#0"},
				"south": {"uv": [12.5, 4, 13, 10.5], "texture": "#0"},
				"west": {"uv": [12.5, 10.5, 13, 4], "rotation": 180, "texture": "#0"},
				"up": {"uv": [13, 4, 12.5, 4.5], "rotation": 90, "texture": "#0"},
				"down": {"uv": [12.5, 10, 13, 10.5], "rotation": 90, "texture": "#0"}
			}
		},
		{
			"name": "frostscythe_12",
			"from": [7.75, 10, 6.25],
			"to": [8.25, 14, 6.75],
			"rotation": {"angle": 0, "axis": "y", "origin": [8, 0.25, 7.75]},
			"faces": {
				"north": {"uv": [8, 4.5, 8.5, 8.5], "texture": "#0"},
				"east": {"uv": [8, 4.5, 8.5, 8.5], "texture": "#0"},
				"south": {"uv": [8, 4.5, 8.5, 8.5], "texture": "#0"},
				"west": {"uv": [8, 8.5, 8.5, 4.5], "rotation": 180, "texture": "#0"},
				"up": {"uv": [8.5, 4.5, 8, 5], "rotation": 90, "texture": "#0"},
				"down": {"uv": [8, 8, 8.5, 8.5], "rotation": 90, "texture": "#0"}
			}
		},
		{
			"name": "frostscythe_13",
			"from": [7.75, 10.5, 2.25],
			"to": [8.25, 14, 2.75],
			"rotation": {"angle": 0, "axis": "y", "origin": [8, 0.25, 7.75]},
			"faces": {
				"north": {"uv": [12, 4.5, 12.5, 8], "texture": "#0"},
				"east": {"uv": [12, 4.5, 12.5, 8], "texture": "#0"},
				"south": {"uv": [12, 4.5, 12.5, 8], "texture": "#0"},
				"west": {"uv": [12, 8, 12.5, 4.5], "rotation": 180, "texture": "#0"},
				"up": {"uv": [12.5, 4.5, 12, 5], "rotation": 90, "texture": "#0"},
				"down": {"uv": [12, 7.5, 12.5, 8], "rotation": 90, "texture": "#0"}
			}
		},
		{
			"name": "frostscythe_14",
			"from": [7.75, 13, 6.75],
			"to": [8.25, 13.5, 8.25],
			"rotation": {"angle": 0, "axis": "y", "origin": [8, 0.25, 7.75]},
			"faces": {
				"north": {"uv": [7.5, 5, 8, 5.5], "texture": "#0"},
				"east": {"uv": [6.5, 5, 8, 5.5], "texture": "#0"},
				"south": {"uv": [6.5, 5, 7, 5.5], "texture": "#0"},
				"west": {"uv": [6.5, 5.5, 8, 5], "rotation": 180, "texture": "#0"},
				"up": {"uv": [8, 5, 6.5, 5.5], "rotation": 90, "texture": "#0"},
				"down": {"uv": [6.5, 5, 8, 5.5], "rotation": 90, "texture": "#0"}
			}
		},
		{
			"name": "frostscythe_15",
			"from": [7.75, 9.5, 6.75],
			"to": [8.25, 13, 7.25],
			"rotation": {"angle": 0, "axis": "y", "origin": [8, 0.25, 7.75]},
			"faces": {
				"north": {"uv": [7.5, 5.5, 8, 9], "texture": "#0"},
				"east": {"uv": [7.5, 5.5, 8, 9], "texture": "#0"},
				"south": {"uv": [7.5, 5.5, 8, 9], "texture": "#0"},
				"west": {"uv": [7.5, 9, 8, 5.5], "rotation": 180, "texture": "#0"},
				"up": {"uv": [8, 5.5, 7.5, 6], "rotation": 90, "texture": "#0"},
				"down": {"uv": [7.5, 8.5, 8, 9], "rotation": 90, "texture": "#0"}
			}
		},
		{
			"name": "frostscythe_16",
			"from": [7.75, 9, 7.25],
			"to": [8.25, 12.5, 7.75],
			"rotation": {"angle": 0, "axis": "y", "origin": [8, 0.25, 7.75]},
			"faces": {
				"north": {"uv": [7, 6, 7.5, 9.5], "texture": "#0"},
				"east": {"uv": [7, 6, 7.5, 9.5], "texture": "#0"},
				"south": {"uv": [7, 6, 7.5, 9.5], "texture": "#0"},
				"west": {"uv": [7, 9.5, 7.5, 6], "rotation": 180, "texture": "#0"},
				"up": {"uv": [7.5, 6, 7, 6.5], "rotation": 90, "texture": "#0"},
				"down": {"uv": [7, 9, 7.5, 9.5], "rotation": 90, "texture": "#0"}
			}
		},
		{
			"name": "frostscythe_17",
			"from": [7.75, 9, 1.25],
			"to": [8.25, 12, 1.75],
			"rotation": {"angle": 0, "axis": "y", "origin": [8, 0.25, 7.75]},
			"faces": {
				"north": {"uv": [13, 6.5, 13.5, 9.5], "texture": "#0"},
				"east": {"uv": [13, 6.5, 13.5, 9.5], "texture": "#0"},
				"south": {"uv": [13, 6.5, 13.5, 9.5], "texture": "#0"},
				"west": {"uv": [13, 9.5, 13.5, 6.5], "rotation": 180, "texture": "#0"},
				"up": {"uv": [13.5, 6.5, 13, 7], "rotation": 90, "texture": "#0"},
				"down": {"uv": [13, 9, 13.5, 9.5], "rotation": 90, "texture": "#0"}
			}
		},
		{
			"name": "frostscythe_18",
			"from": [7.75, 11.5, 0.25],
			"to": [8.25, 12, 0.75],
			"rotation": {"angle": 0, "axis": "y", "origin": [8, 0.25, 7.75]},
			"faces": {
				"north": {"uv": [14, 6.5, 14.5, 7], "texture": "#0"},
				"east": {"uv": [14, 6.5, 14.5, 7], "texture": "#0"},
				"south": {"uv": [14, 6.5, 14.5, 7], "texture": "#0"},
				"west": {"uv": [14, 7, 14.5, 6.5], "rotation": 180, "texture": "#0"},
				"up": {"uv": [14.5, 6.5, 14, 7], "rotation": 90, "texture": "#0"},
				"down": {"uv": [14, 6.5, 14.5, 7], "rotation": 90, "texture": "#0"}
			}
		},
		{
			"name": "frostscythe_19",
			"from": [7.75, 11, 8.25],
			"to": [8.25, 11.5, 9.75],
			"rotation": {"angle": 0, "axis": "y", "origin": [8, 0.25, 7.75]},
			"faces": {
				"north": {"uv": [6, 7, 6.5, 7.5], "texture": "#0"},
				"east": {"uv": [5, 7, 6.5, 7.5], "texture": "#0"},
				"south": {"uv": [5, 7, 5.5, 7.5], "texture": "#0"},
				"west": {"uv": [5, 7.5, 6.5, 7], "rotation": 180, "texture": "#0"},
				"up": {"uv": [6.5, 7, 5, 7.5], "rotation": 90, "texture": "#0"},
				"down": {"uv": [5, 7, 6.5, 7.5], "rotation": 90, "texture": "#0"}
			}
		},
		{
			"name": "frostscythe_20",
			"from": [7.75, 10.5, 0.75],
			"to": [8.25, 11.5, 1.25],
			"rotation": {"angle": 0, "axis": "y", "origin": [8, 0.25, 7.75]},
			"faces": {
				"north": {"uv": [13.5, 7, 14, 8], "texture": "#0"},
				"east": {"uv": [13.5, 7, 14, 8], "texture": "#0"},
				"south": {"uv": [13.5, 7, 14, 8], "texture": "#0"},
				"west": {"uv": [13.5, 8, 14, 7], "rotation": 180, "texture": "#0"},
				"up": {"uv": [14, 7, 13.5, 7.5], "rotation": 90, "texture": "#0"},
				"down": {"uv": [13.5, 7.5, 14, 8], "rotation": 90, "texture": "#0"}
			}
		},
		{
			"name": "frostscythe_21",
			"from": [7.75, 10.5, 7.75],
			"to": [8.25, 11, 9.25],
			"rotation": {"angle": 0, "axis": "y", "origin": [8, 0.25, 7.75]},
			"faces": {
				"north": {"uv": [6.5, 7.5, 7, 8], "texture": "#0"},
				"east": {"uv": [5.5, 7.5, 7, 8], "texture": "#0"},
				"south": {"uv": [5.5, 7.5, 6, 8], "texture": "#0"},
				"west": {"uv": [5.5, 8, 7, 7.5], "rotation": 180, "texture": "#0"},
				"up": {"uv": [7, 7.5, 5.5, 8], "rotation": 90, "texture": "#0"},
				"down": {"uv": [5.5, 7.5, 7, 8], "rotation": 90, "texture": "#0"}
			}
		},
		{
			"name": "frostscythe_22",
			"from": [7.75, 10, 7.75],
			"to": [8.25, 10.5, 8.75],
			"rotation": {"angle": 0, "axis": "y", "origin": [8, 0.25, 7.75]},
			"faces": {
				"north": {"uv": [6.5, 8, 7, 8.5], "texture": "#0"},
				"east": {"uv": [6, 8, 7, 8.5], "texture": "#0"},
				"south": {"uv": [6, 8, 6.5, 8.5], "texture": "#0"},
				"west": {"uv": [6, 8.5, 7, 8], "rotation": 180, "texture": "#0"},
				"up": {"uv": [7, 8, 6, 8.5], "rotation": 90, "texture": "#0"},
				"down": {"uv": [6, 8, 7, 8.5], "rotation": 90, "texture": "#0"}
			}
		},
		{
			"name": "frostscythe_23",
			"from": [7.75, 8.5, 7.75],
			"to": [8.25, 10, 8.25],
			"rotation": {"angle": 0, "axis": "y", "origin": [8, 0.25, 7.75]},
			"faces": {
				"north": {"uv": [6.5, 8.5, 7, 10], "texture": "#0"},
				"east": {"uv": [6.5, 8.5, 7, 10], "texture": "#0"},
				"south": {"uv": [6.5, 8.5, 7, 10], "texture": "#0"},
				"west": {"uv": [6.5, 10, 7, 8.5], "rotation": 180, "texture": "#0"},
				"up": {"uv": [7, 8.5, 6.5, 9], "rotation": 90, "texture": "#0"},
				"down": {"uv": [6.5, 9.5, 7, 10], "rotation": 90, "texture": "#0"}
			}
		},
		{
			"name": "frostscythe_24",
			"from": [7.75, 8, 8.25],
			"to": [8.25, 9.5, 8.75],
			"rotation": {"angle": 0, "axis": "y", "origin": [8, 0.25, 7.75]},
			"faces": {
				"north": {"uv": [6, 9, 6.5, 10.5], "texture": "#0"},
				"east": {"uv": [6, 9, 6.5, 10.5], "texture": "#0"},
				"south": {"uv": [6, 9, 6.5, 10.5], "texture": "#0"},
				"west": {"uv": [6, 10.5, 6.5, 9], "rotation": 180, "texture": "#0"},
				"up": {"uv": [6.5, 9, 6, 9.5], "rotation": 90, "texture": "#0"},
				"down": {"uv": [6, 10, 6.5, 10.5], "rotation": 90, "texture": "#0"}
			}
		},
		{
			"name": "frostscythe_25",
			"from": [7.75, 7.5, 8.75],
			"to": [8.25, 9, 9.25],
			"rotation": {"angle": 0, "axis": "y", "origin": [8, 0.25, 7.75]},
			"faces": {
				"north": {"uv": [5.5, 9.5, 6, 11], "texture": "#0"},
				"east": {"uv": [5.5, 9.5, 6, 11], "texture": "#0"},
				"south": {"uv": [5.5, 9.5, 6, 11], "texture": "#0"},
				"west": {"uv": [5.5, 11, 6, 9.5], "rotation": 180, "texture": "#0"},
				"up": {"uv": [6, 9.5, 5.5, 10], "rotation": 90, "texture": "#0"},
				"down": {"uv": [5.5, 10.5, 6, 11], "rotation": 90, "texture": "#0"}
			}
		},
		{
			"name": "frostscythe_26",
			"from": [7.75, 7, 2.25],
			"to": [8.25, 9, 2.75],
			"rotation": {"angle": 0, "axis": "y", "origin": [8, 0.25, 7.75]},
			"faces": {
				"north": {"uv": [12, 9.5, 12.5, 11.5], "texture": "#0"},
				"east": {"uv": [12, 9.5, 12.5, 11.5], "texture": "#0"},
				"south": {"uv": [12, 9.5, 12.5, 11.5], "texture": "#0"},
				"west": {"uv": [12, 11.5, 12.5, 9.5], "rotation": 180, "texture": "#0"},
				"up": {"uv": [12.5, 9.5, 12, 10], "rotation": 90, "texture": "#0"},
				"down": {"uv": [12, 11, 12.5, 11.5], "rotation": 90, "texture": "#0"}
			}
		},
		{
			"name": "frostscythe_27",
			"from": [7.75, 7, 9.25],
			"to": [8.25, 8.5, 9.75],
			"rotation": {"angle": 0, "axis": "y", "origin": [8, 0.25, 7.75]},
			"faces": {
				"north": {"uv": [5, 10, 5.5, 11.5], "texture": "#0"},
				"east": {"uv": [5, 10, 5.5, 11.5], "texture": "#0"},
				"south": {"uv": [5, 10, 5.5, 11.5], "texture": "#0"},
				"west": {"uv": [5, 11.5, 5.5, 10], "rotation": 180, "texture": "#0"},
				"up": {"uv": [5.5, 10, 5, 10.5], "rotation": 90, "texture": "#0"},
				"down": {"uv": [5, 11, 5.5, 11.5], "rotation": 90, "texture": "#0"}
			}
		},
		{
			"name": "frostscythe_28",
			"from": [7.75, 6.5, 9.75],
			"to": [8.25, 8, 10.25],
			"rotation": {"angle": 0, "axis": "y", "origin": [8, 0.25, 7.75]},
			"faces": {
				"north": {"uv": [4.5, 10.5, 5, 12], "texture": "#0"},
				"east": {"uv": [4.5, 10.5, 5, 12], "texture": "#0"},
				"south": {"uv": [4.5, 10.5, 5, 12], "texture": "#0"},
				"west": {"uv": [4.5, 12, 5, 10.5], "rotation": 180, "texture": "#0"},
				"up": {"uv": [5, 10.5, 4.5, 11], "rotation": 90, "texture": "#0"},
				"down": {"uv": [4.5, 11.5, 5, 12], "rotation": 90, "texture": "#0"}
			}
		},
		{
			"name": "frostscythe_29",
			"from": [7.75, 6, 10.25],
			"to": [8.25, 7.5, 11.25],
			"rotation": {"angle": 0, "axis": "y", "origin": [8, 0.25, 7.75]},
			"faces": {
				"north": {"uv": [4, 11, 4.5, 12.5], "texture": "#0"},
				"east": {"uv": [3.5, 11, 4.5, 12.5], "texture": "#0"},
				"south": {"uv": [3.5, 11, 4, 12.5], "texture": "#0"},
				"west": {"uv": [3.5, 12.5, 4.5, 11], "rotation": 180, "texture": "#0"},
				"up": {"uv": [4.5, 11, 3.5, 11.5], "rotation": 90, "texture": "#0"},
				"down": {"uv": [3.5, 12, 4.5, 12.5], "rotation": 90, "texture": "#0"}
			}
		},
		{
			"name": "frostscythe_30",
			"from": [7.75, 6, 11.25],
			"to": [8.25, 6.5, 12.75],
			"rotation": {"angle": 0, "axis": "y", "origin": [8, 0.25, 7.75]},
			"faces": {
				"north": {"uv": [3, 12, 3.5, 12.5], "texture": "#0"},
				"east": {"uv": [2, 12, 3.5, 12.5], "texture": "#0"},
				"south": {"uv": [2, 12, 2.5, 12.5], "texture": "#0"},
				"west": {"uv": [2, 12.5, 3.5, 12], "rotation": 180, "texture": "#0"},
				"up": {"uv": [3.5, 12, 2, 12.5], "rotation": 90, "texture": "#0"},
				"down": {"uv": [2, 12, 3.5, 12.5], "rotation": 90, "texture": "#0"}
			}
		},
		{
			"name": "frostscythe_31",
			"from": [7.75, 5, 11.25],
			"to": [8.25, 6, 12.25],
			"rotation": {"angle": 0, "axis": "y", "origin": [8, 0.25, 7.75]},
			"faces": {
				"north": {"uv": [3, 12.5, 3.5, 13.5], "texture": "#0"},
				"east": {"uv": [2.5, 12.5, 3.5, 13.5], "texture": "#0"},
				"south": {"uv": [2.5, 12.5, 3, 13.5], "texture": "#0"},
				"west": {"uv": [2.5, 13.5, 3.5, 12.5], "rotation": 180, "texture": "#0"},
				"up": {"uv": [3.5, 12.5, 2.5, 13], "rotation": 90, "texture": "#0"},
				"down": {"uv": [2.5, 13, 3.5, 13.5], "rotation": 90, "texture": "#0"}
			}
		},
		{
			"name": "frostscythe_32",
			"from": [7.75, 5.5, 10.75],
			"to": [8.25, 6, 11.25],
			"rotation": {"angle": 0, "axis": "y", "origin": [8, 0.25, 7.75]},
			"faces": {
				"north": {"uv": [3.5, 12.5, 4, 13], "texture": "#0"},
				"east": {"uv": [3.5, 12.5, 4, 13], "texture": "#0"},
				"south": {"uv": [3.5, 12.5, 4, 13], "texture": "#0"},
				"west": {"uv": [3.5, 13, 4, 12.5], "rotation": 180, "texture": "#0"},
				"up": {"uv": [4, 12.5, 3.5, 13], "rotation": 90, "texture": "#0"},
				"down": {"uv": [3.5, 12.5, 4, 13], "rotation": 90, "texture": "#0"}
			}
		},
		{
			"name": "frostscythe_33",
			"from": [7.75, 5, 12.25],
			"to": [8.25, 5.5, 13.75],
			"rotation": {"angle": 0, "axis": "y", "origin": [8, 0.25, 7.75]},
			"faces": {
				"north": {"uv": [2, 13, 2.5, 13.5], "texture": "#0"},
				"east": {"uv": [1, 13, 2.5, 13.5], "texture": "#0"},
				"south": {"uv": [1, 13, 1.5, 13.5], "texture": "#0"},
				"west": {"uv": [1, 13.5, 2.5, 13], "rotation": 180, "texture": "#0"},
				"up": {"uv": [2.5, 13, 1, 13.5], "rotation": 90, "texture": "#0"},
				"down": {"uv": [1, 13, 2.5, 13.5], "rotation": 90, "texture": "#0"}
			}
		},
		{
			"name": "frostscythe_34",
			"from": [7.75, 4.5, 11.75],
			"to": [8.25, 5, 12.75],
			"rotation": {"angle": 0, "axis": "y", "origin": [8, 0.25, 7.75]},
			"faces": {
				"north": {"uv": [2.5, 13.5, 3, 14], "texture": "#0"},
				"east": {"uv": [2, 13.5, 3, 14], "texture": "#0"},
				"south": {"uv": [2, 13.5, 2.5, 14], "texture": "#0"},
				"west": {"uv": [2, 14, 3, 13.5], "rotation": 180, "texture": "#0"},
				"up": {"uv": [3, 13.5, 2, 14], "rotation": 90, "texture": "#0"},
				"down": {"uv": [2, 13.5, 3, 14], "rotation": 90, "texture": "#0"}
			}
		}
	],
	"display": {
		"thirdperson_righthand": {
			"rotation": [45, 0, 0],
			"scale": [2, 2, 2]
		},
		"thirdperson_lefthand": {
			"rotation": [45, 0, 0],
			"scale": [2, 2, 2]
		},
		"firstperson_righthand": {
			"rotation": [45, 0, 0],
			"scale": [2, 2, 2]
		},
		"firstperson_lefthand": {
			"rotation": [45, 0, 0],
			"scale": [2, 2, 2]
		},
		"ground": {
			"translation": [0, 4.5, 0],
			"scale": [2, 2, 2]
		},
		"gui": {
			"rotation": [0, -90, 0],
			"translation": [-0.5, -4.5, 0],
			"scale": [2, 2, 2]
		},
		"head": {
			"scale": [2, 2, 2]
		},
		"fixed": {
			"rotation": [0, 90, 0],
			"translation": [0.75, -4.75, -0.5],
			"scale": [2, 2, 2]
		}
	},
	"groups": [
		{
			"name": "frostscythe",
			"origin": [8, 8, 8],
			"color": 0,
			"children": [0, 1, 2, 3, 4, 5, 6, 7, 8, 9, 10, 11, 12, 13, 14, 15, 16, 17, 18, 19, 20, 21, 22, 23, 24, 25, 26, 27, 28, 29, 30, 31, 32, 33, 34]
		}
	]
}