{
	"credit": "Made with Blockbench",
	"texture_size": [64, 64],
	"textures": {
		"0": "./miku",
		"particle": "./miku"
	},
	"elements": [
		{
			"from": [2, 14, 21],
			"to": [4, 20, 27],
			"rotation": {"angle": -45, "axis": "x", "origin": [0, 0, 0]},
			"faces": {
				"north": {"uv": [3, 8.25, 3.5, 9.75], "texture": "#0"},
				"east": {"uv": [3, 6.75, 4.5, 8.25], "texture": "#0"},
				"south": {"uv": [3.5, 8.25, 4, 9.75], "texture": "#0"},
				"west": {"uv": [4.5, 6.75, 6, 8.25], "texture": "#0"},
				"up": {"uv": [4.5, 9.75, 4, 8.25], "texture": "#0"},
				"down": {"uv": [5, 8.25, 4.5, 9.75], "texture": "#0"}
			}
		},
		{
			"from": [14, 5, 5],
			"to": [26, 32, 5],
			"faces": {
				"north": {"uv": [0, 0, 3, 6.75], "texture": "#0"},
				"east": {"uv": [0, 0, 0, 6.75], "texture": "#0"},
				"south": {"uv": [3, 0, 6, 6.75], "texture": "#0"},
				"west": {"uv": [0, 0, 0, 6.75], "texture": "#0"},
				"up": {"uv": [3, 0, 0, 0], "texture": "#0"},
				"down": {"uv": [3, 0, 0, 0], "texture": "#0"}
			}
		},
		{
			"from": [-10, 5, 5],
			"to": [2, 32, 5],
			"faces": {
				"north": {"uv": [6, 0, 9, 6.75], "texture": "#0"},
				"east": {"uv": [0, 0, 0, 6.75], "texture": "#0"},
				"south": {"uv": [0, 6.75, 3, 13.5], "texture": "#0"},
				"west": {"uv": [0, 0, 0, 6.75], "texture": "#0"},
				"up": {"uv": [3, 0, 0, 0], "texture": "#0"},
				"down": {"uv": [3, 0, 0, 0], "texture": "#0"}
			}
		},
		{
			"from": [12, 14, 21],
			"to": [14, 20, 27],
			"rotation": {"angle": -45, "axis": "x", "origin": [0, 0, 0]},
			"faces": {
				"north": {"uv": [5, 8.25, 5.5, 9.75], "texture": "#0"},
				"east": {"uv": [6, 6.75, 7.5, 8.25], "texture": "#0"},
				"south": {"uv": [5.5, 8.25, 6, 9.75], "texture": "#0"},
				"west": {"uv": [7.5, 6.75, 9, 8.25], "texture": "#0"},
				"up": {"uv": [6.5, 9.75, 6, 8.25], "texture": "#0"},
				"down": {"uv": [7, 8.25, 6.5, 9.75], "texture": "#0"}
			}
		}
	],
	"display": {
		"thirdperson_righthand": {
			"rotation": [90, 0, 0],
			"translation": [0, -3.25, -8],
			"scale": [0.4, 0.4, 0.4]
		},
		"thirdperson_lefthand": {
			"rotation": [90, 0, 0],
			"translation": [0, -3.25, -8],
			"scale": [0.4, 0.4, 0.4]
		},
		"firstperson_righthand": {
			"rotation": [-8, 122, -7],
			"translation": [-1.5, 0, 2],
			"scale": [0.3, 0.3, 0.3]
		},
		"firstperson_lefthand": {
			"rotation": [-8, 122, -7],
			"translation": [-1.5, 0, 2],
			"scale": [0.3, 0.3, 0.3]
		},
		"ground": {
			"translation": [0, 0, 1.25],
			"scale": [0.5, 0.5, 0.5]
		},
		"gui": {
			"rotation": [0, -33.75, 0],
			"translation": [-0.75, -6.25, 0],
			"scale": [0.6, 0.6, 0.6]
		},
		"head": {
			"translation": [0, -28.75, 6.5],
			"scale": [1.6, 1.6, 1.6]
		},
		"fixed": {
			"translation": [0, -11.25, 0]
		}
	},
	"groups": [
		{
			"name": "group",
			"origin": [8, 8, 8],
			"color": 0,
			"children": [0, 1, 2, 3]
		}
	]
}