{
	"credit": "Made with Blockbench",
	"texture_size": [64, 64],
	"textures": {
		"0": "./unicorn",
		"particle": "./unicorn"
	},
	"elements": [
		{
			"from": [-6.925, 8, -1],
			"to": [-5.925, 12, 3],
			"rotation": {"angle": 0, "axis": "y", "origin": [-6.425, 9, 0]},
			"faces": {
				"north": {"uv": [8, 3.5, 8.25, 4.5], "texture": "#0"},
				"east": {"uv": [8, 3.5, 9, 4.5], "texture": "#0"},
				"south": {"uv": [8.75, 3.5, 9, 4.5], "texture": "#0"},
				"west": {"uv": [8, 3.5, 9, 4.5], "texture": "#0"},
				"up": {"uv": [9, 3.75, 8, 3.5], "rotation": 90, "texture": "#0"},
				"down": {"uv": [9, 4.5, 8, 4.25], "rotation": 90, "texture": "#0"}
			}
		},
		{
			"from": [-6, 14, 4],
			"to": [-3, 18, 5],
			"rotation": {"angle": 0, "axis": "y", "origin": [-6, 14, 2]},
			"faces": {
				"north": {"uv": [15.5, 0.75, 14.5, 0], "rotation": 90, "texture": "#0"},
				"east": {"uv": [15.5, 0, 14.5, 0.25], "rotation": 90, "texture": "#0"},
				"south": {"uv": [14, 1.5, 13, 0.75], "rotation": 90, "texture": "#0"},
				"west": {"uv": [15.5, 0.5, 14.5, 0.75], "rotation": 90, "texture": "#0"},
				"up": {"uv": [13.75, 1.5, 14, 0.75], "rotation": 90, "texture": "#0"},
				"down": {"uv": [13.75, 1.25, 13, 1.5], "texture": "#0"}
			}
		},
		{
			"from": [5, 14, 4],
			"to": [8, 18, 5],
			"rotation": {"angle": 0, "axis": "y", "origin": [6, 14, 2]},
			"faces": {
				"north": {"uv": [15.5, 0, 14.5, 0.75], "rotation": 90, "texture": "#0"},
				"east": {"uv": [15.5, 0.5, 14.5, 0.75], "rotation": 90, "texture": "#0"},
				"south": {"uv": [14, 0.75, 13, 1.5], "rotation": 90, "texture": "#0"},
				"west": {"uv": [15.5, 0, 14.5, 0.25], "rotation": 90, "texture": "#0"},
				"up": {"uv": [14, 0.75, 13.75, 1.5], "rotation": 90, "texture": "#0"},
				"down": {"uv": [14, 0.75, 13.25, 1], "texture": "#0"}
			}
		},
		{
			"from": [-4, 0, -4],
			"to": [6, 2, 6],
			"faces": {
				"north": {"uv": [5, 7, 7.5, 7.5], "texture": "#0"},
				"east": {"uv": [7.5, 7, 10, 7.5], "texture": "#0"},
				"south": {"uv": [7.5, 7, 10, 7.5], "texture": "#0"},
				"west": {"uv": [7.5, 7, 10, 7.5], "texture": "#0"},
				"up": {"uv": [2.5, 7, 0, 9.5], "texture": "#0"},
				"down": {"uv": [5, 9.5, 2.5, 7], "texture": "#0"}
			}
		},
		{
			"from": [-4, 12, -4],
			"to": [6, 14, 6],
			"rotation": {"angle": 0, "axis": "y", "origin": [0, 12, 0]},
			"faces": {
				"north": {"uv": [3.5, 6.5, 6, 7], "texture": "#0"},
				"east": {"uv": [3.5, 6.5, 6, 7], "texture": "#0"},
				"south": {"uv": [3.5, 6.5, 6, 7], "texture": "#0"},
				"west": {"uv": [3.5, 6.5, 6, 7], "texture": "#0"},
				"up": {"uv": [6, 6, 3.5, 3.5], "texture": "#0"},
				"down": {"uv": [8.5, 0, 6, 2.5], "texture": "#0"}
			}
		},
		{
			"from": [6, 0, -4],
			"to": [8, 14, 6],
			"rotation": {"angle": 0, "axis": "y", "origin": [6, 6, 0]},
			"faces": {
				"north": {"uv": [8, 3.5, 7.5, 7], "texture": "#0"},
				"east": {"uv": [3.5, 0, 6, 3.5], "texture": "#0"},
				"south": {"uv": [6.5, 3.5, 7, 7], "texture": "#0"},
				"west": {"uv": [6, 0, 8.5, 3.5], "texture": "#0"},
				"up": {"uv": [10, 7, 7.5, 7.5], "rotation": 270, "texture": "#0"},
				"down": {"uv": [3.5, 6.5, 6, 6], "rotation": 90, "texture": "#0"}
			}
		},
		{
			"from": [-6, 0, 6],
			"to": [8, 14, 8],
			"rotation": {"angle": 0, "axis": "y", "origin": [2, 6, 6]},
			"faces": {
				"north": {"uv": [0, 0, 3.5, 3.5], "texture": "#0"},
				"east": {"uv": [6, 3.5, 6.5, 7], "texture": "#0"},
				"south": {"uv": [0, 3.5, 3.5, 7], "texture": "#0"},
				"west": {"uv": [6, 3.5, 6.5, 7], "texture": "#0"},
				"up": {"uv": [7, 7, 7.5, 3.5], "rotation": 90, "texture": "#0"},
				"down": {"uv": [6.5, 7, 7, 3.5], "rotation": 90, "texture": "#0"}
			}
		},
		{
			"from": [-6, 0, -4],
			"to": [-4, 14, 6],
			"rotation": {"angle": 0, "axis": "y", "origin": [-6, 6, 0]},
			"faces": {
				"north": {"uv": [7.5, 3.5, 8, 7], "texture": "#0"},
				"east": {"uv": [6, 0, 8.5, 3.5], "texture": "#0"},
				"south": {"uv": [3.5, 0, 4, 3.5], "texture": "#0"},
				"west": {"uv": [6, 0, 3.5, 3.5], "texture": "#0"},
				"up": {"uv": [7.5, 7, 10, 7.5], "rotation": 90, "texture": "#0"},
				"down": {"uv": [3.5, 6.5, 6, 6], "rotation": 90, "texture": "#0"}
			}
		},
		{
			"name": "mouth",
			"from": [-6, 10.1, -7],
			"to": [8, 14.05, -4],
			"rotation": {"angle": 0, "axis": "y", "origin": [3.05, -17.1, 7]},
			"faces": {
				"north": {"uv": [9.5, 0, 13, 0.5], "texture": "#0"},
				"east": {"uv": [10, 0, 9.5, 0.5], "texture": "#0"},
				"south": {"uv": [9.5, 0, 13, 0.5], "texture": "#0"},
				"west": {"uv": [9.5, 0, 10, 0.5], "texture": "#0"},
				"up": {"uv": [13, 1, 9.5, 0.5], "texture": "#0"},
				"down": {"uv": [13, 1, 9.5, 1.5], "texture": "#0"}
			}
		},
		{
			"from": [0.45, 0, 8],
			"to": [1.45, 14, 12],
			"rotation": {"angle": 0, "axis": "y", "origin": [-0.55, 0, 8]},
			"faces": {
				"north": {"uv": [8.5, 0, 8.75, 3.5], "texture": "#0"},
				"east": {"uv": [8.5, 0, 9.5, 3.5], "texture": "#0"},
				"south": {"uv": [8.5, 0, 8.75, 3.5], "texture": "#0"},
				"west": {"uv": [9.5, 0, 8.5, 3.5], "texture": "#0"},
				"up": {"uv": [8.75, 1, 8.5, 0], "texture": "#0"},
				"down": {"uv": [8.5, 3.5, 9.5, 3.25], "rotation": 90, "texture": "#0"}
			}
		},
		{
			"from": [0.45, 14, 6],
			"to": [1.45, 17, 12],
			"rotation": {"angle": 0, "axis": "y", "origin": [-0.55, 14, 8]},
			"faces": {
				"north": {"uv": [14.25, 0, 14.5, 0.75], "texture": "#0"},
				"east": {"uv": [13, 0, 14.5, 0.75], "texture": "#0"},
				"south": {"uv": [13, 0, 13.25, 0.75], "texture": "#0"},
				"west": {"uv": [14.5, 0, 13, 0.75], "texture": "#0"},
				"up": {"uv": [14.5, 0.25, 13, 0], "rotation": 90, "texture": "#0"},
				"down": {"uv": [13, 0.25, 14.5, 0], "rotation": 90, "texture": "#0"}
			}
		},
		{
			"from": [-1.05, 13, -0.65],
			"to": [3.25, 17, 3.65],
			"rotation": {"angle": 0, "axis": "y", "origin": [0.6, 15, 0]},
			"faces": {
				"north": {"uv": [8, 4.5, 9, 5.5], "texture": "#0"},
				"east": {"uv": [8, 4.5, 9, 5.5], "texture": "#0"},
				"south": {"uv": [8, 4.5, 9, 5.5], "texture": "#0"},
				"west": {"uv": [8, 4.5, 9, 5.5], "texture": "#0"},
				"up": {"uv": [9, 6.25, 8, 5.25], "texture": "#0"},
				"down": {"uv": [9, 5.25, 8, 6.25], "texture": "#0"}
			}
		},
		{
			"from": [-0.6, 17.05, -0.3],
			"to": [2.8, 22.05, 3.1],
			"rotation": {"angle": 0, "axis": "y", "origin": [0.6, 19.05, -0.1]},
			"faces": {
				"north": {"uv": [14, 0.75, 15.25, 1.5], "rotation": 90, "texture": "#0"},
				"east": {"uv": [14, 0.75, 15.25, 1.5], "rotation": 90, "texture": "#0"},
				"south": {"uv": [14, 0.75, 15.25, 1.5], "rotation": 90, "texture": "#0"},
				"west": {"uv": [14, 0.75, 15.25, 1.5], "rotation": 90, "texture": "#0"},
				"up": {"uv": [14.75, 1.5, 14, 0.75], "texture": "#0"},
				"down": {"uv": [14.75, 0.75, 14, 1.5], "texture": "#0"}
			}
		},
		{
			"from": [0.025, 21.575, 0.325],
			"to": [2.175, 27.575, 2.475],
			"rotation": {"angle": 0, "axis": "y", "origin": [0.6, 22.575, -0.1]},
			"faces": {
				"north": {"uv": [9.5, 3.5, 9, 5], "texture": "#0"},
				"east": {"uv": [9, 3.5, 9.5, 5], "texture": "#0"},
				"south": {"uv": [9.5, 3.5, 9, 5], "texture": "#0"},
				"west": {"uv": [9, 3.5, 9.5, 5], "texture": "#0"},
				"up": {"uv": [14.75, 1.5, 14.25, 1], "texture": "#0"},
				"down": {"uv": [8.75, 4.5, 8.25, 5], "texture": "#0"}
			}
		},
		{
			"from": [8, 8, -1],
			"to": [9, 12, 3],
			"rotation": {"angle": 0, "axis": "y", "origin": [8, 9, 0]},
			"faces": {
				"north": {"uv": [8, 3.5, 8.25, 4.5], "texture": "#0"},
				"east": {"uv": [9, 3.5, 8, 4.5], "texture": "#0"},
				"south": {"uv": [8.75, 3.5, 9, 4.5], "texture": "#0"},
				"west": {"uv": [8, 3.5, 9, 3.75], "texture": "#0"},
				"up": {"uv": [9, 3.75, 8.75, 3.5], "rotation": 90, "texture": "#0"},
				"down": {"uv": [9, 4.5, 8, 4.25], "rotation": 90, "texture": "#0"}
			}
		}
	],
	"display": {
		"thirdperson_righthand": {
			"translation": [3.25, 4, 2.5],
			"scale": [0.5, 0.5, 0.5]
		},
		"thirdperson_lefthand": {
			"translation": [-3.25, 4, 2.5],
			"scale": [0.5, 0.5, 0.5]
		},
		"firstperson_righthand": {
			"translation": [13, -1.25, 0]
		},
		"firstperson_lefthand": {
			"translation": [-0.75, -1.25, 0]
		},
		"ground": {
			"translation": [4.75, 3, 3.5],
			"scale": [0.6, 0.6, 0.6]
		},
		"gui": {
			"rotation": [30, 132, 0],
			"translation": [0.25, 2.75, 0],
			"scale": [0.6, 0.6, 0.6]
		},
		"head": {
			"translation": [8.25, 1, 7.25],
			"scale": [1.21, 1.21, 1.21]
		},
		"fixed": {
			"rotation": [-90, 0, 0],
			"translation": [10.5, 9.75, -10],
			"scale": [1.5, 1.5, 1.5]
		}
	},
	"groups": [
		{
			"name": "full",
			"origin": [8, 9, 0],
			"color": 0,
			"children": [0, 1, 2, 3, 4, 5, 6, 7, 8, 9, 10, 11, 12, 13, 14]
		}
	]
}