{
  "parent": "minecraft:block/template_cauldron_level2",
  "textures": {
    "bottom": "minecraft:block/cauldron/powdered_snow_cauldron/cauldron_bottom",
    "content": "minecraft:block/powder_snow",
    "inside": "minecraft:block/cauldron/powdered_snow_cauldron/cauldron_inner",
    "particle": "minecraft:block/cauldron/powdered_snow_cauldron/cauldron_side",
    "side": "minecraft:block/cauldron/powdered_snow_cauldron/cauldron_side",
    "top": "minecraft:block/cauldron/powdered_snow_cauldron/cauldron_top"
  }
}