{
	"credit": "Made with Blockbench",
	"textures": {
		"0": "./holo_book",
		"particle": "./holo_book"
	},
	"elements": [
		{
			"from": [7.25, 0, 3.5],
			"to": [11.75, 1, 7.75],
			"faces": {
				"north": {"uv": [12, 8, 16, 9], "texture": "#0"},
				"east": {"uv": [12, 9, 16, 10], "texture": "#0"},
				"south": {"uv": [12, 10, 16, 11], "texture": "#0"},
				"west": {"uv": [12, 11, 16, 12], "texture": "#0"},
				"up": {"uv": [4, 12, 0, 8], "texture": "#0"},
				"down": {"uv": [8, 8, 4, 12], "texture": "#0"}
			}
		},
		{
			"from": [7.25, 1, 3.5],
			"to": [11.75, 5, 7.75],
			"faces": {
				"north": {"uv": [8, 8, 12, 12], "texture": "#0"},
				"east": {"uv": [0, 12, 4, 16], "texture": "#0"},
				"south": {"uv": [12, 0, 16, 4], "texture": "#0"},
				"west": {"uv": [4, 12, 8, 16], "texture": "#0"},
				"up": {"uv": [16, 8, 12, 4], "texture": "#0"},
				"down": {"uv": [12, 12, 8, 16], "texture": "#0"}
			}
		},
		{
			"from": [6, 3, 9],
			"to": [13, 3, 17],
			"faces": {
				"north": {"uv": [6, 0, 0, 0], "rotation": 180, "texture": "#0"},
				"east": {"uv": [0, 0, 0, 8], "rotation": 270, "texture": "#0"},
				"south": {"uv": [6, 0, 0, 0], "texture": "#0"},
				"west": {"uv": [0, 0, 0, 8], "rotation": 90, "texture": "#0"},
				"up": {"uv": [0, 0, 6, 8], "rotation": 180, "texture": "#0"},
				"down": {"uv": [6, 0, 12, 8], "texture": "#0"}
			}
		}
	],
	"display": {
		"thirdperson_righthand": {
			"rotation": [-89.5, 0, 0],
			"translation": [-1.5, 0.5, -2.25]
		},
		"thirdperson_lefthand": {
			"rotation": [-89.5, 0, 0],
			"translation": [1.75, 0.5, -2.25]
		},
		"firstperson_righthand": {
			"rotation": [-98.35, 1.05, 173.12],
			"translation": [7.75, -0.75, 0],
			"scale": [1.5, 1.5, 1.5]
		},
		"firstperson_lefthand": {
			"rotation": [-98.35, 1.05, 173.12],
			"translation": [7.75, -0.75, 0],
			"scale": [1.5, 1.5, 1.5]
		},
		"gui": {
			"rotation": [120, 180, 33],
			"translation": [4, -2.5, 0],
			"scale": [0.9, 0.9, 0.9]
		},
		"head": {
			"rotation": [-90, 0, 0],
			"translation": [-1.25, -6.75, -13.5]
		},
		"fixed": {
			"rotation": [-180, 0, 180],
			"translation": [3.5, 15.75, -0.25],
			"scale": [3, 3, 3.01]
		}
	}
}