{
	"credit": "Made by Raycifer",
	"texture_size": [32, 32],
	"textures": {
		"0": "./crimson_moons_semblance"
	},
	"elements": [
		{
			"from": [7.5, 22.5, 10.25],
			"to": [8.5, 23, 11.25],
			"rotation": {"angle": 45, "axis": "x", "origin": [9, 22.75, 8]},
			"faces": {
				"north": {"uv": [1.5, 4.5, 1.75, 4], "rotation": 90, "texture": "#0"},
				"east": {"uv": [1.5, 4.5, 1.75, 4], "rotation": 90, "texture": "#0"},
				"south": {"uv": [1.5, 4.5, 1.75, 4], "rotation": 90, "texture": "#0"},
				"west": {"uv": [1.5, 4.5, 1.75, 4], "rotation": 90, "texture": "#0"},
				"up": {"uv": [1.5, 4.5, 1.75, 4], "rotation": 90, "texture": "#0"},
				"down": {"uv": [1.5, 4.5, 1.75, 4], "rotation": 90, "texture": "#0"}
			}
		},
		{
			"from": [7.5, 22, 5.75],
			"to": [8.5, 23.5, 6.75],
			"rotation": {"angle": -45, "axis": "x", "origin": [7.5, 22.75, 8]},
			"faces": {
				"north": {"uv": [1.25, 4.75, 2, 5], "rotation": 90, "texture": "#0"},
				"east": {"uv": [1.25, 4.5, 2, 5], "rotation": 90, "texture": "#0"},
				"south": {"uv": [1.25, 4.5, 2, 4.75], "rotation": 90, "texture": "#0"},
				"west": {"uv": [1.25, 4.5, 2, 5], "rotation": 90, "texture": "#0"},
				"up": {"uv": [1.5, 5, 1.25, 4.5], "rotation": 90, "texture": "#0"},
				"down": {"uv": [2, 5, 1.75, 4.5], "rotation": 90, "texture": "#0"}
			}
		},
		{
			"from": [7.5, 22, 9.25],
			"to": [8.5, 23.5, 10.25],
			"rotation": {"angle": 45, "axis": "x", "origin": [7.5, 22.75, 8]},
			"faces": {
				"north": {"uv": [1.25, 4.75, 2, 4.5], "rotation": 90, "texture": "#0"},
				"east": {"uv": [1.25, 5, 2, 4.5], "rotation": 90, "texture": "#0"},
				"south": {"uv": [1.25, 5, 2, 4.75], "rotation": 90, "texture": "#0"},
				"west": {"uv": [1.25, 5, 2, 4.5], "rotation": 90, "texture": "#0"},
				"up": {"uv": [1.25, 5, 1.5, 4.5], "rotation": 90, "texture": "#0"},
				"down": {"uv": [1.75, 5, 2, 4.5], "rotation": 90, "texture": "#0"}
			}
		},
		{
			"from": [7.5, 22.5, 4.75],
			"to": [8.5, 23, 5.75],
			"rotation": {"angle": -45, "axis": "x", "origin": [9, 22.75, 8]},
			"faces": {
				"north": {"uv": [1.5, 4, 1.75, 4.5], "rotation": 90, "texture": "#0"},
				"east": {"uv": [1.5, 4, 1.75, 4.5], "rotation": 90, "texture": "#0"},
				"south": {"uv": [1.5, 4, 1.75, 4.5], "rotation": 90, "texture": "#0"},
				"west": {"uv": [1.5, 4, 1.75, 4.5], "rotation": 90, "texture": "#0"},
				"up": {"uv": [1.75, 4.5, 1.5, 4], "rotation": 90, "texture": "#0"},
				"down": {"uv": [1.75, 4.5, 1.5, 4], "rotation": 90, "texture": "#0"}
			}
		},
		{
			"from": [7.25, 21.5, 6.75],
			"to": [7.251, 24, 9.25],
			"rotation": {"angle": 45, "axis": "x", "origin": [7.25, 22.75, 8]},
			"faces": {
				"north": {"uv": [2.25, 3.5, 2.25, 7.25], "rotation": 180, "texture": "#0"},
				"east": {"uv": [1, 6.25, 2.25, 5], "rotation": 90, "texture": "#0"},
				"south": {"uv": [2.25, 3.5, 2.25, 7.25], "texture": "#0"},
				"west": {"uv": [1, 6.25, 2.25, 5], "rotation": 90, "texture": "#0"},
				"up": {"uv": [2.25, 3.5, 2.25, 7.25], "rotation": 180, "texture": "#0"},
				"down": {"uv": [2.25, 3.5, 2.25, 7.25], "texture": "#0"}
			}
		},
		{
			"from": [7.5, 22, 5.75],
			"to": [8.5, 23.5, 6.75],
			"rotation": {"angle": 45, "axis": "x", "origin": [9, 22.75, 8]},
			"faces": {
				"north": {"uv": [1.25, 4.5, 2, 4.75], "rotation": 90, "texture": "#0"},
				"east": {"uv": [1.25, 4.5, 2, 5], "rotation": 90, "texture": "#0"},
				"south": {"uv": [1.25, 4.75, 2, 5], "rotation": 90, "texture": "#0"},
				"west": {"uv": [1.25, 5, 2, 4.5], "rotation": 90, "texture": "#0"},
				"up": {"uv": [1.25, 5, 1.5, 4.5], "rotation": 90, "texture": "#0"},
				"down": {"uv": [1.75, 5, 2, 4.5], "rotation": 90, "texture": "#0"}
			}
		},
		{
			"from": [7.5, 22, 9.25],
			"to": [8.5, 23.5, 10.25],
			"rotation": {"angle": -45, "axis": "x", "origin": [9, 22.75, 8]},
			"faces": {
				"north": {"uv": [1.25, 5, 2, 4.75], "rotation": 90, "texture": "#0"},
				"east": {"uv": [1.25, 5, 2, 4.5], "rotation": 90, "texture": "#0"},
				"south": {"uv": [1.25, 4.75, 2, 4.5], "rotation": 90, "texture": "#0"},
				"west": {"uv": [1.25, 4.5, 2, 5], "rotation": 90, "texture": "#0"},
				"up": {"uv": [1.5, 5, 1.25, 4.5], "rotation": 90, "texture": "#0"},
				"down": {"uv": [2, 5, 1.75, 4.5], "rotation": 90, "texture": "#0"}
			}
		},
		{
			"from": [7.5, 22.5, 10.25],
			"to": [8.5, 23, 11.25],
			"rotation": {"angle": -45, "axis": "x", "origin": [9, 22.75, 8]},
			"faces": {
				"north": {"uv": [1.5, 4, 1.75, 4.5], "rotation": 90, "texture": "#0"},
				"east": {"uv": [1.5, 4, 1.75, 4.5], "rotation": 90, "texture": "#0"},
				"south": {"uv": [1.5, 4, 1.75, 4.5], "rotation": 90, "texture": "#0"},
				"west": {"uv": [1.5, 4, 1.75, 4.5], "rotation": 90, "texture": "#0"},
				"up": {"uv": [1.75, 4.5, 1.5, 4], "rotation": 90, "texture": "#0"},
				"down": {"uv": [1.75, 4.5, 1.5, 4], "rotation": 90, "texture": "#0"}
			}
		},
		{
			"from": [7.5, 22.5, 4.75],
			"to": [8.5, 23, 5.75],
			"rotation": {"angle": 45, "axis": "x", "origin": [9, 22.75, 8]},
			"faces": {
				"north": {"uv": [1.5, 4.5, 1.75, 4], "rotation": 90, "texture": "#0"},
				"east": {"uv": [1.5, 4.5, 1.75, 4], "rotation": 90, "texture": "#0"},
				"south": {"uv": [1.5, 4.5, 1.75, 4], "rotation": 90, "texture": "#0"},
				"west": {"uv": [1.5, 4.5, 1.75, 4], "rotation": 90, "texture": "#0"},
				"up": {"uv": [1.5, 4.5, 1.75, 4], "rotation": 90, "texture": "#0"},
				"down": {"uv": [1.5, 4.5, 1.75, 4], "rotation": 90, "texture": "#0"}
			}
		},
		{
			"from": [8.75, 21.5, 6.75],
			"to": [8.751, 24, 9.25],
			"rotation": {"angle": 45, "axis": "x", "origin": [8.75, 22.75, 8]},
			"faces": {
				"north": {"uv": [2.25, 3.5, 2.25, 7.25], "rotation": 180, "texture": "#0"},
				"east": {"uv": [1, 5, 2.25, 6.25], "rotation": 90, "texture": "#0"},
				"south": {"uv": [2.25, 3.5, 2.25, 7.25], "texture": "#0"},
				"west": {"uv": [1, 5, 2.25, 6.25], "rotation": 90, "texture": "#0"},
				"up": {"uv": [2.25, 3.5, 2.25, 7.25], "rotation": 180, "texture": "#0"},
				"down": {"uv": [2.25, 3.5, 2.25, 7.25], "texture": "#0"}
			}
		},
		{
			"from": [8, 22, -7.25],
			"to": [8.001, 30, 13.25],
			"rotation": {"angle": 0, "axis": "y", "origin": [8, -2, 2]},
			"faces": {
				"north": {"uv": [0, 0, 0.25, 0.25], "rotation": 90, "texture": "#0"},
				"east": {"uv": [10.25, 0, 0, 4], "texture": "#0"},
				"south": {"uv": [0, 0, 0.25, 0.25], "rotation": 90, "texture": "#0"},
				"west": {"uv": [0, 0, 10.25, 4], "texture": "#0"},
				"up": {"uv": [0, 0, 0.25, 0.25], "rotation": 90, "texture": "#0"},
				"down": {"uv": [0, 0, 0.25, 0.25], "rotation": 90, "texture": "#0"}
			}
		},
		{
			"from": [8, 20.5, 8.75],
			"to": [8.001, 27, 12.75],
			"rotation": {"angle": 45, "axis": "x", "origin": [8, 21.5, 10.75]},
			"faces": {
				"north": {"uv": [0, 0, 0, 1], "texture": "#0"},
				"east": {"uv": [2, 7.25, 0, 10.5], "texture": "#0"},
				"south": {"uv": [0, 0, 0, 1], "texture": "#0"},
				"west": {"uv": [0, 7.25, 2, 10.5], "texture": "#0"},
				"up": {"uv": [0, 1.5, 0, 0], "texture": "#0"},
				"down": {"uv": [0, 1.5, 0, 0], "texture": "#0"}
			}
		},
		{
			"from": [8, 20.5, 4.75],
			"to": [8, 22, 7.25],
			"rotation": {"angle": -45, "axis": "x", "origin": [8, 21.5, 5.25]},
			"faces": {
				"north": {"uv": [0, 0, 0, 1], "texture": "#0"},
				"east": {"uv": [1.25, 10.5, 0, 11.25], "texture": "#0"},
				"south": {"uv": [0, 0, 0, 1], "texture": "#0"},
				"west": {"uv": [0, 10.5, 1.25, 11.25], "texture": "#0"},
				"up": {"uv": [0, 0, 0, 1.5], "texture": "#0"},
				"down": {"uv": [0, 0, 0, 1.5], "texture": "#0"}
			}
		},
		{
			"from": [7.75, 21.5, 7.25],
			"to": [8.25, 24, 8.75],
			"rotation": {"angle": 0, "axis": "y", "origin": [7.5, -2, 6.75]},
			"faces": {
				"north": {"uv": [3.5, 4, 3.75, 5.25], "texture": "#0"},
				"east": {"uv": [4.25, 4, 3.5, 5.25], "texture": "#0"},
				"south": {"uv": [4, 4, 4.25, 5.25], "texture": "#0"},
				"west": {"uv": [3.5, 4, 4.25, 5.25], "texture": "#0"},
				"up": {"uv": [3.5, 4, 4.25, 4.25], "rotation": 90, "texture": "#0"},
				"down": {"uv": [3.5, 5, 4.25, 5.25], "rotation": 90, "texture": "#0"}
			}
		},
		{
			"from": [7.75, 22, 6.75],
			"to": [8.25, 23.5, 7.25],
			"rotation": {"angle": 0, "axis": "y", "origin": [7.5, -2, 6.75]},
			"faces": {
				"north": {"uv": [3.25, 4.25, 3.5, 5], "texture": "#0"},
				"east": {"uv": [3.25, 4.25, 3.5, 5], "texture": "#0"},
				"south": {"uv": [3.25, 4.25, 3.5, 5], "texture": "#0"},
				"west": {"uv": [3.25, 4.25, 3.5, 5], "texture": "#0"},
				"up": {"uv": [3.25, 4.25, 3.5, 4.5], "texture": "#0"},
				"down": {"uv": [3.25, 4.75, 3.5, 5], "texture": "#0"}
			}
		},
		{
			"from": [7.75, 22, 8.75],
			"to": [8.25, 23.5, 9.25],
			"rotation": {"angle": 0, "axis": "y", "origin": [7.5, -2, 6.75]},
			"faces": {
				"north": {"uv": [4.25, 4.25, 4.5, 5], "texture": "#0"},
				"east": {"uv": [4.25, 4.25, 4.5, 5], "texture": "#0"},
				"south": {"uv": [4.25, 4.25, 4.5, 5], "texture": "#0"},
				"west": {"uv": [4.25, 4.25, 4.5, 5], "texture": "#0"},
				"up": {"uv": [4.25, 4.25, 4.5, 4.5], "texture": "#0"},
				"down": {"uv": [4.25, 4.75, 4.5, 5], "texture": "#0"}
			}
		},
		{
			"from": [7.5, 21.25, 7.25],
			"to": [8.5, 22.25, 8.25],
			"rotation": {"angle": 45, "axis": "x", "origin": [8, 21.5, 8]},
			"faces": {
				"north": {"uv": [3.25, 5.75, 3.5, 6.25], "texture": "#0"},
				"east": {"uv": [3.25, 5.75, 3.75, 6.25], "rotation": 90, "texture": "#0"},
				"south": {"uv": [3.5, 5.75, 3.75, 6.25], "texture": "#0"},
				"west": {"uv": [3.25, 5.75, 3.75, 6.25], "texture": "#0"},
				"up": {"uv": [3.25, 5.75, 3.5, 6.25], "texture": "#0"},
				"down": {"uv": [3.5, 6.25, 3.75, 5.75], "texture": "#0"}
			}
		},
		{
			"from": [7.75, 19, 7.9],
			"to": [8.25, 21.5, 8.9],
			"rotation": {"angle": -22.5, "axis": "x", "origin": [7.75, 21.5, 8]},
			"faces": {
				"north": {"uv": [5.25, 4, 5.5, 5.25], "texture": "#0"},
				"east": {"uv": [5, 4, 5.5, 5.25], "texture": "#0"},
				"south": {"uv": [5, 4, 5.25, 5.25], "texture": "#0"},
				"west": {"uv": [5.5, 4, 5, 5.25], "texture": "#0"},
				"up": {"uv": [5.5, 4.25, 5, 4], "rotation": 90, "texture": "#0"},
				"down": {"uv": [5, 5.25, 5.5, 5], "rotation": 90, "texture": "#0"}
			}
		},
		{
			"from": [7.75, 19, 7.1],
			"to": [8.25, 21.5, 8.1],
			"rotation": {"angle": 22.5, "axis": "x", "origin": [7.75, 21.5, 8]},
			"faces": {
				"north": {"uv": [5.25, 4, 5, 5.25], "texture": "#0"},
				"east": {"uv": [5.5, 4, 5, 5.25], "texture": "#0"},
				"south": {"uv": [5.5, 4, 5.25, 5.25], "texture": "#0"},
				"west": {"uv": [5, 4, 5.5, 5.25], "texture": "#0"},
				"up": {"uv": [5, 4.25, 5.5, 4], "rotation": 90, "texture": "#0"},
				"down": {"uv": [5.5, 5.25, 5, 5], "rotation": 90, "texture": "#0"}
			}
		},
		{
			"from": [7.5, 19, 6.3],
			"to": [8.5, 20, 7.3],
			"rotation": {"angle": -45, "axis": "x", "origin": [8, 19.5, 6.8]},
			"faces": {
				"north": {"uv": [4.5, 4.5, 5, 4], "rotation": 180, "texture": "#0"},
				"east": {"uv": [5, 4, 4.5, 4.5], "rotation": 90, "texture": "#0"},
				"south": {"uv": [4.5, 4.5, 5, 4], "texture": "#0"},
				"west": {"uv": [5, 4, 4.5, 4.5], "rotation": 270, "texture": "#0"},
				"up": {"uv": [5, 4, 4.5, 4.5], "texture": "#0"},
				"down": {"uv": [5, 4, 4.5, 4.5], "rotation": 180, "texture": "#0"}
			}
		},
		{
			"from": [7.5, 19, 8.7],
			"to": [8.5, 20, 9.7],
			"rotation": {"angle": 45, "axis": "x", "origin": [8, 19.5, 9.2]},
			"faces": {
				"north": {"uv": [5, 4, 4.5, 4.5], "texture": "#0"},
				"east": {"uv": [5, 4, 4.5, 4.5], "texture": "#0"},
				"south": {"uv": [5, 4, 4.5, 4.5], "texture": "#0"},
				"west": {"uv": [5, 4, 4.5, 4.5], "texture": "#0"},
				"up": {"uv": [4.5, 4.5, 5, 4], "texture": "#0"},
				"down": {"uv": [4.5, 4.5, 5, 4], "texture": "#0"}
			}
		},
		{
			"from": [7.75, 17.07836, 9.14805],
			"to": [8.25, 19.57836, 10.14805],
			"rotation": {"angle": 22.5, "axis": "x", "origin": [7.75, 20.57836, 9.14805]},
			"faces": {
				"north": {"uv": [4.75, 4, 5, 5.25], "texture": "#0"},
				"east": {"uv": [4.5, 4, 5, 5.25], "texture": "#0"},
				"south": {"uv": [4.5, 4, 4.75, 5.25], "texture": "#0"},
				"west": {"uv": [5, 4, 4.5, 5.25], "texture": "#0"},
				"up": {"uv": [5, 4.25, 4.5, 4], "rotation": 90, "texture": "#0"},
				"down": {"uv": [4.5, 5.25, 5, 5], "rotation": 90, "texture": "#0"}
			}
		},
		{
			"from": [7.75, 17.07836, 5.85195],
			"to": [8.25, 19.57836, 6.85195],
			"rotation": {"angle": -22.5, "axis": "x", "origin": [7.75, 20.57836, 6.85195]},
			"faces": {
				"north": {"uv": [4.75, 4, 4.5, 5.25], "texture": "#0"},
				"east": {"uv": [5, 4, 4.5, 5.25], "texture": "#0"},
				"south": {"uv": [5, 4, 4.75, 5.25], "texture": "#0"},
				"west": {"uv": [4.5, 4, 5, 5.25], "texture": "#0"},
				"up": {"uv": [4.5, 4.25, 5, 4], "rotation": 90, "texture": "#0"},
				"down": {"uv": [5, 5.25, 4.5, 5], "rotation": 90, "texture": "#0"}
			}
		},
		{
			"from": [7.5, 17.25, 7.75],
			"to": [8.5, 18.25, 8.25],
			"rotation": {"angle": 0, "axis": "y", "origin": [7.5, 0, 7.25]},
			"faces": {
				"north": {"uv": [15.5, 2, 15.75, 2.5], "texture": "#0"},
				"east": {"uv": [15.5, 2, 15.75, 2.5], "texture": "#0"},
				"south": {"uv": [15.5, 2, 15.75, 2.5], "texture": "#0"},
				"west": {"uv": [15.5, 2, 15.75, 2.5], "texture": "#0"},
				"up": {"uv": [15.5, 2, 15.75, 2.25], "texture": "#0"},
				"down": {"uv": [15.5, 2.25, 15.75, 2.5], "texture": "#0"}
			}
		},
		{
			"from": [7.5, -0.25, 7.25],
			"to": [8.5, 17.25, 8.75],
			"rotation": {"angle": 0, "axis": "y", "origin": [7.5, -2, 7.25]},
			"faces": {
				"north": {"uv": [15.75, 2.5, 16, 11.25], "texture": "#0"},
				"east": {"uv": [15.25, 2.5, 16, 11.25], "texture": "#0"},
				"south": {"uv": [15.25, 2.5, 15.5, 11.25], "texture": "#0"},
				"west": {"uv": [16, 2.5, 15.25, 11.25], "texture": "#0"},
				"up": {"uv": [15.25, 2.5, 16, 2.75], "texture": "#0"},
				"down": {"uv": [15.25, 11, 16, 11.25], "texture": "#0"}
			}
		},
		{
			"from": [7.5, -1.5, 7.5],
			"to": [8.5, -0.5, 8.5],
			"rotation": {"angle": 45, "axis": "z", "origin": [8, -1, 8]},
			"faces": {
				"north": {"uv": [3.25, 5.75, 3.75, 6.25], "texture": "#0"},
				"east": {"uv": [3.25, 5.75, 3.5, 6.25], "texture": "#0"},
				"south": {"uv": [3.25, 5.75, 3.75, 6.25], "rotation": 90, "texture": "#0"},
				"west": {"uv": [3.5, 5.75, 3.75, 6.25], "texture": "#0"},
				"up": {"uv": [3.75, 5.75, 3.25, 6], "texture": "#0"},
				"down": {"uv": [3.75, 6, 3.25, 6.25], "texture": "#0"}
			}
		},
		{
			"from": [7.25, -0.9, 7.15],
			"to": [8.75, 0.1, 8.15],
			"rotation": {"angle": 45, "axis": "x", "origin": [8, -0.75, 8]},
			"faces": {
				"north": {"uv": [3.25, 5.25, 3.5, 5.75], "texture": "#0"},
				"east": {"uv": [3.25, 5.25, 3.75, 5.75], "rotation": 90, "texture": "#0"},
				"south": {"uv": [3.5, 5.25, 3.75, 5.75], "texture": "#0"},
				"west": {"uv": [3.25, 5.25, 3.75, 5.75], "texture": "#0"},
				"up": {"uv": [3.25, 5.25, 3.5, 5.75], "texture": "#0"},
				"down": {"uv": [3.5, 5.75, 3.75, 5.25], "texture": "#0"}
			}
		},
		{
			"from": [8, -2.5, 7.75],
			"to": [8, -1.5, 8.25],
			"rotation": {"angle": 0, "axis": "y", "origin": [7.5, 0, 7.25]},
			"faces": {
				"north": {"uv": [15.5, 2, 15.75, 2.5], "texture": "#0"},
				"east": {"uv": [15.5, 2, 15.75, 2.5], "texture": "#0"},
				"south": {"uv": [15.5, 2, 15.75, 2.5], "texture": "#0"},
				"west": {"uv": [15.5, 2, 15.75, 2.5], "texture": "#0"},
				"up": {"uv": [15.5, 2, 15.75, 2.25], "texture": "#0"},
				"down": {"uv": [15.5, 2.25, 15.75, 2.5], "texture": "#0"}
			}
		},
		{
			"name": "tip lower",
			"from": [8, -5.5, 6.75],
			"to": [8.001, -2, 9.25],
			"rotation": {"angle": 0, "axis": "y", "origin": [8, 0, 6.75]},
			"faces": {
				"north": {"uv": [0, 0, 0, 1.75], "texture": "#0"},
				"east": {"uv": [0, 12.75, 1.25, 14.5], "texture": "#0"},
				"south": {"uv": [0, 0, 0, 1.75], "texture": "#0"},
				"west": {"uv": [0, 12.75, 1.25, 14.5], "texture": "#0"},
				"up": {"uv": [0, 0, 0, 1.25], "texture": "#0"},
				"down": {"uv": [0, 0, 0, 1.25], "texture": "#0"}
			}
		},
		{
			"from": [8, 18.5, 7.5],
			"to": [8, 19.5, 8.5],
			"rotation": {"angle": 0, "axis": "y", "origin": [7, 0, 7.5]},
			"faces": {
				"north": {"uv": [0, 0, 0, 0.5], "texture": "#0"},
				"east": {"uv": [4, 5.25, 4.5, 5.75], "texture": "#0"},
				"south": {"uv": [0, 0, 0, 0.5], "texture": "#0"},
				"west": {"uv": [4, 5.25, 4.5, 5.75], "texture": "#0"},
				"up": {"uv": [0, 0, 0, 0.5], "texture": "#0"},
				"down": {"uv": [0, 0, 0, 0.5], "texture": "#0"}
			}
		},
		{
			"from": [7.75, 18.25, 7.75],
			"to": [8.25, 19.75, 8.25],
			"rotation": {"angle": 0, "axis": "y", "origin": [7.75, 0, 7.75]},
			"faces": {
				"north": {"uv": [3.75, 5.25, 4, 6], "texture": "#0"},
				"east": {"uv": [3.75, 5.25, 4, 6], "texture": "#0"},
				"south": {"uv": [3.75, 5.25, 4, 6], "texture": "#0"},
				"west": {"uv": [3.75, 5.25, 4, 6], "texture": "#0"},
				"up": {"uv": [3.75, 5.25, 4, 5.5], "texture": "#0"},
				"down": {"uv": [3.75, 5.75, 4, 6], "texture": "#0"}
			}
		},
		{
			"from": [10.51367, 12.75, 7.5],
			"to": [10.51467, 20.75, 8.5],
			"rotation": {"angle": 0, "axis": "y", "origin": [8.76367, 0.75, 7.5]},
			"faces": {
				"north": {"uv": [0, 0, 0.25, 0.25], "rotation": 90, "texture": "#0"},
				"east": {"uv": [4.75, 5.25, 5.25, 9.25], "texture": "#0"},
				"south": {"uv": [0, 0, 0.25, 0.25], "rotation": 90, "texture": "#0"},
				"west": {"uv": [5.25, 5.25, 4.75, 9.25], "texture": "#0"},
				"up": {"uv": [0, 0, 0.25, 0.25], "rotation": 90, "texture": "#0"},
				"down": {"uv": [0, 0, 0.25, 0.25], "rotation": 90, "texture": "#0"}
			}
		},
		{
			"from": [10.51367, 12.75, 8.5],
			"to": [10.51467, 20.75, 9.5],
			"rotation": {"angle": -22.5, "axis": "y", "origin": [10.51367, 20, 8.5]},
			"faces": {
				"north": {"uv": [0, 0, 0.25, 0.25], "rotation": 90, "texture": "#0"},
				"east": {"uv": [8.25, 5.25, 8.75, 9.25], "texture": "#0"},
				"south": {"uv": [0, 0, 0.25, 0.25], "rotation": 90, "texture": "#0"},
				"west": {"uv": [8.75, 5.25, 8.25, 9.25], "texture": "#0"},
				"up": {"uv": [0, 0, 0.25, 0.25], "rotation": 90, "texture": "#0"},
				"down": {"uv": [0, 0, 0.25, 0.25], "rotation": 90, "texture": "#0"}
			}
		},
		{
			"from": [10.13099, 12.75, 9.42388],
			"to": [10.13199, 20.75, 10.42388],
			"rotation": {"angle": -45, "axis": "y", "origin": [10.13099, 17.875, 9.42388]},
			"faces": {
				"north": {"uv": [0, 0, 0.25, 0.25], "rotation": 90, "texture": "#0"},
				"east": {"uv": [7.75, 5.25, 8.25, 9.25], "texture": "#0"},
				"south": {"uv": [0, 0, 0.25, 0.25], "rotation": 90, "texture": "#0"},
				"west": {"uv": [8.25, 5.25, 7.75, 9.25], "texture": "#0"},
				"up": {"uv": [0, 0, 0.25, 0.25], "rotation": 90, "texture": "#0"},
				"down": {"uv": [0, 0, 0.25, 0.25], "rotation": 90, "texture": "#0"}
			}
		},
		{
			"from": [8.42388, 12.75, 10.13099],
			"to": [9.42388, 20.75, 10.13199],
			"rotation": {"angle": 22.5, "axis": "y", "origin": [9.42388, 17.875, 10.13099]},
			"faces": {
				"north": {"uv": [7.75, 5.25, 7.25, 9.25], "texture": "#0"},
				"east": {"uv": [0, 0, 0.25, 0.25], "rotation": 90, "texture": "#0"},
				"south": {"uv": [7.25, 5.25, 7.75, 9.25], "texture": "#0"},
				"west": {"uv": [0, 0, 0.25, 0.25], "rotation": 90, "texture": "#0"},
				"up": {"uv": [0, 0, 0.25, 0.25], "rotation": 90, "texture": "#0"},
				"down": {"uv": [0, 0, 0.25, 0.25], "rotation": 90, "texture": "#0"}
			}
		},
		{
			"from": [10.51367, 12.75, 6.5],
			"to": [10.51467, 20.75, 7.5],
			"rotation": {"angle": 22.5, "axis": "y", "origin": [10.51367, 20, 7.5]},
			"faces": {
				"north": {"uv": [0, 0, 0.25, 0.25], "rotation": 90, "texture": "#0"},
				"east": {"uv": [5.25, 5.25, 5.75, 9.25], "texture": "#0"},
				"south": {"uv": [0, 0, 0.25, 0.25], "rotation": 90, "texture": "#0"},
				"west": {"uv": [5.75, 5.25, 5.25, 9.25], "texture": "#0"},
				"up": {"uv": [0, 0, 0.25, 0.25], "rotation": 90, "texture": "#0"},
				"down": {"uv": [0, 0, 0.25, 0.25], "rotation": 90, "texture": "#0"}
			}
		},
		{
			"from": [10.13099, 12.75, 5.57612],
			"to": [10.13199, 20.75, 6.57612],
			"rotation": {"angle": 45, "axis": "y", "origin": [10.13099, 17.875, 6.57612]},
			"faces": {
				"north": {"uv": [0, 0, 0.25, 0.25], "rotation": 90, "texture": "#0"},
				"east": {"uv": [5.75, 5.25, 6.25, 9.25], "texture": "#0"},
				"south": {"uv": [0, 0, 0.25, 0.25], "rotation": 90, "texture": "#0"},
				"west": {"uv": [6.25, 5.25, 5.75, 9.25], "texture": "#0"},
				"up": {"uv": [0, 0, 0.25, 0.25], "rotation": 90, "texture": "#0"},
				"down": {"uv": [0, 0, 0.25, 0.25], "rotation": 90, "texture": "#0"}
			}
		},
		{
			"from": [8.42388, 12.75, 5.86901],
			"to": [9.42388, 20.75, 5.87001],
			"rotation": {"angle": -22.5, "axis": "y", "origin": [9.42388, 17.875, 5.86901]},
			"faces": {
				"north": {"uv": [6.25, 5.25, 6.75, 9.25], "texture": "#0"},
				"east": {"uv": [0, 0, 0.25, 0.25], "rotation": 90, "texture": "#0"},
				"south": {"uv": [6.75, 5.25, 6.25, 9.25], "texture": "#0"},
				"west": {"uv": [0, 0, 0.25, 0.25], "rotation": 90, "texture": "#0"},
				"up": {"uv": [0, 0, 0.25, 0.25], "rotation": 90, "texture": "#0"},
				"down": {"uv": [0, 0, 0.25, 0.25], "rotation": 90, "texture": "#0"}
			}
		},
		{
			"from": [7.5, 12.75, 5.48633],
			"to": [8.5, 20.75, 5.48733],
			"rotation": {"angle": 0, "axis": "y", "origin": [8.5, 17.875, 5.48633]},
			"faces": {
				"north": {"uv": [6.75, 5.25, 7.25, 9.25], "texture": "#0"},
				"east": {"uv": [0, 0, 0.25, 0.25], "rotation": 90, "texture": "#0"},
				"south": {"uv": [7.25, 5.25, 6.75, 9.25], "texture": "#0"},
				"west": {"uv": [0, 0, 0.25, 0.25], "rotation": 90, "texture": "#0"},
				"up": {"uv": [0, 0, 0.25, 0.25], "rotation": 90, "texture": "#0"},
				"down": {"uv": [0, 0, 0.25, 0.25], "rotation": 90, "texture": "#0"}
			}
		},
		{
			"from": [5.48633, 12.75, 7.5],
			"to": [5.48733, 20.75, 8.5],
			"rotation": {"angle": 0, "axis": "y", "origin": [5.48633, 17.875, 8.5]},
			"faces": {
				"north": {"uv": [0, 0, 0.25, 0.25], "rotation": 90, "texture": "#0"},
				"east": {"uv": [5.25, 5.25, 4.75, 9.25], "texture": "#0"},
				"south": {"uv": [0, 0, 0.25, 0.25], "rotation": 90, "texture": "#0"},
				"west": {"uv": [4.75, 5.25, 5.25, 9.25], "texture": "#0"},
				"up": {"uv": [0, 0, 0.25, 0.25], "rotation": 90, "texture": "#0"},
				"down": {"uv": [0, 0, 0.25, 0.25], "rotation": 90, "texture": "#0"}
			}
		},
		{
			"from": [5.86901, 12.75, 8.42388],
			"to": [5.87001, 20.75, 9.42388],
			"rotation": {"angle": 22.5, "axis": "y", "origin": [5.86901, 17.875, 9.42388]},
			"faces": {
				"north": {"uv": [0, 0, 0.25, 0.25], "rotation": 90, "texture": "#0"},
				"east": {"uv": [5.75, 5.25, 5.25, 9.25], "texture": "#0"},
				"south": {"uv": [0, 0, 0.25, 0.25], "rotation": 90, "texture": "#0"},
				"west": {"uv": [5.25, 5.25, 5.75, 9.25], "texture": "#0"},
				"up": {"uv": [0, 0, 0.25, 0.25], "rotation": 90, "texture": "#0"},
				"down": {"uv": [0, 0, 0.25, 0.25], "rotation": 90, "texture": "#0"}
			}
		},
		{
			"from": [5.57612, 12.75, 10.13099],
			"to": [6.57612, 20.75, 10.13199],
			"rotation": {"angle": -45, "axis": "y", "origin": [6.57612, 17.875, 10.13099]},
			"faces": {
				"north": {"uv": [6.25, 5.25, 5.75, 9.25], "texture": "#0"},
				"east": {"uv": [0, 0, 0.25, 0.25], "rotation": 90, "texture": "#0"},
				"south": {"uv": [5.75, 5.25, 6.25, 9.25], "texture": "#0"},
				"west": {"uv": [0, 0, 0.25, 0.25], "rotation": 90, "texture": "#0"},
				"up": {"uv": [0, 0, 0.25, 0.25], "rotation": 90, "texture": "#0"},
				"down": {"uv": [0, 0, 0.25, 0.25], "rotation": 90, "texture": "#0"}
			}
		},
		{
			"from": [6.5, 12.75, 10.51367],
			"to": [7.5, 20.75, 10.51467],
			"rotation": {"angle": -22.5, "axis": "y", "origin": [7.5, 17.875, 10.51367]},
			"faces": {
				"north": {"uv": [6.75, 5.25, 6.25, 9.25], "texture": "#0"},
				"east": {"uv": [0, 0, 0.25, 0.25], "rotation": 90, "texture": "#0"},
				"south": {"uv": [6.25, 5.25, 6.75, 9.25], "texture": "#0"},
				"west": {"uv": [0, 0, 0.25, 0.25], "rotation": 90, "texture": "#0"},
				"up": {"uv": [0, 0, 0.25, 0.25], "rotation": 90, "texture": "#0"},
				"down": {"uv": [0, 0, 0.25, 0.25], "rotation": 90, "texture": "#0"}
			}
		},
		{
			"from": [7.5, 12.75, 10.51367],
			"to": [8.5, 20.75, 10.51467],
			"rotation": {"angle": 0, "axis": "y", "origin": [8.5, 17.875, 10.51367]},
			"faces": {
				"north": {"uv": [7.25, 5.25, 6.75, 9.25], "texture": "#0"},
				"east": {"uv": [0, 0, 0.25, 0.25], "rotation": 90, "texture": "#0"},
				"south": {"uv": [6.75, 5.25, 7.25, 9.25], "texture": "#0"},
				"west": {"uv": [0, 0, 0.25, 0.25], "rotation": 90, "texture": "#0"},
				"up": {"uv": [0, 0, 0.25, 0.25], "rotation": 90, "texture": "#0"},
				"down": {"uv": [0, 0, 0.25, 0.25], "rotation": 90, "texture": "#0"}
			}
		},
		{
			"from": [6.5, 12.75, 5.48633],
			"to": [7.5, 20.75, 5.48733],
			"rotation": {"angle": 22.5, "axis": "y", "origin": [7.5, 17.875, 5.48633]},
			"faces": {
				"north": {"uv": [7.25, 5.25, 7.75, 9.25], "texture": "#0"},
				"east": {"uv": [0, 0, 0.25, 0.25], "rotation": 90, "texture": "#0"},
				"south": {"uv": [7.75, 5.25, 7.25, 9.25], "texture": "#0"},
				"west": {"uv": [0, 0, 0.25, 0.25], "rotation": 90, "texture": "#0"},
				"up": {"uv": [0, 0, 0.25, 0.25], "rotation": 90, "texture": "#0"},
				"down": {"uv": [0, 0, 0.25, 0.25], "rotation": 90, "texture": "#0"}
			}
		},
		{
			"from": [5.57612, 12.75, 5.86901],
			"to": [6.57612, 20.75, 5.87001],
			"rotation": {"angle": 45, "axis": "y", "origin": [6.57612, 17.875, 5.86901]},
			"faces": {
				"north": {"uv": [7.75, 5.25, 8.25, 9.25], "texture": "#0"},
				"east": {"uv": [0, 0, 0.25, 0.25], "rotation": 90, "texture": "#0"},
				"south": {"uv": [8.25, 5.25, 7.75, 9.25], "texture": "#0"},
				"west": {"uv": [0, 0, 0.25, 0.25], "rotation": 90, "texture": "#0"},
				"up": {"uv": [0, 0, 0.25, 0.25], "rotation": 90, "texture": "#0"},
				"down": {"uv": [0, 0, 0.25, 0.25], "rotation": 90, "texture": "#0"}
			}
		},
		{
			"from": [5.86901, 12.75, 6.57612],
			"to": [5.87001, 20.75, 7.57612],
			"rotation": {"angle": -22.5, "axis": "y", "origin": [5.86901, 17.875, 6.57612]},
			"faces": {
				"north": {"uv": [0, 0, 0.25, 0.25], "rotation": 90, "texture": "#0"},
				"east": {"uv": [8.75, 5.25, 8.25, 9.25], "texture": "#0"},
				"south": {"uv": [0, 0, 0.25, 0.25], "rotation": 90, "texture": "#0"},
				"west": {"uv": [8.25, 5.25, 8.75, 9.25], "texture": "#0"},
				"up": {"uv": [0, 0, 0.25, 0.25], "rotation": 90, "texture": "#0"},
				"down": {"uv": [0, 0, 0.25, 0.25], "rotation": 90, "texture": "#0"}
			}
		},
		{
			"name": "hexadecagon",
			"from": [7.5, -3, 6.74317],
			"to": [8, 2.5, 6.74417],
			"rotation": {"angle": -45, "axis": "y", "origin": [7.75, -2.5, 8]},
			"faces": {
				"north": {"uv": [1.75, 10, 2, 12.75], "texture": "#0"},
				"east": {"uv": [0, 0, 0.25, 0.25], "rotation": 90, "texture": "#0"},
				"south": {"uv": [1.75, 10, 2, 12.75], "texture": "#0"},
				"west": {"uv": [0, 0, 0.25, 0.25], "rotation": 90, "texture": "#0"},
				"up": {"uv": [0, 0, 0.25, 0.25], "rotation": 90, "texture": "#0"},
				"down": {"uv": [0, 0, 0.25, 0.25], "rotation": 90, "texture": "#0"}
			}
		},
		{
			"name": "hexadecagon",
			"from": [7.5, -3, 6.74317],
			"to": [8, 2.5, 6.74417],
			"rotation": {"angle": -22.5, "axis": "y", "origin": [7.75, -2.5, 8]},
			"faces": {
				"north": {"uv": [1.5, 10, 1.75, 12.75], "texture": "#0"},
				"east": {"uv": [0, 0, 0.25, 0.25], "rotation": 90, "texture": "#0"},
				"south": {"uv": [1.5, 10, 1.75, 12.75], "texture": "#0"},
				"west": {"uv": [0, 0, 0.25, 0.25], "rotation": 90, "texture": "#0"},
				"up": {"uv": [0, 0, 0.25, 0.25], "rotation": 90, "texture": "#0"},
				"down": {"uv": [0, 0, 0.25, 0.25], "rotation": 90, "texture": "#0"}
			}
		},
		{
			"name": "hexadecagon",
			"from": [8, -3, 6.74317],
			"to": [8.5, 2.5, 6.74417],
			"rotation": {"angle": 22.5, "axis": "y", "origin": [8.25, -2.5, 8]},
			"faces": {
				"north": {"uv": [3, 10, 3.25, 12.75], "texture": "#0"},
				"east": {"uv": [0, 0, 0.25, 0.25], "rotation": 90, "texture": "#0"},
				"south": {"uv": [3, 10, 3.25, 12.75], "texture": "#0"},
				"west": {"uv": [0, 0, 0.25, 0.25], "rotation": 90, "texture": "#0"},
				"up": {"uv": [0, 0, 0.25, 0.25], "rotation": 90, "texture": "#0"},
				"down": {"uv": [0, 0, 0.25, 0.25], "rotation": 90, "texture": "#0"}
			}
		},
		{
			"name": "hexadecagon",
			"from": [8, -3, 6.74317],
			"to": [8.5, 2.5, 6.74417],
			"rotation": {"angle": 45, "axis": "y", "origin": [8.25, -2.5, 8]},
			"faces": {
				"north": {"uv": [2.75, 10, 3, 12.75], "texture": "#0"},
				"east": {"uv": [0, 0, 0.25, 0.25], "rotation": 90, "texture": "#0"},
				"south": {"uv": [2.75, 10, 3, 12.75], "texture": "#0"},
				"west": {"uv": [0, 0, 0.25, 0.25], "rotation": 90, "texture": "#0"},
				"up": {"uv": [0, 0, 0.25, 0.25], "rotation": 90, "texture": "#0"},
				"down": {"uv": [0, 0, 0.25, 0.25], "rotation": 90, "texture": "#0"}
			}
		},
		{
			"name": "hexadecagon",
			"from": [8, -3, 9.25683],
			"to": [8.5, 2.5, 9.25783],
			"rotation": {"angle": -45, "axis": "y", "origin": [8.25, -2.5, 8]},
			"faces": {
				"north": {"uv": [1.75, 10, 2, 12.75], "texture": "#0"},
				"east": {"uv": [0, 0, 0.25, 0.25], "rotation": 90, "texture": "#0"},
				"south": {"uv": [1.75, 10, 2, 12.75], "texture": "#0"},
				"west": {"uv": [0, 0, 0.25, 0.25], "rotation": 90, "texture": "#0"},
				"up": {"uv": [0, 0, 0.25, 0.25], "rotation": 90, "texture": "#0"},
				"down": {"uv": [0, 0, 0.25, 0.25], "rotation": 90, "texture": "#0"}
			}
		},
		{
			"name": "hexadecagon",
			"from": [8, -3, 9.25683],
			"to": [8.5, 2.5, 9.25783],
			"rotation": {"angle": -22.5, "axis": "y", "origin": [8.25, -2.5, 8]},
			"faces": {
				"north": {"uv": [1.5, 10, 1.75, 12.75], "texture": "#0"},
				"east": {"uv": [0, 0, 0.25, 0.25], "rotation": 90, "texture": "#0"},
				"south": {"uv": [1.5, 10, 1.75, 12.75], "texture": "#0"},
				"west": {"uv": [0, 0, 0.25, 0.25], "rotation": 90, "texture": "#0"},
				"up": {"uv": [0, 0, 0.25, 0.25], "rotation": 90, "texture": "#0"},
				"down": {"uv": [0, 0, 0.25, 0.25], "rotation": 90, "texture": "#0"}
			}
		},
		{
			"name": "hexadecagon",
			"from": [6.99317, -3, 7.75],
			"to": [6.99417, 2.5, 8.25],
			"rotation": {"angle": -22.5, "axis": "y", "origin": [8.25, -2.5, 8]},
			"faces": {
				"north": {"uv": [0, 0, 0.25, 0.25], "rotation": 90, "texture": "#0"},
				"east": {"uv": [2.5, 10, 2.75, 12.75], "texture": "#0"},
				"south": {"uv": [0, 0, 0.25, 0.25], "rotation": 90, "texture": "#0"},
				"west": {"uv": [2.5, 10, 2.75, 12.75], "texture": "#0"},
				"up": {"uv": [0, 0, 0.25, 0.25], "rotation": 90, "texture": "#0"},
				"down": {"uv": [0, 0, 0.25, 0.25], "rotation": 90, "texture": "#0"}
			}
		},
		{
			"name": "hexadecagon",
			"from": [6.99317, -3, 7.75],
			"to": [6.99417, 2.5, 8.25],
			"rotation": {"angle": 0, "axis": "y", "origin": [8.25, -2.5, 8]},
			"faces": {
				"north": {"uv": [0, 0, 0.25, 0.25], "rotation": 90, "texture": "#0"},
				"east": {"uv": [2.25, 10, 2.5, 12.75], "texture": "#0"},
				"south": {"uv": [0, 0, 0.25, 0.25], "rotation": 90, "texture": "#0"},
				"west": {"uv": [2.25, 10, 2.5, 12.75], "texture": "#0"},
				"up": {"uv": [0, 0, 0.25, 0.25], "rotation": 90, "texture": "#0"},
				"down": {"uv": [0, 0, 0.25, 0.25], "rotation": 90, "texture": "#0"}
			}
		},
		{
			"name": "hexadecagon",
			"from": [6.99317, -3, 7.75],
			"to": [6.99417, 2.5, 8.25],
			"rotation": {"angle": 22.5, "axis": "y", "origin": [8.25, -2.5, 8]},
			"faces": {
				"north": {"uv": [0, 0, 0.25, 0.25], "rotation": 90, "texture": "#0"},
				"east": {"uv": [2, 10, 2.25, 12.75], "texture": "#0"},
				"south": {"uv": [0, 0, 0.25, 0.25], "rotation": 90, "texture": "#0"},
				"west": {"uv": [2, 10, 2.25, 12.75], "texture": "#0"},
				"up": {"uv": [0, 0, 0.25, 0.25], "rotation": 90, "texture": "#0"},
				"down": {"uv": [0, 0, 0.25, 0.25], "rotation": 90, "texture": "#0"}
			}
		},
		{
			"name": "hexadecagon",
			"from": [9.00683, -3, 7.75],
			"to": [9.00783, 2.5, 8.25],
			"rotation": {"angle": -22.5, "axis": "y", "origin": [7.75, -2.5, 8]},
			"faces": {
				"north": {"uv": [0, 0, 0.25, 0.25], "rotation": 90, "texture": "#0"},
				"east": {"uv": [2.5, 10, 2.75, 12.75], "texture": "#0"},
				"south": {"uv": [0, 0, 0.25, 0.25], "rotation": 90, "texture": "#0"},
				"west": {"uv": [2.5, 10, 2.75, 12.75], "texture": "#0"},
				"up": {"uv": [0, 0, 0.25, 0.25], "rotation": 90, "texture": "#0"},
				"down": {"uv": [0, 0, 0.25, 0.25], "rotation": 90, "texture": "#0"}
			}
		},
		{
			"name": "hexadecagon",
			"from": [9.00683, -3, 7.75],
			"to": [9.00783, 2.5, 8.25],
			"rotation": {"angle": 0, "axis": "y", "origin": [7.75, -2.5, 8]},
			"faces": {
				"north": {"uv": [0, 0, 0.25, 0.25], "rotation": 90, "texture": "#0"},
				"east": {"uv": [2.25, 10, 2.5, 12.75], "texture": "#0"},
				"south": {"uv": [0, 0, 0.25, 0.25], "rotation": 90, "texture": "#0"},
				"west": {"uv": [2.25, 10, 2.5, 12.75], "texture": "#0"},
				"up": {"uv": [0, 0, 0.25, 0.25], "rotation": 90, "texture": "#0"},
				"down": {"uv": [0, 0, 0.25, 0.25], "rotation": 90, "texture": "#0"}
			}
		},
		{
			"name": "hexadecagon",
			"from": [9.00683, -3, 7.75],
			"to": [9.00783, 2.5, 8.25],
			"rotation": {"angle": 22.5, "axis": "y", "origin": [7.75, -2.5, 8]},
			"faces": {
				"north": {"uv": [0, 0, 0.25, 0.25], "rotation": 90, "texture": "#0"},
				"east": {"uv": [2, 10, 2.25, 12.75], "texture": "#0"},
				"south": {"uv": [0, 0, 0.25, 0.25], "rotation": 90, "texture": "#0"},
				"west": {"uv": [2, 10, 2.25, 12.75], "texture": "#0"},
				"up": {"uv": [0, 0, 0.25, 0.25], "rotation": 90, "texture": "#0"},
				"down": {"uv": [0, 0, 0.25, 0.25], "rotation": 90, "texture": "#0"}
			}
		},
		{
			"name": "hexadecagon",
			"from": [7.5, -3, 9.25683],
			"to": [8, 2.5, 9.25783],
			"rotation": {"angle": 45, "axis": "y", "origin": [7.75, -2.5, 8]},
			"faces": {
				"north": {"uv": [2.75, 10, 3, 12.75], "texture": "#0"},
				"east": {"uv": [0, 0, 0.25, 0.25], "rotation": 90, "texture": "#0"},
				"south": {"uv": [2.75, 10, 3, 12.75], "texture": "#0"},
				"west": {"uv": [0, 0, 0.25, 0.25], "rotation": 90, "texture": "#0"},
				"up": {"uv": [0, 0, 0.25, 0.25], "rotation": 90, "texture": "#0"},
				"down": {"uv": [0, 0, 0.25, 0.25], "rotation": 90, "texture": "#0"}
			}
		},
		{
			"name": "hexadecagon",
			"from": [7.5, -3, 9.25683],
			"to": [8, 2.5, 9.25783],
			"rotation": {"angle": 22.5, "axis": "y", "origin": [7.75, -2.5, 8]},
			"faces": {
				"north": {"uv": [3, 10, 3.25, 12.75], "texture": "#0"},
				"east": {"uv": [0, 0, 0.25, 0.25], "rotation": 90, "texture": "#0"},
				"south": {"uv": [3, 10, 3.25, 12.75], "texture": "#0"},
				"west": {"uv": [0, 0, 0.25, 0.25], "rotation": 90, "texture": "#0"},
				"up": {"uv": [0, 0, 0.25, 0.25], "rotation": 90, "texture": "#0"},
				"down": {"uv": [0, 0, 0.25, 0.25], "rotation": 90, "texture": "#0"}
			}
		}
	],
	"display": {
		"thirdperson_righthand": {
			"translation": [0, -8.75, 0],
			"scale": [1.8, 1.8, 1.8]
		},
		"thirdperson_lefthand": {
			"translation": [0, -9, 0],
			"scale": [1.8, 1.8, 1.8]
		},
		"firstperson_righthand": {
			"rotation": [10, 0, 0],
			"translation": [7, -7.5, -5],
			"scale": [1.4, 1.4, 1.4]
		},
		"firstperson_lefthand": {
			"rotation": [10, 0, 0],
			"translation": [7, -7.5, -5],
			"scale": [1.4, 1.4, 1.4]
		},
		"ground": {
			"rotation": [45, 22.5, 22.5],
			"scale": [0.8, 0.8, 0.8]
		},
		"gui": {
			"rotation": [21.2, 56.16, -49.43],
			"translation": [-1.25, -2.25, 0],
			"scale": [0.8, 0.8, 0.8]
		},
		"fixed": {
			"rotation": [0, 90, 0],
			"translation": [0, -2.75, 0]
		}
	},
	"groups": [
		{
			"name": "cross",
			"origin": [8.75, 22.75, 8],
			"color": 0,
			"children": [0, 1, 2, 3, 4, 5, 6, 7, 8, 9]
		},
		{
			"name": "blade",
			"origin": [8, 21.5, 10.75],
			"color": 0,
			"children": [10, 11, 12]
		},
		{
			"name": "shaft",
			"origin": [7.5, 0, 7.25],
			"color": 0,
			"children": [
				13,
				14,
				15,
				16,
				17,
				18,
				19,
				20,
				21,
				22,
				23,
				24,
				25,
				26,
				27,
				28,
				{
					"name": "gem",
					"origin": [7.75, 0, 7.75],
					"color": 0,
					"children": [29, 30]
				}
			]
		},
		{
			"name": "spiral upper",
			"origin": [5.49317, 17.125, 10.51367],
			"color": 0,
			"children": [31, 32, 33, 34, 35, 36, 37, 38, 39, 40, 41, 42, 43, 44, 45, 46]
		},
		{
			"name": "spiral lower",
			"origin": [16, 8, 16],
			"color": 0,
			"children": [47, 48, 49, 50, 51, 52, 53, 54, 55, 56, 57, 58, 59, 60]
		}
	]
}