{
	"credit": "Made with Blockbench",
	"textures": {
		"0": "./shleem1",
		"1": "./shleem2",
		"particle": "./shleem1"
	},
	"elements": [
		{
			"from": [7, 4, 6],
			"to": [7.5, 5, 8],
			"faces": {
				"north": {"uv": [7, 2, 7.25, 2.5], "texture": "#0"},
				"east": {"uv": [6, 4, 7, 4.5], "texture": "#0"},
				"south": {"uv": [7, 1.5, 7.25, 2], "texture": "#0"},
				"west": {"uv": [6, 4.5, 7, 5], "texture": "#0"},
				"up": {"uv": [7.5, 6.25, 6.5, 6], "rotation": 90, "texture": "#0"},
				"down": {"uv": [7.5, 6.5, 6.5, 6.75], "rotation": 270, "texture": "#0"}
			}
		},
		{
			"from": [7, 2, 2],
			"to": [7.5, 3, 4],
			"faces": {
				"north": {"uv": [9, 9, 9.5, 10], "texture": "#1"},
				"east": {"uv": [4, 8, 6, 9], "texture": "#1"},
				"south": {"uv": [8, 9, 8.5, 10], "texture": "#1"},
				"west": {"uv": [6, 8, 8, 9], "texture": "#1"},
				"up": {"uv": [4, 9.5, 2, 9], "rotation": 90, "texture": "#1"},
				"down": {"uv": [6, 9, 4, 9.5], "rotation": 270, "texture": "#1"}
			}
		},
		{
			"from": [1, 2, 2],
			"to": [1.5, 3, 4],
			"faces": {
				"north": {"uv": [7, 9, 7.5, 10], "texture": "#1"},
				"east": {"uv": [0, 8, 2, 9], "texture": "#1"},
				"south": {"uv": [6, 9, 6.5, 10], "texture": "#1"},
				"west": {"uv": [2, 8, 4, 9], "texture": "#1"},
				"up": {"uv": [10, 8.5, 8, 8], "rotation": 90, "texture": "#1"},
				"down": {"uv": [2, 9, 0, 9.5], "rotation": 270, "texture": "#1"}
			}
		},
		{
			"from": [7, 2, 4],
			"to": [7.5, 5, 6],
			"faces": {
				"north": {"uv": [6, 6, 6.25, 7.5], "texture": "#0"},
				"east": {"uv": [3, 5, 4, 6.5], "texture": "#0"},
				"south": {"uv": [2.5, 6, 2.75, 7.5], "texture": "#0"},
				"west": {"uv": [4, 5, 5, 6.5], "texture": "#0"},
				"up": {"uv": [5, 6.75, 4, 6.5], "rotation": 90, "texture": "#0"},
				"down": {"uv": [6, 6.5, 5, 6.75], "rotation": 270, "texture": "#0"}
			}
		},
		{
			"from": [1, 2, 4],
			"to": [1.5, 5, 6],
			"faces": {
				"north": {"uv": [3.5, 6.5, 3.75, 8], "texture": "#0"},
				"east": {"uv": [5, 5, 6, 6.5], "texture": "#0"},
				"south": {"uv": [3, 6.5, 3.25, 8], "texture": "#0"},
				"west": {"uv": [0, 6, 1, 7.5], "texture": "#0"},
				"up": {"uv": [2, 7.25, 1, 7], "rotation": 90, "texture": "#0"},
				"down": {"uv": [8, 1, 7, 1.25], "rotation": 270, "texture": "#0"}
			}
		},
		{
			"from": [1, 4, 6],
			"to": [1.5, 5, 8],
			"faces": {
				"north": {"uv": [7, 3, 7.25, 3.5], "texture": "#0"},
				"east": {"uv": [6, 5, 7, 5.5], "texture": "#0"},
				"south": {"uv": [7, 2.5, 7.25, 3], "texture": "#0"},
				"west": {"uv": [6, 5.5, 7, 6], "texture": "#0"},
				"up": {"uv": [8, 0.25, 7, 0], "rotation": 90, "texture": "#0"},
				"down": {"uv": [8, 0.5, 7, 0.75], "rotation": 270, "texture": "#0"}
			}
		},
		{
			"from": [1.5, 5, 7.5],
			"to": [7, 7, 8],
			"faces": {
				"north": {"uv": [3, 1.5, 5.75, 2.75], "texture": "#0"},
				"east": {"uv": [6.5, 1, 6.75, 2.25], "texture": "#0"},
				"south": {"uv": [3, 0, 5.75, 1.25], "texture": "#0"},
				"west": {"uv": [6.5, 2.5, 6.75, 3.75], "texture": "#0"},
				"up": {"uv": [6.25, 3.75, 6, 1], "rotation": 90, "texture": "#0"},
				"down": {"uv": [2.25, 6, 2, 8.75], "rotation": 270, "texture": "#0"}
			}
		},
		{
			"from": [7.2, 5, 4.5],
			"to": [7.2, 9, 10],
			"faces": {
				"north": {"uv": [0, 0, 0, 4], "texture": "#1"},
				"east": {"uv": [0, 0, 5.5, 4], "texture": "#1"},
				"south": {"uv": [0, 0, 0, 4], "texture": "#1"},
				"west": {"uv": [0, 4, 5.5, 8], "texture": "#1"},
				"up": {"uv": [5.5, 0, 0, 0], "rotation": 90, "texture": "#1"},
				"down": {"uv": [5.5, 0, 0, 0], "rotation": 270, "texture": "#1"}
			}
		},
		{
			"from": [1.2, 5, 4.5],
			"to": [1.2, 9, 10],
			"faces": {
				"north": {"uv": [0, 0, 0, 4], "texture": "#1"},
				"east": {"uv": [6, 0, 11.5, 4], "texture": "#1"},
				"south": {"uv": [0, 0, 0, 4], "texture": "#1"},
				"west": {"uv": [6, 4, 11.5, 8], "texture": "#1"},
				"up": {"uv": [5.5, 0, 0, 0], "rotation": 90, "texture": "#1"},
				"down": {"uv": [5.5, 0, 0, 0], "rotation": 270, "texture": "#1"}
			}
		},
		{
			"from": [1.2, 7, 1],
			"to": [7.2, 7, 8],
			"faces": {
				"north": {"uv": [0, 0, 3, 0], "texture": "#0"},
				"east": {"uv": [0, 0, 3.5, 0], "texture": "#0"},
				"south": {"uv": [0, 0, 3, 0], "texture": "#0"},
				"west": {"uv": [0, 0, 3.5, 0], "texture": "#0"},
				"up": {"uv": [11.5, 3, 8, 0], "rotation": 90, "texture": "#0"},
				"down": {"uv": [15, 0, 11.5, 3], "rotation": 270, "texture": "#0"}
			}
		},
		{
			"from": [3.2, 5, 1],
			"to": [5.2, 7, 1],
			"faces": {
				"north": {"uv": [1, 6, 2, 7], "texture": "#0"},
				"east": {"uv": [0, 0, 0, 1], "texture": "#0"},
				"south": {"uv": [6, 0, 7, 1], "texture": "#0"},
				"west": {"uv": [0, 0, 0, 1], "texture": "#0"},
				"up": {"uv": [0, 1, 0, 0], "rotation": 90, "texture": "#0"},
				"down": {"uv": [0, 0, 0, 1], "rotation": 270, "texture": "#0"}
			}
		},
		{
			"from": [1.2, 2, 1],
			"to": [7.2, 6, 1],
			"faces": {
				"north": {"uv": [0, 2, 3, 4], "texture": "#0"},
				"east": {"uv": [0, 0, 0, 2], "texture": "#0"},
				"south": {"uv": [0, 0, 3, 2], "texture": "#0"},
				"west": {"uv": [0, 0, 0, 2], "texture": "#0"},
				"up": {"uv": [0, 3, 0, 0], "rotation": 90, "texture": "#0"},
				"down": {"uv": [0, 0, 0, 3], "rotation": 270, "texture": "#0"}
			}
		},
		{
			"from": [7.2, 2, 1],
			"to": [7.2, 6, 4.025],
			"faces": {
				"north": {"uv": [0, 0, 0, 2], "texture": "#0"},
				"east": {"uv": [3, 3, 4.5, 5], "texture": "#0"},
				"south": {"uv": [0, 0, 0, 2], "texture": "#0"},
				"west": {"uv": [0, 4, 1.5, 6], "texture": "#0"},
				"up": {"uv": [1.5, 0, 0, 0], "rotation": 90, "texture": "#0"},
				"down": {"uv": [1.5, 0, 0, 0], "rotation": 270, "texture": "#0"}
			}
		},
		{
			"from": [1.2, 2, 1],
			"to": [1.2, 6, 4.025],
			"faces": {
				"north": {"uv": [0, 0, 0, 2], "texture": "#0"},
				"east": {"uv": [1.5, 4, 3, 6], "texture": "#0"},
				"south": {"uv": [0, 0, 0, 2], "texture": "#0"},
				"west": {"uv": [4.5, 3, 6, 5], "texture": "#0"},
				"up": {"uv": [1.5, 0, 0, 0], "rotation": 90, "texture": "#0"},
				"down": {"uv": [1.5, 0, 0, 0], "rotation": 270, "texture": "#0"}
			}
		}
	],
	"display": {
		"thirdperson_righthand": {
			"rotation": [42, 0, 0],
			"translation": [4.75, 1, 5],
			"scale": [1.27, 1.27, 1.2]
		},
		"thirdperson_lefthand": {
			"rotation": [42, 0, 0],
			"translation": [-4.75, 1, 5],
			"scale": [1.27, 1.27, 1.2]
		},
		"firstperson_righthand": {
			"rotation": [0, 135, 5],
			"translation": [-1.75, 8, -2.75]
		},
		"firstperson_lefthand": {
			"rotation": [0, 135, 5],
			"translation": [6.75, 6.5, 0.25]
		},
		"ground": {
			"translation": [4.5, 2.5, 3.75]
		},
		"gui": {
			"rotation": [30, 132, 0],
			"translation": [-0.75, 6, 0],
			"scale": [1.3, 1.3, 1.3]
		},
		"head": {
			"translation": [8.45, 9.75, 10.25],
			"scale": [2.25, 2.71, 2.43]
		},
		"fixed": {
			"rotation": [-90, 0, 0],
			"translation": [10.25, 10, -16.75],
			"scale": [2.8, 2.8, 2.8]
		}
	},
	"groups": [
		{
			"name": "group",
			"origin": [0, 0, 0],
			"color": 0,
			"children": [0, 1, 2, 3, 4, 5, 6, 7, 8, 9, 10, 11, 12, 13]
		}
	]
}