{
	"credit": "Made with Blockbench",
	"texture_size": [32, 32],
	"textures": {
		"0": "./chef",
		"particle": "./chef"
	},
	"elements": [
		{
			"name": "DOWN",
			"from": [4, 0, 5.1],
			"to": [10.6, 4, 11.5],
			"rotation": {"angle": 0, "axis": "y", "origin": [-0.7, 0, 0.3]},
			"faces": {
				"north": {"uv": [7, 8.5, 3.5, 10.5], "texture": "#0"},
				"east": {"uv": [3.5, 6.5, 7, 8.5], "texture": "#0"},
				"south": {"uv": [3.5, 8.5, 7, 10.5], "texture": "#0"},
				"west": {"uv": [3.5, 10.5, 7, 12.5], "texture": "#0"},
				"up": {"uv": [3.5, 10, 0, 6.5], "texture": "#0"},
				"down": {"uv": [3.5, 10, 0, 13.5], "texture": "#0"}
			}
		},
		{
			"name": "UP",
			"from": [3.02657, 1.62541, 4.2],
			"to": [12.52657, 4.62541, 12.4],
			"rotation": {"angle": -22.5, "axis": "z", "origin": [9.3, 2, 8.3]},
			"faces": {
				"north": {"uv": [0, 0, 5, 1.5], "texture": "#0"},
				"east": {"uv": [5, 0, 9.5, 1.5], "texture": "#0"},
				"south": {"uv": [0, 0, 5, 1.5], "texture": "#0"},
				"west": {"uv": [5, 0, 9.5, 1.5], "texture": "#0"},
				"up": {"uv": [10, 6, 5, 1.5], "texture": "#0"},
				"down": {"uv": [5, 1.5, 0, 6], "texture": "#0"}
			}
		}
	],
	"display": {
		"thirdperson_righthand": {
			"rotation": [0, -90, 0],
			"translation": [0.5, 8, 1.5]
		},
		"thirdperson_lefthand": {
			"rotation": [0, 90, 0],
			"translation": [-0.5, 8, 1.5]
		},
		"firstperson_righthand": {
			"rotation": [-42, 125, 4],
			"translation": [36.75, -4, -54.75],
			"scale": [4, 4, 4]
		},
		"firstperson_lefthand": {
			"rotation": [-42, -55, -4],
			"translation": [36.75, -4, -54.75],
			"scale": [4, 4, 4]
		},
		"ground": {
			"translation": [0, 5.25, 0]
		},
		"gui": {
			"rotation": [30, 132, 0],
			"translation": [-0.25, 5.5, 0],
			"scale": [1.2, 1.2, 1.2]
		},
		"head": {
			"translation": [1.6, 21.5, -0.7],
			"scale": [2.3, 2.3, 2.3]
		},
		"fixed": {
			"rotation": [-90, -180, 0],
			"translation": [2, 1, -22],
			"scale": [-3, 3, 3]
		}
	}
}