{
	"credit": "Made with Blockbench",
	"textures": {
		"0": "./gin",
		"particle": "./gin"
	},
	"elements": [
		{
			"from": [2, -9, 4],
			"to": [14, 16, 16],
			"faces": {
				"north": {"uv": [0, 0, 3, 7], "texture": "#0"},
				"east": {"uv": [9, 0, 12, 7], "texture": "#0"},
				"south": {"uv": [6, 0, 9, 7], "texture": "#0"},
				"west": {"uv": [3, 0, 6, 7], "texture": "#0"},
				"up": {"uv": [0, 7, 3, 10], "texture": "#0"},
				"down": {"uv": [0, 7, 3, 10], "texture": "#0"}
			}
		},
		{
			"from": [3, -8, 5],
			"to": [13, 13, 15],
			"faces": {
				"north": {"uv": [7, 7, 9.5, 11.75], "texture": "#0"},
				"east": {"uv": [7, 7, 9.5, 11.75], "texture": "#0"},
				"south": {"uv": [7, 7, 9.5, 11.75], "texture": "#0"},
				"west": {"uv": [7, 7, 9.5, 11.75], "texture": "#0"},
				"up": {"uv": [7, 9.25, 9.5, 11.75], "texture": "#0"},
				"down": {"uv": [7, 7, 9.5, 9.5], "texture": "#0"}
			}
		},
		{
			"from": [6, 22, 8],
			"to": [10, 26, 12],
			"faces": {
				"north": {"uv": [9.5, 7, 10.75, 8.25], "texture": "#0"},
				"east": {"uv": [9.5, 9.75, 10.75, 11], "texture": "#0"},
				"south": {"uv": [9.5, 9.5, 10.75, 10.75], "texture": "#0"},
				"west": {"uv": [9.5, 8.25, 10.75, 9.5], "texture": "#0"},
				"up": {"uv": [9.5, 7, 10.75, 8.25], "texture": "#0"},
				"down": {"uv": [9.5, 8, 10.75, 9.25], "texture": "#0"}
			}
		},
		{
			"from": [5, 16, 7],
			"to": [11, 24, 13],
			"faces": {
				"north": {"uv": [0, 10.5, 1.5, 12.5], "texture": "#0"},
				"east": {"uv": [4.5, 10.5, 6, 12.5], "texture": "#0"},
				"south": {"uv": [3, 10.5, 4.5, 12.5], "texture": "#0"},
				"west": {"uv": [1.5, 10.5, 3, 12.5], "texture": "#0"},
				"up": {"uv": [0, 12.5, 2, 14.5], "texture": "#0"},
				"down": {"uv": [16, 16, 11.5, 11.5], "rotation": 270, "texture": "#0"}
			}
		}
	],
	"display": {
		"thirdperson_righthand": {
			"rotation": [-82.77, 87.23, 82.22],
			"translation": [-0.5, -0.25, -1.25],
			"scale": [0.26757, 0.24023, 0.23829]
		},
		"thirdperson_lefthand": {
			"rotation": [176.19, -0.08, 178.55],
			"translation": [-0.25, 3.25, 1],
			"scale": [0.24024, 0.22461, 0.23633]
		},
		"firstperson_righthand": {
			"rotation": [173.56, 8.43, 178.56],
			"translation": [6, 1, -5],
			"scale": [0.36914, 0.39649, 0.29883]
		},
		"firstperson_lefthand": {
			"rotation": [165.43, 11.5, -179.32],
			"translation": [9.25, -1, -8.5],
			"scale": [0.35742, 0.46484, 0.46094]
		},
		"ground": {
			"rotation": [90.63, 0.41, -12.98],
			"translation": [0, -0.5, 0],
			"scale": [0.34375, 0.43359, 0.3457]
		},
		"gui": {
			"rotation": [160.46, 18.27, -139.16],
			"translation": [0.25, 0.75, 0],
			"scale": [0.41211, 0.50781, 0.49415]
		},
		"fixed": {
			"rotation": [-89.75, 0.23, -0.05],
			"translation": [0, -1.25, -10.75],
			"scale": [0.56836, 0.64257, 0.60547]
		}
	},
	"groups": [
		{
			"name": "group",
			"origin": [8, 8, 8],
			"color": 0,
			"children": [0, 1, 2, 3]
		}
	]
}