{
	"credit": "Made with Blockbench",
	"textures": {
		"2": "./texture",
		"3": "./mourtin"
	},
	"elements": [
		{
			"name": "Head",
			"from": [-4, 18, -8],
			"to": [-3, 31, 5],
			"faces": {
				"north": {"uv": [4, 2, 4.25, 4], "texture": "#3"},
				"east": {"uv": [6, 2, 8, 4], "texture": "#3"},
				"south": {"uv": [4.25, 2, 4.5, 4], "texture": "#3"},
				"west": {"uv": [2, 2, 4, 4], "texture": "#3"},
				"up": {"uv": [2, 2, 4, 1.75], "rotation": 90, "texture": "#3"},
				"down": {"uv": [6, 2, 4, 1.75], "rotation": 90, "texture": "#3"}
			}
		},
		{
			"name": "Hat Layer",
			"from": [-4.4, 17.8, -8.5],
			"to": [-2.5, 31.2, 5.5],
			"faces": {
				"north": {"uv": [12, 2, 12.25, 4], "texture": "#3"},
				"east": {"uv": [14, 2, 16, 4], "texture": "#3"},
				"south": {"uv": [9.75, 2, 10, 4], "texture": "#3"},
				"west": {"uv": [10, 2, 12, 4], "texture": "#3"},
				"up": {"uv": [10, 2, 12, 1.75], "rotation": 90, "texture": "#3"},
				"down": {"uv": [14, 1.75, 12, 1.5], "rotation": 90, "texture": "#3"}
			}
		},
		{
			"from": [-4, 23, 5],
			"to": [11, 25, 5],
			"faces": {
				"north": {"uv": [0, 0, 15, 2], "texture": "#2"},
				"east": {"uv": [0, 0, 0, 2], "texture": "#2"},
				"south": {"uv": [0, 2, 15, 4], "texture": "#2"},
				"west": {"uv": [0, 0, 0, 2], "texture": "#2"},
				"up": {"uv": [15, 0, 0, 0], "texture": "#2"},
				"down": {"uv": [15, 0, 0, 0], "texture": "#2"}
			}
		},
		{
			"from": [11, 23, -8.025],
			"to": [11, 25, 5],
			"faces": {
				"north": {"uv": [0, 0, 0, 2], "texture": "#2"},
				"east": {"uv": [0, 8, 13, 10], "texture": "#2"},
				"south": {"uv": [0, 0, 0, 2], "texture": "#2"},
				"west": {"uv": [0, 10, 13, 12], "texture": "#2"},
				"up": {"uv": [0, 13, 0, 0], "texture": "#2"},
				"down": {"uv": [0, 0, 0, 13], "texture": "#2"}
			}
		},
		{
			"from": [-4, 23, -8.025],
			"to": [11, 25, -8.025],
			"faces": {
				"north": {"uv": [0, 4, 15, 6], "texture": "#2"},
				"east": {"uv": [0, 0, 0, 2], "texture": "#2"},
				"south": {"uv": [0, 6, 15, 8], "texture": "#2"},
				"west": {"uv": [0, 0, 0, 2], "texture": "#2"},
				"up": {"uv": [15, 0, 0, 0], "texture": "#2"},
				"down": {"uv": [15, 0, 0, 0], "texture": "#2"}
			}
		}
	],
	"display": {
		"thirdperson_righthand": {
			"rotation": [-84.1, -90, -90.26],
			"translation": [-11, -10.5, 0],
			"scale": [0.58, 0.58, 0.58]
		},
		"thirdperson_lefthand": {
			"rotation": [-84.1, 90, 90.26],
			"translation": [0, -10.5, 0],
			"scale": [0.58, 0.58, 0.58]
		},
		"firstperson_righthand": {
			"rotation": [0, -90, 23],
			"translation": [-19.25, -15, 9.5]
		},
		"firstperson_lefthand": {
			"rotation": [0, 90, -23],
			"translation": [1, -15, 9.5]
		},
		"ground": {
			"rotation": [0, 0, -90],
			"translation": [-9.5, 0, 5],
			"scale": [0.58, 0.58, 0.58]
		},
		"gui": {
			"rotation": [30, 132, 0],
			"translation": [3, -6.25, 0],
			"scale": [0.78, 0.78, 0.78]
		},
		"head": {
			"rotation": [0, -90, 0],
			"translation": [-10.5, -18, 4],
			"scale": [1, 1.1, 1.1]
		},
		"fixed": {
			"rotation": [180, -90, 180],
			"translation": [-14.75, -24.25, 16.25],
			"scale": [1.51, 1.51, 1.51]
		}
	}
}