{
	"credit": "Made with Blockbench",
	"textures": {
		"0": "./ale2",
		"particle": "./ale2"
	},
	"elements": [
		{
			"from": [8, 0, 4],
			"to": [9, 9, 12],
			"faces": {
				"north": {"uv": [0, 0, 1, 9], "texture": "#0"},
				"east": {"uv": [0, 0, 8, 9], "texture": "#0"},
				"south": {"uv": [7, 0, 8, 9], "texture": "#0"},
				"west": {"uv": [0, 0, 8, 9], "texture": "#0"},
				"up": {"uv": [15, 0, 16, 8], "texture": "#0"},
				"down": {"uv": [8, 0, 9, 8], "texture": "#0"}
			}
		},
		{
			"from": [2, 0, 4],
			"to": [8, 9, 5],
			"faces": {
				"north": {"uv": [1, 0, 7, 9], "texture": "#0"},
				"east": {"uv": [0, 0, 1, 9], "texture": "#0"},
				"south": {"uv": [0, 0, 6, 9], "texture": "#0"},
				"west": {"uv": [0, 0, 1, 9], "texture": "#0"},
				"up": {"uv": [0, 0, 6, 1], "texture": "#0"},
				"down": {"uv": [9, 7, 15, 8], "texture": "#0"}
			}
		},
		{
			"from": [2, 0, 11],
			"to": [8, 9, 12],
			"faces": {
				"north": {"uv": [0, 0, 6, 9], "texture": "#0"},
				"east": {"uv": [0, 0, 1, 9], "texture": "#0"},
				"south": {"uv": [1, 0, 7, 9], "texture": "#0"},
				"west": {"uv": [0, 0, 1, 9], "texture": "#0"},
				"up": {"uv": [0, 0, 6, 1], "texture": "#0"},
				"down": {"uv": [9, 0, 15, 1], "texture": "#0"}
			}
		},
		{
			"from": [2, 0, 5],
			"to": [8, 1, 11],
			"faces": {
				"north": {"uv": [0, 8, 6, 9], "texture": "#0"},
				"east": {"uv": [2, 8, 8, 9], "texture": "#0"},
				"south": {"uv": [0, 0, 6, 1], "texture": "#0"},
				"west": {"uv": [3, 0, 9, 1], "texture": "#0"},
				"up": {"uv": [9, 1, 15, 7], "texture": "#0"},
				"down": {"uv": [9, 1, 15, 7], "texture": "#0"}
			}
		},
		{
			"from": [1, 0, 4],
			"to": [2, 9, 12],
			"faces": {
				"north": {"uv": [7, 0, 8, 9], "texture": "#0"},
				"east": {"uv": [0, 0, 8, 9], "texture": "#0"},
				"south": {"uv": [0, 0, 1, 9], "texture": "#0"},
				"west": {"uv": [0, 0, 8, 9], "texture": "#0"},
				"up": {"uv": [12, 0, 13, 8], "texture": "#0"},
				"down": {"uv": [15, 0, 16, 8], "texture": "#0"}
			}
		},
		{
			"from": [9, 1.5, 7.5],
			"to": [11, 2.5, 8.5],
			"faces": {
				"north": {"uv": [0, 14, 2, 15], "texture": "#0"},
				"east": {"uv": [0, 14, 1, 15], "texture": "#0"},
				"south": {"uv": [0, 14, 2, 15], "texture": "#0"},
				"west": {"uv": [0, 0, 1, 1], "texture": "#0"},
				"up": {"uv": [0, 14, 2, 15], "texture": "#0"},
				"down": {"uv": [0, 14, 2, 15], "texture": "#0"}
			}
		},
		{
			"from": [10, 2.5, 7.5],
			"to": [12, 3.5, 8.5],
			"faces": {
				"north": {"uv": [1, 13, 3, 14], "texture": "#0"},
				"east": {"uv": [2, 13, 3, 14], "texture": "#0"},
				"south": {"uv": [1, 13, 3, 14], "texture": "#0"},
				"west": {"uv": [1, 13, 2, 14], "texture": "#0"},
				"up": {"uv": [1, 13, 3, 14], "texture": "#0"},
				"down": {"uv": [1, 13, 3, 14], "texture": "#0"}
			}
		},
		{
			"from": [11, 3.5, 7.5],
			"to": [12, 6.5, 8.5],
			"faces": {
				"north": {"uv": [2, 11, 3, 14], "texture": "#0"},
				"east": {"uv": [2, 11, 3, 14], "texture": "#0"},
				"south": {"uv": [2, 11, 3, 14], "texture": "#0"},
				"west": {"uv": [2, 11, 3, 14], "texture": "#0"},
				"up": {"uv": [0, 0, 1, 1], "texture": "#0"},
				"down": {"uv": [0, 0, 1, 1], "texture": "#0"}
			}
		},
		{
			"from": [9, 6.5, 7.5],
			"to": [12, 7.5, 8.5],
			"faces": {
				"north": {"uv": [0, 10, 3, 11], "texture": "#0"},
				"east": {"uv": [2, 10, 3, 11], "texture": "#0"},
				"south": {"uv": [0, 10, 3, 11], "texture": "#0"},
				"west": {"uv": [0, 0, 1, 1], "texture": "#0"},
				"up": {"uv": [0, 10, 3, 11], "texture": "#0"},
				"down": {"uv": [0, 10, 3, 11], "texture": "#0"}
			}
		},
		{
			"from": [2, 1, 5],
			"to": [8, 8, 11],
			"faces": {
				"north": {"uv": [10, 9, 16, 16], "texture": "#0"},
				"east": {"uv": [10, 9, 16, 16], "texture": "#0"},
				"south": {"uv": [10, 9, 16, 16], "texture": "#0"},
				"west": {"uv": [10, 9, 16, 16], "texture": "#0"},
				"up": {"uv": [8, 8, 14, 14], "texture": "#0"},
				"down": {"uv": [10, 10, 16, 16], "texture": "#0"}
			}
		}
	],
	"display": {
		"thirdperson_righthand": {
			"rotation": [-62.4, -88.49, -65.22],
			"translation": [0, 0.5, -1.5],
			"scale": [0.4082, 0.45898, 0.41797]
		},
		"thirdperson_lefthand": {
			"rotation": [-3.09, 89.06, 3.19],
			"translation": [0, 0.5, -1.5],
			"scale": [0.38477, 0.47461, 0.40235]
		},
		"firstperson_righthand": {
			"rotation": [26.61, -71.38, 23.19],
			"translation": [3, 2.25, -1.5],
			"scale": [0.75391, 0.92969, 0.9707]
		},
		"firstperson_lefthand": {
			"rotation": [-122.38, 74.87, 125.99],
			"translation": [1.75, 3, 0],
			"scale": [0.59375, 0.875, 0.78711]
		},
		"ground": {
			"translation": [2.5, 5, -0.5],
			"scale": [0.83007, 0.80273, 0.83789]
		},
		"gui": {
			"rotation": [-158.63, -11.6, 168.41],
			"translation": [-2.5, 2.25, 0],
			"scale": [0.89844, 0.9707, 0.97852]
		},
		"fixed": {
			"rotation": [-90, 0, 0],
			"translation": [3, 0.25, -8.5],
			"scale": [1.16406, 1.05078, 1.18945]
		}
	},
	"groups": [
		{
			"name": "group",
			"origin": [8, 8, 8],
			"color": 0,
			"children": [0, 1, 2, 3, 4, 5, 6, 7, 8, 9]
		}
	]
}