{
	"credit": "Made with Blockbench",
	"texture_size": [64, 64],
	"textures": {
		"0": "./hk_ump",
		"particle": "./hk_ump"
	},
	"elements": [
		{
			"from": [6, 11, 0],
			"to": [9, 13, 15],
			"faces": {
				"north": {"uv": [2.5, 6.5, 3.25, 7], "texture": "#0"},
				"east": {"uv": [3, 1, 6.75, 1.5], "texture": "#0"},
				"south": {"uv": [6.5, 3, 7.25, 3.5], "texture": "#0"},
				"west": {"uv": [3, 1.5, 6.75, 2], "texture": "#0"},
				"up": {"uv": [2.25, 3.75, 1.5, 0], "texture": "#0"},
				"down": {"uv": [3, 0, 2.25, 3.75], "texture": "#0"}
			}
		},
		{
			"from": [6, 8, 20],
			"to": [9, 12, 27],
			"rotation": {"angle": 0, "axis": "y", "origin": [0, 0, 2]},
			"faces": {
				"north": {"uv": [5.5, 3.5, 6.25, 4.5], "texture": "#0"},
				"east": {"uv": [3, 2, 4.75, 3], "texture": "#0"},
				"south": {"uv": [5.5, 4.5, 6.25, 5.5], "texture": "#0"},
				"west": {"uv": [3, 3, 4.75, 4], "texture": "#0"},
				"up": {"uv": [3.75, 5.75, 3, 4], "texture": "#0"},
				"down": {"uv": [4.5, 4, 3.75, 5.75], "texture": "#0"}
			}
		},
		{
			"from": [6, 11, 15],
			"to": [9, 14, 17],
			"rotation": {"angle": 0, "axis": "y", "origin": [0, 0, 2]},
			"faces": {
				"north": {"uv": [3.5, 5.75, 4.25, 6.5], "texture": "#0"},
				"east": {"uv": [4.25, 6.75, 4.75, 7.5], "texture": "#0"},
				"south": {"uv": [4.25, 6, 5, 6.75], "texture": "#0"},
				"west": {"uv": [6.75, 5.25, 7.25, 6], "texture": "#0"},
				"up": {"uv": [7.5, 2, 6.75, 1.5], "texture": "#0"},
				"down": {"uv": [7.25, 6.75, 6.5, 7.25], "texture": "#0"}
			}
		},
		{
			"from": [6, 9, 0],
			"to": [9, 11, 17],
			"faces": {
				"north": {"uv": [0, 7, 0.75, 7.5], "texture": "#0"},
				"east": {"uv": [3, 0, 7.25, 0.5], "texture": "#0"},
				"south": {"uv": [0.75, 7, 1.5, 7.5], "texture": "#0"},
				"west": {"uv": [3, 0.5, 7.25, 1], "texture": "#0"},
				"up": {"uv": [0.75, 4.25, 0, 0], "texture": "#0"},
				"down": {"uv": [1.5, 0, 0.75, 4.25], "texture": "#0"}
			}
		},
		{
			"from": [6, 8, 0],
			"to": [9, 9, 1],
			"rotation": {"angle": 0, "axis": "y", "origin": [0, -2, 0]},
			"faces": {
				"north": {"uv": [7, 2.75, 7.75, 3], "texture": "#0"},
				"east": {"uv": [5.25, 3.5, 5.5, 3.75], "texture": "#0"},
				"south": {"uv": [7, 4, 7.75, 4.25], "texture": "#0"},
				"west": {"uv": [5.25, 3.75, 5.5, 4], "texture": "#0"},
				"up": {"uv": [8, 0.25, 7.25, 0], "texture": "#0"},
				"down": {"uv": [8, 0.25, 7.25, 0.5], "texture": "#0"}
			}
		},
		{
			"from": [6, 8, 7],
			"to": [9, 9, 15],
			"rotation": {"angle": 0, "axis": "y", "origin": [0, -2, 11]},
			"faces": {
				"north": {"uv": [7.25, 0.5, 8, 0.75], "texture": "#0"},
				"east": {"uv": [6.25, 4.25, 8.25, 4.5], "texture": "#0"},
				"south": {"uv": [7.25, 0.75, 8, 1], "texture": "#0"},
				"west": {"uv": [6.25, 4.5, 8.25, 4.75], "texture": "#0"},
				"up": {"uv": [2.25, 5.75, 1.5, 3.75], "texture": "#0"},
				"down": {"uv": [3, 3.75, 2.25, 5.75], "texture": "#0"}
			}
		},
		{
			"from": [6.5, 12.8, 7],
			"to": [8.5, 13.8, 15],
			"rotation": {"angle": 0, "axis": "y", "origin": [0, -2, 11]},
			"faces": {
				"north": {"uv": [6.25, 5.25, 6.75, 5.5], "texture": "#0"},
				"east": {"uv": [6.25, 4.75, 8.25, 5], "texture": "#0"},
				"south": {"uv": [7.25, 3, 7.75, 3.25], "texture": "#0"},
				"west": {"uv": [6.25, 5, 8.25, 5.25], "texture": "#0"},
				"up": {"uv": [0.5, 6.25, 0, 4.25], "texture": "#0"},
				"down": {"uv": [1, 4.25, 0.5, 6.25], "texture": "#0"}
			}
		},
		{
			"from": [6.5, 4, 12],
			"to": [8.5, 8, 14],
			"rotation": {"angle": 0, "axis": "y", "origin": [-1, -3, 11]},
			"faces": {
				"north": {"uv": [5, 6, 5.5, 7], "texture": "#0"},
				"east": {"uv": [6, 6.25, 6.5, 7.25], "texture": "#0"},
				"south": {"uv": [2, 6.5, 2.5, 7.5], "texture": "#0"},
				"west": {"uv": [6.5, 2, 7, 3], "texture": "#0"},
				"up": {"uv": [7.5, 2.75, 7, 2.25], "texture": "#0"},
				"down": {"uv": [3.25, 7, 2.75, 7.5], "texture": "#0"}
			}
		},
		{
			"from": [6.5, 11, 10],
			"to": [8.5, 14, 15],
			"rotation": {"angle": 22.5, "axis": "x", "origin": [-1, -3, 11]},
			"faces": {
				"north": {"uv": [5.5, 6.75, 6, 7.5], "texture": "#0"},
				"east": {"uv": [5.25, 2, 6.5, 2.75], "texture": "#0"},
				"south": {"uv": [1.5, 7, 2, 7.75], "texture": "#0"},
				"west": {"uv": [5.25, 2.75, 6.5, 3.5], "texture": "#0"},
				"up": {"uv": [6, 6.75, 5.5, 5.5], "texture": "#0"},
				"down": {"uv": [2, 5.75, 1.5, 7], "texture": "#0"}
			}
		},
		{
			"from": [6.5, -1, 4],
			"to": [8.5, 7, 6],
			"rotation": {"angle": 22.5, "axis": "x", "origin": [-1, -3, 11]},
			"faces": {
				"north": {"uv": [1, 4.25, 1.5, 6.25], "texture": "#0"},
				"east": {"uv": [4.5, 4, 5, 6], "texture": "#0"},
				"south": {"uv": [4.75, 2, 5.25, 4], "texture": "#0"},
				"west": {"uv": [5, 4, 5.5, 6], "texture": "#0"},
				"up": {"uv": [7.5, 4, 7, 3.5], "texture": "#0"},
				"down": {"uv": [5.5, 7, 5, 7.5], "texture": "#0"}
			}
		},
		{
			"from": [7, 6, 2],
			"to": [8, 9, 3],
			"faces": {
				"north": {"uv": [3.25, 7.25, 3.5, 8], "texture": "#0"},
				"east": {"uv": [3.5, 7.25, 3.75, 8], "texture": "#0"},
				"south": {"uv": [3.75, 7.25, 4, 8], "texture": "#0"},
				"west": {"uv": [4, 7.25, 4.25, 8], "texture": "#0"},
				"up": {"uv": [4.5, 6, 4.25, 5.75], "texture": "#0"},
				"down": {"uv": [7.5, 3.25, 7.25, 3.5], "texture": "#0"}
			}
		},
		{
			"from": [7.5, 6, 9],
			"to": [7.5, 9, 12],
			"faces": {
				"north": {"uv": [0, 0, 0, 0.75], "texture": "#0"},
				"east": {"uv": [6, 5.5, 6.75, 6.25], "texture": "#0"},
				"south": {"uv": [0, 0, 0, 0.75], "texture": "#0"},
				"west": {"uv": [0, 6.25, 0.75, 7], "texture": "#0"},
				"up": {"uv": [0, 0.75, 0, 0], "texture": "#0"},
				"down": {"uv": [0, 0, 0, 0.75], "texture": "#0"}
			}
		},
		{
			"from": [7.5, 12, 1],
			"to": [7.5, 15, 4],
			"faces": {
				"north": {"uv": [0, 0, 0, 0.75], "texture": "#0"},
				"east": {"uv": [0.75, 6.25, 1.5, 7], "texture": "#0"},
				"south": {"uv": [0, 0, 0, 0.75], "texture": "#0"},
				"west": {"uv": [6.25, 3.5, 7, 4.25], "texture": "#0"},
				"up": {"uv": [0, 0.75, 0, 0], "texture": "#0"},
				"down": {"uv": [0, 0, 0, 0.75], "texture": "#0"}
			}
		},
		{
			"from": [11.5, 2, 6],
			"to": [11.5, 5, 9],
			"rotation": {"angle": 45, "axis": "z", "origin": [0, 0, 0]},
			"faces": {
				"north": {"uv": [0, 0, 0, 0.75], "texture": "#0"},
				"east": {"uv": [1.75, 7.5, 2.5, 8.25], "texture": "#0"},
				"south": {"uv": [0, 0, 0, 0.75], "texture": "#0"},
				"west": {"uv": [2.75, 8, 3.5, 8.75], "texture": "#0"},
				"up": {"uv": [0, 0.75, 0, 0], "texture": "#0"},
				"down": {"uv": [0, 0, 0, 0.75], "texture": "#0"}
			}
		},
		{
			"from": [7, 10, -4],
			"to": [8, 11, 2],
			"faces": {
				"north": {"uv": [7.25, 5.25, 7.5, 5.5], "texture": "#0"},
				"east": {"uv": [6.75, 6, 8.25, 6.25], "texture": "#0"},
				"south": {"uv": [7.25, 5.5, 7.5, 5.75], "texture": "#0"},
				"west": {"uv": [7, 2, 8.5, 2.25], "texture": "#0"},
				"up": {"uv": [5, 8.25, 4.75, 6.75], "texture": "#0"},
				"down": {"uv": [2.75, 7, 2.5, 8.5], "texture": "#0"}
			}
		}
	],
	"display": {
		"thirdperson_righthand": {
			"translation": [0.25, 0, -3],
			"scale": [0.7, 0.7, 0.7]
		},
		"thirdperson_lefthand": {
			"translation": [0.25, 0, -3],
			"scale": [0.7, 0.7, 0.7]
		},
		"firstperson_righthand": {
			"translation": [0.75, 0.25, -3.75]
		},
		"ground": {
			"rotation": [1.57, -20.83, 83.67],
			"translation": [1.25, -2, 0],
			"scale": [0.6, 0.6, 0.6]
		},
		"gui": {
			"rotation": [30, 225, 0],
			"translation": [1.75, -1.25, 0],
			"scale": [0.625, 0.625, 0.625]
		},
		"head": {
			"translation": [0.75, 1.5, -3.5]
		},
		"fixed": {
			"rotation": [-180, 88.25, -180],
			"translation": [-3.25, 0, -2.25]
		}
	},
	"groups": [
		{
			"name": "group",
			"origin": [0, 0, 0],
			"color": 0,
			"children": [0, 1, 2, 3, 4, 5, 6, 7, 8, 9, 10, 11, 12, 13, 14]
		}
	]
}