{
	"credit": "Made with Blockbench",
	"texture_size": [128, 128],
	"textures": {
		"0": "./frog_narko"
	},
	"elements": [
		{
			"name": "head",
			"from": [5, 0, 5.5],
			"to": [11, 6, 10.5],
			"faces": {
				"north": {"uv": [0.625, 1.75, 1.375, 2.5], "texture": "#0"},
				"east": {"uv": [0, 1.75, 0.625, 2.5], "texture": "#0"},
				"south": {"uv": [2, 1.75, 2.75, 2.5], "texture": "#0"},
				"west": {"uv": [1.375, 1.75, 2, 2.5], "texture": "#0"},
				"up": {"uv": [1.375, 1.75, 0.625, 1.125], "texture": "#0"},
				"down": {"uv": [2.125, 1.125, 1.375, 1.75], "texture": "#0"}
			}
		},
		{
			"name": "head",
			"from": [4.5, 3, 4],
			"to": [11.5, 6, 13],
			"faces": {
				"north": {"uv": [11.125, 12.75, 12, 13.125], "texture": "#0"},
				"east": {"uv": [10, 12.75, 11.125, 13.125], "texture": "#0"},
				"south": {"uv": [13.125, 12.75, 14, 13.125], "texture": "#0"},
				"west": {"uv": [12, 12.75, 13.125, 13.125], "texture": "#0"},
				"up": {"uv": [12, 12.75, 11.125, 11.625], "texture": "#0"},
				"down": {"uv": [12.875, 11.625, 12, 12.75], "texture": "#0"}
			}
		},
		{
			"name": "head",
			"from": [4.5, 5, 4],
			"to": [11.5, 5, 13],
			"faces": {
				"north": {"uv": [14, 12.75, 14.875, 12.75], "texture": "#0"},
				"east": {"uv": [12.875, 12.75, 14, 12.75], "texture": "#0"},
				"south": {"uv": [16, 12.75, 16.875, 12.75], "texture": "#0"},
				"west": {"uv": [14.875, 12.75, 16, 12.75], "texture": "#0"},
				"up": {"uv": [14.875, 12.75, 14, 11.625], "texture": "#0"},
				"down": {"uv": [15.75, 11.625, 14.875, 12.75], "texture": "#0"}
			}
		},
		{
			"name": "head",
			"from": [4.5, 5.5, -3],
			"to": [11.5, 8.5, 6],
			"faces": {
				"north": {"uv": [4, 11.375, 4.875, 11.75], "texture": "#0"},
				"east": {"uv": [2.875, 11.375, 4, 11.75], "texture": "#0"},
				"south": {"uv": [6, 11.375, 6.875, 11.75], "texture": "#0"},
				"west": {"uv": [4.875, 11.375, 6, 11.75], "texture": "#0"},
				"up": {"uv": [4.875, 11.375, 4, 10.25], "texture": "#0"},
				"down": {"uv": [5.75, 10.25, 4.875, 11.375], "texture": "#0"}
			}
		},
		{
			"name": "head",
			"from": [4.5, 7.5, -3],
			"to": [11.5, 7.5, 6],
			"faces": {
				"north": {"uv": [4.375, 14.125, 5.25, 14.125], "texture": "#0"},
				"east": {"uv": [3.25, 14.125, 4.375, 14.125], "texture": "#0"},
				"south": {"uv": [6.375, 14.125, 7.25, 14.125], "texture": "#0"},
				"west": {"uv": [5.25, 14.125, 6.375, 14.125], "texture": "#0"},
				"up": {"uv": [5.25, 14.125, 4.375, 13], "texture": "#0"},
				"down": {"uv": [6.125, 13, 5.25, 14.125], "texture": "#0"}
			}
		},
		{
			"name": "eyes",
			"from": [5, 6, 5.5],
			"to": [7, 8, 7.5],
			"faces": {
				"north": {"uv": [1.125, 3.5, 1.375, 3.75], "texture": "#0"},
				"east": {"uv": [0.875, 3.5, 1.125, 3.75], "texture": "#0"},
				"south": {"uv": [1.625, 3.5, 1.875, 3.75], "texture": "#0"},
				"west": {"uv": [1.375, 3.5, 1.625, 3.75], "texture": "#0"},
				"up": {"uv": [1.375, 3.5, 1.125, 3.25], "texture": "#0"},
				"down": {"uv": [1.625, 3.25, 1.375, 3.5], "texture": "#0"}
			}
		},
		{
			"name": "eyes",
			"from": [9, 6, 5.5],
			"to": [11, 8, 7.5],
			"faces": {
				"north": {"uv": [3.25, 3.25, 3.5, 3.5], "texture": "#0"},
				"east": {"uv": [3, 3.25, 3.25, 3.5], "texture": "#0"},
				"south": {"uv": [3.75, 3.25, 4, 3.5], "texture": "#0"},
				"west": {"uv": [3.5, 3.25, 3.75, 3.5], "texture": "#0"},
				"up": {"uv": [3.5, 3.25, 3.25, 3], "texture": "#0"},
				"down": {"uv": [3.75, 3, 3.5, 3.25], "texture": "#0"}
			}
		},
		{
			"name": "eyes",
			"from": [8.5, 6, 5],
			"to": [11.5, 8, 8],
			"faces": {
				"north": {"uv": [10.375, 10.375, 10.75, 10.625], "texture": "#0"},
				"east": {"uv": [10, 10.375, 10.375, 10.625], "texture": "#0"},
				"south": {"uv": [11.125, 10.375, 11.5, 10.625], "texture": "#0"},
				"west": {"uv": [10.75, 10.375, 11.125, 10.625], "texture": "#0"},
				"up": {"uv": [10.75, 10.375, 10.375, 10], "texture": "#0"},
				"down": {"uv": [11.125, 10, 10.75, 10.375], "texture": "#0"}
			}
		},
		{
			"name": "eyes",
			"from": [4.5, 6, 5],
			"to": [7.5, 8, 8],
			"faces": {
				"north": {"uv": [10.375, 11, 10.75, 11.25], "texture": "#0"},
				"east": {"uv": [10, 11, 10.375, 11.25], "texture": "#0"},
				"south": {"uv": [11.125, 11, 11.5, 11.25], "texture": "#0"},
				"west": {"uv": [10.75, 11, 11.125, 11.25], "texture": "#0"},
				"up": {"uv": [10.75, 11, 10.375, 10.625], "texture": "#0"},
				"down": {"uv": [11.125, 10.625, 10.75, 11], "texture": "#0"}
			}
		},
		{
			"name": "tongue",
			"from": [6, 3.1, 6.4],
			"to": [10, 3.1, 10.4],
			"faces": {
				"north": {"uv": [2.875, 0.5, 3.375, 0.5], "texture": "#0"},
				"east": {"uv": [2.375, 0.5, 2.875, 0.5], "texture": "#0"},
				"south": {"uv": [3.875, 0.5, 4.375, 0.5], "texture": "#0"},
				"west": {"uv": [3.375, 0.5, 3.875, 0.5], "texture": "#0"},
				"up": {"uv": [3.375, 0.5, 2.875, 0], "texture": "#0"},
				"down": {"uv": [3.875, 0, 3.375, 0.5], "texture": "#0"}
			}
		},
		{
			"name": "tongue",
			"from": [6, 3.1, 5.9],
			"to": [10, 3.1, 12.9],
			"faces": {
				"north": {"uv": [13, 12.5, 13.5, 12.5], "texture": "#0"},
				"east": {"uv": [12.125, 12.5, 13, 12.5], "texture": "#0"},
				"south": {"uv": [14.375, 12.5, 14.875, 12.5], "texture": "#0"},
				"west": {"uv": [13.5, 12.5, 14.375, 12.5], "texture": "#0"},
				"up": {"uv": [13.5, 12.5, 13, 11.625], "texture": "#0"},
				"down": {"uv": [14, 11.625, 13.5, 12.5], "texture": "#0"}
			}
		},
		{
			"name": "tongue",
			"from": [6, 5.6, -1.1],
			"to": [10, 5.6, 5.9],
			"faces": {
				"north": {"uv": [0.875, 12.25, 1.375, 12.25], "texture": "#0"},
				"east": {"uv": [0, 12.25, 0.875, 12.25], "texture": "#0"},
				"south": {"uv": [2.25, 12.25, 2.75, 12.25], "texture": "#0"},
				"west": {"uv": [1.375, 12.25, 2.25, 12.25], "texture": "#0"},
				"up": {"uv": [1.375, 12.25, 0.875, 11.375], "texture": "#0"},
				"down": {"uv": [1.875, 11.375, 1.375, 12.25], "texture": "#0"}
			}
		},
		{
			"name": "body",
			"from": [5, 0, 5.5],
			"to": [11, 4, 9.5],
			"faces": {
				"north": {"uv": [2.75, 2.5, 3.5, 3], "texture": "#0"},
				"east": {"uv": [2.25, 2.5, 2.75, 3], "texture": "#0"},
				"south": {"uv": [4, 2.5, 4.75, 3], "texture": "#0"},
				"west": {"uv": [3.5, 2.5, 4, 3], "texture": "#0"},
				"up": {"uv": [3.5, 2.5, 2.75, 2], "texture": "#0"},
				"down": {"uv": [4.25, 2, 3.5, 2.5], "texture": "#0"}
			}
		},
		{
			"name": "body",
			"from": [4.5, 1, 4],
			"to": [11.5, 4, 13],
			"faces": {
				"north": {"uv": [11.5, 11.25, 12.375, 11.625], "texture": "#0"},
				"east": {"uv": [10.375, 11.25, 11.5, 11.625], "texture": "#0"},
				"south": {"uv": [13.5, 11.25, 14.375, 11.625], "texture": "#0"},
				"west": {"uv": [12.375, 11.25, 13.5, 11.625], "texture": "#0"},
				"up": {"uv": [12.375, 11.25, 11.5, 10.125], "texture": "#0"},
				"down": {"uv": [13.25, 10.125, 12.375, 11.25], "texture": "#0"}
			}
		},
		{
			"name": "body",
			"from": [4.5, 3, 4],
			"to": [11.5, 3, 13],
			"faces": {
				"north": {"uv": [14, 13.875, 14.875, 13.875], "texture": "#0"},
				"east": {"uv": [12.875, 13.875, 14, 13.875], "texture": "#0"},
				"south": {"uv": [16, 13.875, 16.875, 13.875], "texture": "#0"},
				"west": {"uv": [14.875, 13.875, 16, 13.875], "texture": "#0"},
				"up": {"uv": [14.875, 13.875, 14, 12.75], "texture": "#0"},
				"down": {"uv": [15.75, 12.75, 14.875, 13.875], "texture": "#0"}
			}
		},
		{
			"name": "body",
			"from": [4.5, 3.5, -3],
			"to": [11.5, 6.5, 6],
			"faces": {
				"north": {"uv": [1.125, 11, 2, 11.375], "texture": "#0"},
				"east": {"uv": [0, 11, 1.125, 11.375], "texture": "#0"},
				"south": {"uv": [3.125, 11, 4, 11.375], "texture": "#0"},
				"west": {"uv": [2, 11, 3.125, 11.375], "texture": "#0"},
				"up": {"uv": [2, 11, 1.125, 9.875], "texture": "#0"},
				"down": {"uv": [2.875, 9.875, 2, 11], "texture": "#0"}
			}
		},
		{
			"name": "body",
			"from": [4.5, 5.5, -3],
			"to": [11.5, 5.5, 6],
			"faces": {
				"north": {"uv": [2.625, 14.125, 3.5, 14.125], "texture": "#0"},
				"east": {"uv": [1.5, 14.125, 2.625, 14.125], "texture": "#0"},
				"south": {"uv": [4.625, 14.125, 5.5, 14.125], "texture": "#0"},
				"west": {"uv": [3.5, 14.125, 4.625, 14.125], "texture": "#0"},
				"up": {"uv": [3.5, 14.125, 2.625, 13], "texture": "#0"},
				"down": {"uv": [4.375, 13, 3.5, 14.125], "texture": "#0"}
			}
		},
		{
			"name": "body",
			"from": [5, 1, 4],
			"to": [11, 5, 13],
			"faces": {
				"north": {"uv": [1.125, 14.125, 1.875, 14.625], "texture": "#0"},
				"east": {"uv": [0, 14.125, 1.125, 14.625], "texture": "#0"},
				"south": {"uv": [3, 14.125, 3.75, 14.625], "texture": "#0"},
				"west": {"uv": [1.875, 14.125, 3, 14.625], "texture": "#0"},
				"up": {"uv": [1.875, 14.125, 1.125, 13], "texture": "#0"},
				"down": {"uv": [2.625, 13, 1.875, 14.125], "texture": "#0"}
			}
		},
		{
			"name": "body",
			"from": [8, 1, 5],
			"to": [8, 6, 25],
			"faces": {
				"north": {"uv": [2.5, 12.375, 2.5, 13], "texture": "#0"},
				"east": {"uv": [0, 12.375, 2.5, 13], "texture": "#0"},
				"south": {"uv": [5, 12.375, 5, 13], "texture": "#0"},
				"west": {"uv": [2.5, 12.375, 5, 13], "texture": "#0"},
				"up": {"uv": [2.5, 12.375, 2.5, 9.875], "texture": "#0"},
				"down": {"uv": [2.5, 9.875, 2.5, 12.375], "texture": "#0"}
			}
		},
		{
			"name": "croaking_body",
			"from": [4.6, 1.2, 4.2],
			"to": [11.4, 3, 7],
			"faces": {
				"north": {"uv": [13.625, 11, 14.5, 11.25], "texture": "#0"},
				"east": {"uv": [13.25, 11, 13.625, 11.25], "texture": "#0"},
				"south": {"uv": [14.875, 11, 15.75, 11.25], "texture": "#0"},
				"west": {"uv": [14.5, 11, 14.875, 11.25], "texture": "#0"},
				"up": {"uv": [14.5, 11, 13.625, 10.625], "texture": "#0"},
				"down": {"uv": [15.375, 10.625, 14.5, 11], "texture": "#0"}
			}
		},
		{
			"name": "croaking_body",
			"from": [4.6, 4.2, -2.8],
			"to": [11.4, 6, 0],
			"faces": {
				"north": {"uv": [2.25, 12.125, 3.125, 12.375], "texture": "#0"},
				"east": {"uv": [1.875, 12.125, 2.25, 12.375], "texture": "#0"},
				"south": {"uv": [3.5, 12.125, 4.375, 12.375], "texture": "#0"},
				"west": {"uv": [3.125, 12.125, 3.5, 12.375], "texture": "#0"},
				"up": {"uv": [3.125, 12.125, 2.25, 11.75], "texture": "#0"},
				"down": {"uv": [4, 11.75, 3.125, 12.125], "texture": "#0"}
			}
		},
		{
			"name": "left_arm",
			"from": [3, -0.01, 3.5],
			"to": [6, -0.01, 6.5],
			"faces": {
				"north": {"uv": [0.375, 1.125, 0.75, 1.125], "texture": "#0"},
				"east": {"uv": [0, 1.125, 0.375, 1.125], "texture": "#0"},
				"south": {"uv": [1.125, 1.125, 1.5, 1.125], "texture": "#0"},
				"west": {"uv": [0.75, 1.125, 1.125, 1.125], "texture": "#0"},
				"up": {"uv": [0.75, 1.125, 0.375, 0.75], "texture": "#0"},
				"down": {"uv": [1.125, 0.75, 0.75, 1.125], "texture": "#0"}
			}
		},
		{
			"name": "left_arm",
			"from": [3, 0, 4.5],
			"to": [5, 3, 7.5],
			"faces": {
				"north": {"uv": [10.375, 14.375, 10.625, 14.75], "texture": "#0"},
				"east": {"uv": [10, 14.375, 10.375, 14.75], "texture": "#0"},
				"south": {"uv": [11, 14.375, 11.25, 14.75], "texture": "#0"},
				"west": {"uv": [10.625, 14.375, 11, 14.75], "texture": "#0"},
				"up": {"uv": [10.625, 14.375, 10.375, 14], "texture": "#0"},
				"down": {"uv": [10.875, 14, 10.625, 14.375], "texture": "#0"}
			}
		},
		{
			"name": "left_arm",
			"from": [0, -0.01, 0.5],
			"to": [8, -0.01, 8.5],
			"faces": {
				"north": {"uv": [13.25, 16, 14.25, 16], "texture": "#0"},
				"east": {"uv": [12.25, 16, 13.25, 16], "texture": "#0"},
				"south": {"uv": [15.25, 16, 16.25, 16], "texture": "#0"},
				"west": {"uv": [14.25, 16, 15.25, 16], "texture": "#0"},
				"up": {"uv": [14.25, 16, 13.25, 15], "texture": "#0"},
				"down": {"uv": [15.25, 15, 14.25, 16], "texture": "#0"}
			}
		},
		{
			"name": "left_arm",
			"from": [3.5, 0, 4.5],
			"to": [5.5, 3, 7.5],
			"faces": {
				"north": {"uv": [5.875, 15.125, 6.125, 15.5], "texture": "#0"},
				"east": {"uv": [5.5, 15.125, 5.875, 15.5], "texture": "#0"},
				"south": {"uv": [6.5, 15.125, 6.75, 15.5], "texture": "#0"},
				"west": {"uv": [6.125, 15.125, 6.5, 15.5], "texture": "#0"},
				"up": {"uv": [6.125, 15.125, 5.875, 14.75], "texture": "#0"},
				"down": {"uv": [6.375, 14.75, 6.125, 15.125], "texture": "#0"}
			}
		},
		{
			"name": "left_arm",
			"from": [0.5, -0.01, 1.5],
			"to": [8.5, -0.01, 9.5],
			"faces": {
				"north": {"uv": [5.625, 10.875, 6.625, 10.875], "texture": "#0"},
				"east": {"uv": [4.625, 10.875, 5.625, 10.875], "texture": "#0"},
				"south": {"uv": [7.625, 10.875, 8.625, 10.875], "texture": "#0"},
				"west": {"uv": [6.625, 10.875, 7.625, 10.875], "texture": "#0"},
				"up": {"uv": [6.625, 10.875, 5.625, 9.875], "texture": "#0"},
				"down": {"uv": [7.625, 9.875, 6.625, 10.875], "texture": "#0"}
			}
		},
		{
			"name": "right_arm",
			"from": [10, -0.01, 3.5],
			"to": [13, -0.01, 6.5],
			"faces": {
				"north": {"uv": [0.375, 3.375, 0.75, 3.375], "texture": "#0"},
				"east": {"uv": [0, 3.375, 0.375, 3.375], "texture": "#0"},
				"south": {"uv": [1.125, 3.375, 1.5, 3.375], "texture": "#0"},
				"west": {"uv": [0.75, 3.375, 1.125, 3.375], "texture": "#0"},
				"up": {"uv": [0.75, 3.375, 0.375, 3], "texture": "#0"},
				"down": {"uv": [1.125, 3, 0.75, 3.375], "texture": "#0"}
			}
		},
		{
			"name": "right_arm",
			"from": [11, 0, 4.5],
			"to": [13, 3, 7.5],
			"faces": {
				"north": {"uv": [10.375, 15.125, 10.625, 15.5], "texture": "#0"},
				"east": {"uv": [10, 15.125, 10.375, 15.5], "texture": "#0"},
				"south": {"uv": [11, 15.125, 11.25, 15.5], "texture": "#0"},
				"west": {"uv": [10.625, 15.125, 11, 15.5], "texture": "#0"},
				"up": {"uv": [10.625, 15.125, 10.375, 14.75], "texture": "#0"},
				"down": {"uv": [10.875, 14.75, 10.625, 15.125], "texture": "#0"}
			}
		},
		{
			"name": "right_arm",
			"from": [8, -0.01, 0.5],
			"to": [16, -0.01, 8.5],
			"faces": {
				"north": {"uv": [11.25, 16, 12.25, 16], "texture": "#0"},
				"east": {"uv": [10.25, 16, 11.25, 16], "texture": "#0"},
				"south": {"uv": [13.25, 16, 14.25, 16], "texture": "#0"},
				"west": {"uv": [12.25, 16, 13.25, 16], "texture": "#0"},
				"up": {"uv": [12.25, 16, 11.25, 15], "texture": "#0"},
				"down": {"uv": [13.25, 15, 12.25, 16], "texture": "#0"}
			}
		},
		{
			"name": "right_arm",
			"from": [10.5, 0, 4.5],
			"to": [12.5, 3, 7.5],
			"faces": {
				"north": {"uv": [0.375, 15.625, 0.625, 16], "texture": "#0"},
				"east": {"uv": [0, 15.625, 0.375, 16], "texture": "#0"},
				"south": {"uv": [1, 15.625, 1.25, 16], "texture": "#0"},
				"west": {"uv": [0.625, 15.625, 1, 16], "texture": "#0"},
				"up": {"uv": [0.625, 15.625, 0.375, 15.25], "texture": "#0"},
				"down": {"uv": [0.875, 15.25, 0.625, 15.625], "texture": "#0"}
			}
		},
		{
			"name": "right_arm",
			"from": [7.5, -0.01, 1.5],
			"to": [15.5, -0.01, 9.5],
			"faces": {
				"north": {"uv": [1, 15.625, 2, 15.625], "texture": "#0"},
				"east": {"uv": [0, 15.625, 1, 15.625], "texture": "#0"},
				"south": {"uv": [3, 15.625, 4, 15.625], "texture": "#0"},
				"west": {"uv": [2, 15.625, 3, 15.625], "texture": "#0"},
				"up": {"uv": [2, 15.625, 1, 14.625], "texture": "#0"},
				"down": {"uv": [3, 14.625, 2, 15.625], "texture": "#0"}
			}
		},
		{
			"name": "left_leg",
			"from": [3, 0, 8.5],
			"to": [5, 2, 10.5],
			"faces": {
				"north": {"uv": [2.25, 3.25, 2.5, 3.5], "texture": "#0"},
				"east": {"uv": [2, 3.25, 2.25, 3.5], "texture": "#0"},
				"south": {"uv": [2.75, 3.25, 3, 3.5], "texture": "#0"},
				"west": {"uv": [2.5, 3.25, 2.75, 3.5], "texture": "#0"},
				"up": {"uv": [2.5, 3.25, 2.25, 3], "texture": "#0"},
				"down": {"uv": [2.75, 3, 2.5, 3.25], "texture": "#0"}
			}
		},
		{
			"name": "left_leg",
			"from": [1, -0.01, 9.5],
			"to": [4, -0.01, 12.5],
			"faces": {
				"north": {"uv": [0.375, 0.375, 0.75, 0.375], "texture": "#0"},
				"east": {"uv": [0, 0.375, 0.375, 0.375], "texture": "#0"},
				"south": {"uv": [1.125, 0.375, 1.5, 0.375], "texture": "#0"},
				"west": {"uv": [0.75, 0.375, 1.125, 0.375], "texture": "#0"},
				"up": {"uv": [0.75, 0.375, 0.375, 0], "texture": "#0"},
				"down": {"uv": [1.125, 0, 0.75, 0.375], "texture": "#0"}
			}
		},
		{
			"name": "left_leg",
			"from": [2.5, 0, 10],
			"to": [5.5, 3, 14],
			"faces": {
				"north": {"uv": [12.25, 13.625, 12.625, 14], "texture": "#0"},
				"east": {"uv": [11.75, 13.625, 12.25, 14], "texture": "#0"},
				"south": {"uv": [13.125, 13.625, 13.5, 14], "texture": "#0"},
				"west": {"uv": [12.625, 13.625, 13.125, 14], "texture": "#0"},
				"up": {"uv": [12.625, 13.625, 12.25, 13.125], "texture": "#0"},
				"down": {"uv": [13, 13.125, 12.625, 13.625], "texture": "#0"}
			}
		},
		{
			"name": "left_leg",
			"from": [-1.5, -0.01, 8],
			"to": [6.5, -0.01, 16],
			"faces": {
				"north": {"uv": [11.25, 15, 12.25, 15], "texture": "#0"},
				"east": {"uv": [10.25, 15, 11.25, 15], "texture": "#0"},
				"south": {"uv": [13.25, 15, 14.25, 15], "texture": "#0"},
				"west": {"uv": [12.25, 15, 13.25, 15], "texture": "#0"},
				"up": {"uv": [12.25, 15, 11.25, 14], "texture": "#0"},
				"down": {"uv": [13.25, 14, 12.25, 15], "texture": "#0"}
			}
		},
		{
			"name": "left_leg",
			"from": [3, 0, 10],
			"to": [6, 3, 14],
			"faces": {
				"north": {"uv": [4.75, 15.625, 5.125, 16], "texture": "#0"},
				"east": {"uv": [4.25, 15.625, 4.75, 16], "texture": "#0"},
				"south": {"uv": [5.625, 15.625, 6, 16], "texture": "#0"},
				"west": {"uv": [5.125, 15.625, 5.625, 16], "texture": "#0"},
				"up": {"uv": [5.125, 15.625, 4.75, 15.125], "texture": "#0"},
				"down": {"uv": [5.5, 15.125, 5.125, 15.625], "texture": "#0"}
			}
		},
		{
			"name": "left_leg",
			"from": [-1, -0.01, 8],
			"to": [7, -0.01, 16],
			"faces": {
				"north": {"uv": [3.875, 15.125, 4.875, 15.125], "texture": "#0"},
				"east": {"uv": [2.875, 15.125, 3.875, 15.125], "texture": "#0"},
				"south": {"uv": [5.875, 15.125, 6.875, 15.125], "texture": "#0"},
				"west": {"uv": [4.875, 15.125, 5.875, 15.125], "texture": "#0"},
				"up": {"uv": [4.875, 15.125, 3.875, 14.125], "texture": "#0"},
				"down": {"uv": [5.875, 14.125, 4.875, 15.125], "texture": "#0"}
			}
		},
		{
			"name": "right_leg",
			"from": [11, 0, 8.5],
			"to": [13, 2, 10.5],
			"faces": {
				"north": {"uv": [1.5, 3, 1.75, 3.25], "texture": "#0"},
				"east": {"uv": [1.25, 3, 1.5, 3.25], "texture": "#0"},
				"south": {"uv": [2, 3, 2.25, 3.25], "texture": "#0"},
				"west": {"uv": [1.75, 3, 2, 3.25], "texture": "#0"},
				"up": {"uv": [1.75, 3, 1.5, 2.75], "texture": "#0"},
				"down": {"uv": [2, 2.75, 1.75, 3], "texture": "#0"}
			}
		},
		{
			"name": "right_leg",
			"from": [12, -0.01, 9.5],
			"to": [15, -0.01, 12.5],
			"faces": {
				"north": {"uv": [0.375, 0.75, 0.75, 0.75], "texture": "#0"},
				"east": {"uv": [0, 0.75, 0.375, 0.75], "texture": "#0"},
				"south": {"uv": [1.125, 0.75, 1.5, 0.75], "texture": "#0"},
				"west": {"uv": [0.75, 0.75, 1.125, 0.75], "texture": "#0"},
				"up": {"uv": [0.75, 0.75, 0.375, 0.375], "texture": "#0"},
				"down": {"uv": [1.125, 0.375, 0.75, 0.75], "texture": "#0"}
			}
		},
		{
			"name": "right_leg",
			"from": [10.5, 0, 10],
			"to": [13.5, 3, 14],
			"faces": {
				"north": {"uv": [10.5, 13.625, 10.875, 14], "texture": "#0"},
				"east": {"uv": [10, 13.625, 10.5, 14], "texture": "#0"},
				"south": {"uv": [11.375, 13.625, 11.75, 14], "texture": "#0"},
				"west": {"uv": [10.875, 13.625, 11.375, 14], "texture": "#0"},
				"up": {"uv": [10.875, 13.625, 10.5, 13.125], "texture": "#0"},
				"down": {"uv": [11.25, 13.125, 10.875, 13.625], "texture": "#0"}
			}
		},
		{
			"name": "right_leg",
			"from": [9.5, -0.01, 8],
			"to": [17.5, -0.01, 16],
			"faces": {
				"north": {"uv": [13.25, 15, 14.25, 15], "texture": "#0"},
				"east": {"uv": [12.25, 15, 13.25, 15], "texture": "#0"},
				"south": {"uv": [15.25, 15, 16.25, 15], "texture": "#0"},
				"west": {"uv": [14.25, 15, 15.25, 15], "texture": "#0"},
				"up": {"uv": [14.25, 15, 13.25, 14], "texture": "#0"},
				"down": {"uv": [15.25, 14, 14.25, 15], "texture": "#0"}
			}
		},
		{
			"name": "right_leg",
			"from": [10, 0, 10],
			"to": [13, 3, 14],
			"faces": {
				"north": {"uv": [3, 15.625, 3.375, 16], "texture": "#0"},
				"east": {"uv": [2.5, 15.625, 3, 16], "texture": "#0"},
				"south": {"uv": [3.875, 15.625, 4.25, 16], "texture": "#0"},
				"west": {"uv": [3.375, 15.625, 3.875, 16], "texture": "#0"},
				"up": {"uv": [3.375, 15.625, 3, 15.125], "texture": "#0"},
				"down": {"uv": [3.75, 15.125, 3.375, 15.625], "texture": "#0"}
			}
		},
		{
			"name": "right_leg",
			"from": [9, -0.01, 8],
			"to": [17, -0.01, 16],
			"faces": {
				"north": {"uv": [5, 12.75, 6, 12.75], "texture": "#0"},
				"east": {"uv": [4, 12.75, 5, 12.75], "texture": "#0"},
				"south": {"uv": [7, 12.75, 8, 12.75], "texture": "#0"},
				"west": {"uv": [6, 12.75, 7, 12.75], "texture": "#0"},
				"up": {"uv": [6, 12.75, 5, 11.75], "texture": "#0"},
				"down": {"uv": [7, 11.75, 6, 12.75], "texture": "#0"}
			}
		}
	],
	"display": {
		"thirdperson_righthand": {
			"rotation": [68.75, 0, 0],
			"translation": [0.25, 1.25, 3]
		},
		"thirdperson_lefthand": {
			"rotation": [67.75, 0, 0],
			"translation": [0, 1.5, 3.25]
		},
		"firstperson_righthand": {
			"translation": [3.25, 5.25, 0]
		},
		"firstperson_lefthand": {
			"translation": [4.25, -80, -0.5]
		},
		"ground": {
			"translation": [0, 4.5, 0]
		},
		"gui": {
			"rotation": [-146.5, 46.5, -180],
			"translation": [0, 3.75, 0]
		},
		"head": {
			"translation": [0, 18.5, 0],
			"scale": [1.5, 1.5, 1.5]
		},
		"fixed": {
			"rotation": [-90, 0, 0],
			"translation": [0, 0.5, -16.25],
			"scale": [2, 2, 2]
		}
	},
	"groups": [
		{
			"name": "head",
			"origin": [0, 4, 3],
			"color": 0,
			"children": [0, 1, 2, 3, 4]
		},
		{
			"name": "eyes",
			"origin": [0.5, 4, 5],
			"color": 0,
			"children": [5, 6, 7, 8]
		},
		{
			"name": "tongue",
			"origin": [0, 3.1, 5],
			"color": 0,
			"children": [9, 10, 11]
		},
		{
			"name": "body",
			"origin": [0, 2, 4],
			"color": 0,
			"children": [12, 13, 14, 15, 16, 17, 18]
		},
		{
			"name": "croaking_body",
			"origin": [0, 3, -1],
			"color": 0,
			"children": [19, 20]
		},
		{
			"name": "left_arm",
			"origin": [-4, 3, -2.5],
			"color": 0,
			"children": [21, 22, 23, 24, 25]
		},
		{
			"name": "right_arm",
			"origin": [4, 3, -2.5],
			"color": 0,
			"children": [26, 27, 28, 29, 30]
		},
		{
			"name": "left_leg",
			"origin": [-3.5, 3, 4],
			"color": 0,
			"children": [31, 32, 33, 34, 35, 36]
		},
		{
			"name": "right_leg",
			"origin": [3.5, 3, 4],
			"color": 0,
			"children": [37, 38, 39, 40, 41, 42]
		}
	]
}