{
	"credit": "Made with Blockbench",
	"texture_size": [64, 64],
	"textures": {
		"1": "./armchair"
	},
	"elements": [
		{
			"from": [0, 4, -1],
			"to": [16, 8, 16],
			"faces": {
				"north": {"uv": [4, 4, 8, 5], "texture": "#1", "tintindex": 0},
				"east": {"uv": [0, 4, 4, 5], "texture": "#1", "tintindex": 0},
				"south": {"uv": [12, 4, 16, 5], "texture": "#1", "tintindex": 0},
				"west": {"uv": [8, 4, 12, 5], "texture": "#1", "tintindex": 0},
				"up": {"uv": [8, 4, 4, 0], "texture": "#1", "tintindex": 0},
				"down": {"uv": [12, 0, 8, 4], "texture": "#1", "tintindex": 0}
			}
		},
		{
			"from": [-2.1, 8, -1],
			"to": [1.9, 12, 15.9],
			"faces": {
				"north": {"uv": [4, 14.25, 5, 15.25], "texture": "#1", "tintindex": 0},
				"east": {"uv": [0, 14.25, 4, 15.25], "texture": "#1", "tintindex": 0},
				"south": {"uv": [9, 14.25, 10, 15.25], "texture": "#1", "tintindex": 0},
				"west": {"uv": [5, 14.25, 9, 15.25], "texture": "#1", "tintindex": 0},
				"up": {"uv": [5, 14.25, 4, 10.25], "texture": "#1", "tintindex": 0},
				"down": {"uv": [6, 10.25, 5, 14.25], "texture": "#1", "tintindex": 0}
			}
		},
		{
			"from": [14, 8, -1],
			"to": [18, 12, 15.9],
			"faces": {
				"north": {"uv": [4, 14.25, 5, 15.25], "texture": "#1", "tintindex": 0},
				"east": {"uv": [0, 14.25, 4, 15.25], "texture": "#1", "tintindex": 0},
				"south": {"uv": [9, 14.25, 10, 15.25], "texture": "#1", "tintindex": 0},
				"west": {"uv": [5, 14.25, 9, 15.25], "texture": "#1", "tintindex": 0},
				"up": {"uv": [5, 14.25, 4, 10.25], "texture": "#1", "tintindex": 0},
				"down": {"uv": [6, 10.25, 5, 14.25], "texture": "#1", "tintindex": 0}
			}
		},
		{
			"from": [0, 8, 11],
			"to": [16, 24, 16],
			"faces": {
				"north": {"uv": [1.25, 6.25, 5.25, 10.25], "texture": "#1", "tintindex": 0},
				"east": {"uv": [0, 6.25, 1.25, 10.25], "texture": "#1", "tintindex": 0},
				"south": {"uv": [6.5, 6.25, 10.5, 10.25], "texture": "#1", "tintindex": 0},
				"west": {"uv": [5.25, 6.25, 6.5, 10.25], "texture": "#1", "tintindex": 0},
				"up": {"uv": [5.25, 6.25, 1.25, 5], "texture": "#1", "tintindex": 0},
				"down": {"uv": [9.25, 5, 5.25, 6.25], "texture": "#1", "tintindex": 0}
			}
		},
		{
			"from": [0, 0, 0],
			"to": [16, 4, 16],
			"faces": {
				"north": {"uv": [12.25, 7.75, 15.75, 8.75], "texture": "#1"},
				"east": {"uv": [12.25, 7.75, 15.75, 8.75], "texture": "#1"},
				"south": {"uv": [12.25, 7.75, 15.75, 8.75], "texture": "#1"},
				"west": {"uv": [12.25, 7.75, 15.75, 8.75], "texture": "#1"},
				"up": {"uv": [12.25, 12, 15.75, 15.5], "texture": "#1"},
				"down": {"uv": [12.25, 12, 15.75, 15.5], "texture": "#1"}
			}
		}
	],
	"display": {
		"thirdperson_righthand": {
			"translation": [0, 2.25, 0],
			"scale": [0.3, 0.3, 0.3]
		},
		"thirdperson_lefthand": {
			"translation": [0, 2.25, 0],
			"scale": [0.3, 0.3, 0.3]
		},
		"firstperson_righthand": {
			"rotation": [19, 123, 0],
			"translation": [0, 2.75, 0],
			"scale": [0.4, 0.4, 0.4]
		},
		"firstperson_lefthand": {
			"rotation": [19, 123, 0],
			"translation": [0, 2.75, 0],
			"scale": [0.4, 0.4, 0.4]
		},
		"ground": {
			"translation": [0, 0.75, 0],
			"scale": [0.3, 0.3, 0.3]
		},
		"gui": {
			"rotation": [30, 225, 0],
			"translation": [0, -1.25, 0],
			"scale": [0.45, 0.45, 0.45]
		},
		"fixed": {
			"rotation": [0, 180, 0],
			"translation": [0, 1, 18],
			"scale": [2.11, 2.11, 2.11]
		}
	}
}