{
	"credit": "Made by Raycifer",
	"textures": {
		"0": "./skyward_harp",
		"1": "./bow_charge/charge_stages"
	},
	"elements": [
		{
			"from": [7.5, 7, 7.5],
			"to": [8.5, 10, 8.5],
			"rotation": {"angle": 0, "axis": "y", "origin": [8, 8.5, 8]},
			"faces": {
				"north": {"uv": [8.5, 2, 9.5, 5], "texture": "#0"},
				"east": {"uv": [10.5, 2, 9.5, 5], "texture": "#0"},
				"south": {"uv": [9.5, 2, 10.5, 5], "texture": "#0"},
				"west": {"uv": [9.5, 2, 8.5, 5], "texture": "#0"},
				"up": {"uv": [0, 0, 0, 0], "texture": "#0"},
				"down": {"uv": [0, 0, 0, 0], "texture": "#0"}
			}
		},
		{
			"from": [7.5, 11, 7.5],
			"to": [8.5, 12, 8.5],
			"rotation": {"angle": 0, "axis": "y", "origin": [0, 4, 0]},
			"faces": {
				"north": {"uv": [8.5, 3, 9.5, 4], "texture": "#0"},
				"east": {"uv": [10.5, 3, 9.5, 4], "texture": "#0"},
				"south": {"uv": [9.5, 3, 10.5, 4], "texture": "#0"},
				"west": {"uv": [9.5, 3, 8.5, 4], "texture": "#0"},
				"up": {"uv": [0, 0, 0, 0], "texture": "#0"},
				"down": {"uv": [0, 0, 0, 0], "texture": "#0"}
			}
		},
		{
			"from": [7, 6, 7],
			"to": [9, 7, 9],
			"rotation": {"angle": 0, "axis": "y", "origin": [0, 4, 0]},
			"faces": {
				"north": {"uv": [10.5, 1, 8.5, 2], "texture": "#0"},
				"east": {"uv": [8.5, 1, 10.5, 2], "texture": "#0"},
				"south": {"uv": [10.5, 1, 8.5, 2], "texture": "#0"},
				"west": {"uv": [8.5, 1, 10.5, 2], "texture": "#0"},
				"up": {"uv": [14, 1, 12, 3], "texture": "#0"},
				"down": {"uv": [14, 3, 12, 5], "texture": "#0"}
			}
		},
		{
			"from": [7, 10, 7],
			"to": [9, 11, 9],
			"rotation": {"angle": 0, "axis": "y", "origin": [0, 4, 0]},
			"faces": {
				"north": {"uv": [10.5, 1, 8.5, 2], "texture": "#0"},
				"east": {"uv": [8.5, 1, 10.5, 2], "texture": "#0"},
				"south": {"uv": [10.5, 1, 8.5, 2], "texture": "#0"},
				"west": {"uv": [8.5, 1, 10.5, 2], "texture": "#0"},
				"up": {"uv": [14, 1, 12, 3], "texture": "#0"},
				"down": {"uv": [14, 3, 12, 5], "texture": "#0"}
			}
		},
		{
			"from": [7, 13.75, 6.25],
			"to": [9, 14.75, 8.25],
			"rotation": {"angle": 0, "axis": "y", "origin": [0, 4, 0]},
			"faces": {
				"north": {"uv": [9, 0, 8.5, 1], "texture": "#0"},
				"east": {"uv": [10.5, 0, 8.5, 1], "texture": "#0"},
				"south": {"uv": [10.5, 0, 10, 1], "texture": "#0"},
				"west": {"uv": [8.5, 0, 10.5, 1], "texture": "#0"},
				"up": {"uv": [0, 0, 0, 0], "texture": "#0"},
				"down": {"uv": [10.5, 0.5, 8.5, 1], "rotation": 90, "texture": "#0"}
			}
		},
		{
			"from": [7.25, 12.25, 5],
			"to": [8.75, 14.75, 6.5],
			"rotation": {"angle": -22.5, "axis": "x", "origin": [7.5, 18, 8]},
			"faces": {
				"north": {"uv": [12.5, 5, 11, 7.5], "texture": "#0"},
				"east": {"uv": [4.5, 3.5, 3, 6], "texture": "#0"},
				"south": {"uv": [12.5, 5, 14, 7.5], "texture": "#0"},
				"west": {"uv": [3, 3.5, 4.5, 6], "texture": "#0"},
				"up": {"uv": [0, 0, 0, 0], "texture": "#0"},
				"down": {"uv": [4.5, 5.5, 3, 6], "rotation": 90, "texture": "#0"}
			}
		},
		{
			"from": [7, 14.75, 6],
			"to": [9, 18.25, 8.5],
			"rotation": {"angle": 0, "axis": "y", "origin": [0, 4, 0]},
			"faces": {
				"north": {"uv": [5.5, 2.5, 5, 6], "texture": "#0"},
				"east": {"uv": [7.5, 2.5, 5, 6], "texture": "#0"},
				"south": {"uv": [7.5, 2.5, 7, 6], "texture": "#0"},
				"west": {"uv": [5, 2.5, 7.5, 6], "texture": "#0"},
				"up": {"uv": [5, 2.5, 7.5, 3], "rotation": 90, "texture": "#0"},
				"down": {"uv": [7.5, 5.5, 5, 6], "rotation": 90, "texture": "#0"}
			}
		},
		{
			"from": [7, 15.25, 8.5],
			"to": [9, 17.75, 9],
			"rotation": {"angle": 0, "axis": "y", "origin": [0, 4, 0]},
			"faces": {
				"north": {"uv": [0, 0, 0, 0], "texture": "#0"},
				"east": {"uv": [7.5, 3, 8, 5.5], "texture": "#0"},
				"south": {"uv": [10, 7.5, 12, 10], "texture": "#0"},
				"west": {"uv": [7.5, 3, 8, 5.5], "texture": "#0"},
				"up": {"uv": [7.5, 3, 8, 3.5], "texture": "#0"},
				"down": {"uv": [7.5, 5, 8, 5.5], "texture": "#0"}
			}
		},
		{
			"from": [7, 15.25, 5.5],
			"to": [9, 17.75, 6],
			"rotation": {"angle": 0, "axis": "y", "origin": [0, 4, 0]},
			"faces": {
				"north": {"uv": [14, 7.5, 12, 10], "texture": "#0"},
				"east": {"uv": [5, 3, 4.5, 5.5], "texture": "#0"},
				"south": {"uv": [0, 0, 0, 0], "texture": "#0"},
				"west": {"uv": [5, 3, 4.5, 5.5], "texture": "#0"},
				"up": {"uv": [5, 3, 4.5, 3.5], "texture": "#0"},
				"down": {"uv": [5, 5, 4.5, 5.5], "texture": "#0"}
			}
		},
		{
			"from": [7.5, 0, 8],
			"to": [8.5, 3, 9],
			"rotation": {"angle": -22.5, "axis": "x", "origin": [0, 4, 0]},
			"faces": {
				"north": {"uv": [8.5, 2, 9.5, 5], "texture": "#0"},
				"east": {"uv": [10.5, 2, 9.5, 5], "texture": "#0"},
				"south": {"uv": [9.5, 2, 10.5, 5], "texture": "#0"},
				"west": {"uv": [9.5, 2, 8.5, 5], "texture": "#0"},
				"up": {"uv": [0, 0, 0, 0], "texture": "#0"},
				"down": {"uv": [0, 0, 0, 0], "texture": "#0"}
			}
		},
		{
			"from": [7.25, 2, 8.75],
			"to": [8.75, 4.5, 10.25],
			"rotation": {"angle": 0, "axis": "y", "origin": [0, 4, 0]},
			"faces": {
				"north": {"uv": [1.5, 3.5, 2, 6], "texture": "#0"},
				"east": {"uv": [3, 3.5, 1.5, 6], "texture": "#0"},
				"south": {"uv": [2.5, 3.5, 3, 6], "texture": "#0"},
				"west": {"uv": [1.5, 3.5, 3, 6], "texture": "#0"},
				"up": {"uv": [1.5, 3.5, 3, 4], "rotation": 90, "texture": "#0"},
				"down": {"uv": [3, 5.5, 1.5, 6], "rotation": 90, "texture": "#0"}
			}
		},
		{
			"from": [7.75, 1.5, 8.25],
			"to": [8.25, 4, 9.75],
			"rotation": {"angle": 0, "axis": "y", "origin": [0, 4, 0]},
			"faces": {
				"north": {"uv": [0, 3.5, 0.5, 6], "texture": "#0"},
				"east": {"uv": [1.5, 3.5, 0, 6], "texture": "#0"},
				"south": {"uv": [1, 3.5, 1.5, 6], "texture": "#0"},
				"west": {"uv": [0, 3.5, 1.5, 6], "texture": "#0"},
				"up": {"uv": [0, 3.5, 1.5, 4], "rotation": 90, "texture": "#0"},
				"down": {"uv": [1.5, 5.5, 0, 6], "rotation": 90, "texture": "#0"}
			}
		},
		{
			"from": [7, 6.25, 9.5],
			"to": [9, 7.75, 12.5],
			"rotation": {"angle": 22.5, "axis": "x", "origin": [0, 4, 0]},
			"faces": {
				"north": {"uv": [2.5, 2, 3, 3.5], "texture": "#0"},
				"east": {"uv": [0, 2, 3, 3.5], "texture": "#0"},
				"south": {"uv": [0, 2, 0.5, 3.5], "texture": "#0"},
				"west": {"uv": [3, 2, 0, 3.5], "texture": "#0"},
				"up": {"uv": [4.5, 0, 1.5, 2], "rotation": 90, "texture": "#0"},
				"down": {"uv": [4.5, 2, 7.5, 0], "rotation": 90, "texture": "#0"}
			}
		},
		{
			"from": [7.75, 12.9, 12],
			"to": [8.25, 13.4, 20],
			"rotation": {"angle": -22.5, "axis": "x", "origin": [0.25, 4, 0]},
			"faces": {
				"north": {"uv": [0, 0, 0, 0], "texture": "#0"},
				"east": {"uv": [8, 11, 0, 11.5], "texture": "#0"},
				"south": {"uv": [7.5, 11, 8, 11.5], "texture": "#0"},
				"west": {"uv": [0, 11, 8, 11.5], "texture": "#0"},
				"up": {"uv": [0, 0, 0, 0], "texture": "#0"},
				"down": {"uv": [8, 11, 0, 11.5], "rotation": 90, "texture": "#0"}
			}
		},
		{
			"from": [7.75, 13.4, 12],
			"to": [8.25, 13.9, 20.5],
			"rotation": {"angle": -22.5, "axis": "x", "origin": [0.25, 4, 0]},
			"faces": {
				"north": {"uv": [0, 0, 0, 0], "texture": "#0"},
				"east": {"uv": [8.5, 10.5, 0, 11], "texture": "#0"},
				"south": {"uv": [8, 10.5, 8.5, 11], "texture": "#0"},
				"west": {"uv": [0, 10.5, 8.5, 11], "texture": "#0"},
				"up": {"uv": [0, 11, 8.5, 10.5], "rotation": 90, "texture": "#0"},
				"down": {"uv": [8.5, 11, 0, 10.5], "rotation": 90, "texture": "#0"}
			}
		},
		{
			"from": [7.75, 12.4, 12],
			"to": [8.25, 12.9, 19],
			"rotation": {"angle": -22.5, "axis": "x", "origin": [0.25, 4, 0]},
			"faces": {
				"north": {"uv": [0, 0, 0, 0], "texture": "#0"},
				"east": {"uv": [7, 11.5, 0, 12], "texture": "#0"},
				"south": {"uv": [6.5, 11.5, 7, 12], "texture": "#0"},
				"west": {"uv": [0, 11.5, 6.875, 12], "texture": "#0"},
				"up": {"uv": [0, 0, 0, 0], "texture": "#0"},
				"down": {"uv": [7, 11.5, 0, 12], "rotation": 90, "texture": "#0"}
			}
		},
		{
			"from": [7.75, 11.9, 12],
			"to": [8.25, 12.4, 18.5],
			"rotation": {"angle": -22.5, "axis": "x", "origin": [0.25, 4, 0]},
			"faces": {
				"north": {"uv": [0, 0, 0, 0], "texture": "#0"},
				"east": {"uv": [6.5, 12, 0, 12.5], "texture": "#0"},
				"south": {"uv": [6, 12, 6.475, 12.525], "texture": "#0"},
				"west": {"uv": [0, 12, 6.5, 12.5], "texture": "#0"},
				"up": {"uv": [0, 0, 0, 0], "texture": "#0"},
				"down": {"uv": [6.5, 12, 0, 12.5], "rotation": 90, "texture": "#0"}
			}
		},
		{
			"from": [7.75, 15.75, 8.25],
			"to": [8.25, 16.25, 12.25],
			"rotation": {"angle": 0, "axis": "y", "origin": [0.25, 4, 0]},
			"faces": {
				"north": {"uv": [0, 0, 0, 0], "texture": "#0"},
				"east": {"uv": [4, 13, 0, 12.5], "texture": "#0"},
				"south": {"uv": [3.5, 12.5, 4, 13], "texture": "#0"},
				"west": {"uv": [0, 12.5, 4, 13], "texture": "#0"},
				"up": {"uv": [0, 13, 4, 12.5], "rotation": 90, "texture": "#0"},
				"down": {"uv": [4, 12.5, 0, 13], "rotation": 90, "texture": "#0"}
			}
		},
		{
			"from": [7.75, 15.25, 8.25],
			"to": [8.25, 15.75, 11.75],
			"rotation": {"angle": 0, "axis": "y", "origin": [0.25, 4, 0]},
			"faces": {
				"north": {"uv": [0, 0, 0, 0], "texture": "#0"},
				"east": {"uv": [3.5, 13, 0, 13.5], "texture": "#0"},
				"south": {"uv": [0, 0, 0, 0], "texture": "#0"},
				"west": {"uv": [0, 13, 3.5, 13.5], "texture": "#0"},
				"up": {"uv": [0, 0, 0, 0], "rotation": 90, "texture": "#0"},
				"down": {"uv": [3.5, 13, 0, 13.5], "rotation": 90, "texture": "#0"}
			}
		},
		{
			"from": [7.75, 14.75, 8.25],
			"to": [8.25, 15.25, 10.75],
			"rotation": {"angle": 0, "axis": "y", "origin": [0.25, 4, 0]},
			"faces": {
				"north": {"uv": [0, 0, 0, 0], "texture": "#0"},
				"east": {"uv": [2.5, 13.5, 0, 14], "texture": "#0"},
				"south": {"uv": [0, 0, 0, 0], "texture": "#0"},
				"west": {"uv": [0, 13.5, 2.5, 14], "texture": "#0"},
				"up": {"uv": [0, 0, 0, 0], "rotation": 90, "texture": "#0"},
				"down": {"uv": [2.5, 13.5, 0, 14], "rotation": 90, "texture": "#0"}
			}
		},
		{
			"from": [7.75, 14.25, 8.25],
			"to": [8.25, 14.75, 10.25],
			"rotation": {"angle": 0, "axis": "y", "origin": [0.25, 4, 0]},
			"faces": {
				"north": {"uv": [0, 0, 0, 0], "texture": "#0"},
				"east": {"uv": [2, 14, 0, 14.5], "texture": "#0"},
				"south": {"uv": [1.5, 14, 2, 14.5], "texture": "#0"},
				"west": {"uv": [0, 14, 2, 14.5], "texture": "#0"},
				"up": {"uv": [0, 0, 0, 0], "rotation": 90, "texture": "#0"},
				"down": {"uv": [2, 14, 0, 14.5], "rotation": 90, "texture": "#0"}
			}
		},
		{
			"from": [7.75, 15.65, 3.65],
			"to": [8.25, 16.15, 5.65],
			"rotation": {"angle": 22.5, "axis": "x", "origin": [0.25, 4, 0]},
			"faces": {
				"north": {"uv": [0, 0, 0, 0], "texture": "#0"},
				"east": {"uv": [2, 15, 0, 15.5], "texture": "#0"},
				"south": {"uv": [1.5, 15, 2, 15.5], "texture": "#0"},
				"west": {"uv": [0, 15, 2, 15.5], "texture": "#0"},
				"up": {"uv": [0, 15.5, 2, 15], "rotation": 90, "texture": "#0"},
				"down": {"uv": [2, 15.5, 0, 15], "rotation": 90, "texture": "#0"}
			}
		},
		{
			"from": [7.75001, 16.15, 3.65],
			"to": [8.25021, 16.65, 5.15],
			"rotation": {"angle": 22.5, "axis": "x", "origin": [0.25, 4, 0]},
			"faces": {
				"north": {"uv": [0, 0, 0, 0], "texture": "#0"},
				"east": {"uv": [1.5, 14.5, 0, 15], "texture": "#0"},
				"south": {"uv": [1, 14.5, 1.5, 15], "texture": "#0"},
				"west": {"uv": [0, 14.5, 1.5, 15], "texture": "#0"},
				"up": {"uv": [0, 15, 1.5, 14.5], "rotation": 90, "texture": "#0"},
				"down": {"uv": [0, 0, 0, 0], "rotation": 90, "texture": "#0"}
			}
		},
		{
			"from": [7.5, 19.18627, 10.84673],
			"to": [7.501, 26.68627, 12.34673],
			"rotation": {"angle": 22.5, "axis": "x", "origin": [7.5, 23.93627, 12.34673]},
			"faces": {
				"north": {"uv": [0, 0, 0, 0], "texture": "#0"},
				"east": {"uv": [0, 10.5, 7.5, 9], "rotation": 90, "texture": "#0"},
				"south": {"uv": [0, 0, 0, 0], "texture": "#0"},
				"west": {"uv": [0, 9, 7.5, 10.5], "rotation": 90, "texture": "#0"},
				"up": {"uv": [0, 0, 0, 0], "texture": "#0"},
				"down": {"uv": [0, 0, 0, 0], "texture": "#0"}
			}
		},
		{
			"from": [7.5, 22.25, 9],
			"to": [7.501, 24.75, 10],
			"rotation": {"angle": 0, "axis": "y", "origin": [7.5, -7.32107, 16.95837]},
			"faces": {
				"north": {"uv": [0, 0, 0, 0], "texture": "#0"},
				"east": {"uv": [8.5, 8, 7.5, 10.5], "texture": "#0"},
				"south": {"uv": [0, 0, 0, 0], "texture": "#0"},
				"west": {"uv": [7.5, 8, 8.5, 10.5], "texture": "#0"},
				"up": {"uv": [0, 0, 0, 0], "texture": "#0"},
				"down": {"uv": [0, 0, 0, 0], "texture": "#0"}
			}
		},
		{
			"from": [7.5, 20.25005, 9.33591],
			"to": [7.501, 21.75005, 14.83591],
			"rotation": {"angle": -45, "axis": "x", "origin": [7.5005, 21.00005, 12.08591]},
			"faces": {
				"north": {"uv": [0, 0, 0, 0], "rotation": 180, "texture": "#0"},
				"east": {"uv": [1, 9, 6.5, 7.5], "texture": "#0"},
				"south": {"uv": [0, 0, 0, 0], "texture": "#0"},
				"west": {"uv": [1, 7.5, 6.5, 9], "rotation": 180, "texture": "#0"},
				"up": {"uv": [0, 0, 0, 0], "rotation": 180, "texture": "#0"},
				"down": {"uv": [0, 0, 0, 0], "texture": "#0"}
			}
		},
		{
			"from": [8.5, 19.18627, 10.84673],
			"to": [8.501, 26.68627, 12.34673],
			"rotation": {"angle": 22.5, "axis": "x", "origin": [8.5, 23.93627, 12.34673]},
			"faces": {
				"north": {"uv": [0, 0, 0, 0], "texture": "#0"},
				"east": {"uv": [0, 10.5, 7.5, 9], "rotation": 90, "texture": "#0"},
				"south": {"uv": [0, 0, 0, 0], "texture": "#0"},
				"west": {"uv": [0, 9, 7.5, 10.5], "rotation": 90, "texture": "#0"},
				"up": {"uv": [0, 0, 0, 0], "texture": "#0"},
				"down": {"uv": [0, 0, 0, 0], "texture": "#0"}
			}
		},
		{
			"from": [8.5, 22.25, 9],
			"to": [8.501, 24.75, 10],
			"rotation": {"angle": 0, "axis": "y", "origin": [8.5, -7.32107, 16.95837]},
			"faces": {
				"north": {"uv": [0, 0, 0, 0], "texture": "#0"},
				"east": {"uv": [8.5, 8, 7.5, 10.5], "texture": "#0"},
				"south": {"uv": [0, 0, 0, 0], "texture": "#0"},
				"west": {"uv": [7.5, 8, 8.5, 10.5], "texture": "#0"},
				"up": {"uv": [0, 0, 0, 0], "texture": "#0"},
				"down": {"uv": [0, 0, 0, 0], "texture": "#0"}
			}
		},
		{
			"from": [8.5, 16.01782, 6.11839],
			"to": [8.501, 17.51782, 11.61839],
			"rotation": {"angle": -45, "axis": "x", "origin": [8.5, 22.76782, 5.36839]},
			"faces": {
				"north": {"uv": [0, 0, 0, 0], "rotation": 180, "texture": "#0"},
				"east": {"uv": [1, 9, 6.5, 7.5], "texture": "#0"},
				"south": {"uv": [0, 0, 0, 0], "texture": "#0"},
				"west": {"uv": [1, 7.5, 6.5, 9], "rotation": 180, "texture": "#0"},
				"up": {"uv": [0, 0, 0, 0], "rotation": 180, "texture": "#0"},
				"down": {"uv": [0, 0, 0, 0], "texture": "#0"}
			}
		},
		{
			"from": [8, -1.75, 17.25],
			"to": [8.001, 3.75, 18.75],
			"rotation": {"angle": -22.5, "axis": "x", "origin": [8, -9.50645, 22.19408]},
			"faces": {
				"north": {"uv": [0, 0, 0, 0], "texture": "#0"},
				"east": {"uv": [1, 9, 6.5, 7.5], "rotation": 90, "texture": "#0"},
				"south": {"uv": [0, 0, 0, 0], "texture": "#0"},
				"west": {"uv": [1, 7.5, 6.5, 9], "rotation": 90, "texture": "#0"},
				"up": {"uv": [0, 0, 0, 0], "texture": "#0"},
				"down": {"uv": [0, 0, 0, 0], "texture": "#0"}
			}
		},
		{
			"from": [8, 3.25, 20.75],
			"to": [8.001, 7.75, 22.25],
			"rotation": {"angle": -45, "axis": "x", "origin": [8, -4.3085, 24.5113]},
			"faces": {
				"north": {"uv": [0, 0, 0, 0], "texture": "#0"},
				"east": {"uv": [1.5, 7.5, 6, 6], "rotation": 90, "texture": "#0"},
				"south": {"uv": [0, 0, 0, 0], "texture": "#0"},
				"west": {"uv": [1.5, 6, 6, 7.5], "rotation": 90, "texture": "#0"},
				"up": {"uv": [0, 0, 0, 0], "texture": "#0"},
				"down": {"uv": [0, 0, 0, 0], "texture": "#0"}
			}
		},
		{
			"from": [8, -1.75, 11.75],
			"to": [8.001, 0.75, 12.75],
			"rotation": {"angle": 0, "axis": "y", "origin": [8, -7.32107, 16.95837]},
			"faces": {
				"north": {"uv": [0, 0, 0, 0], "texture": "#0"},
				"east": {"uv": [8.5, 8, 7.5, 10.5], "texture": "#0"},
				"south": {"uv": [0, 0, 0, 0], "texture": "#0"},
				"west": {"uv": [7.5, 8, 8.5, 10.5], "texture": "#0"},
				"up": {"uv": [0, 0, 0, 0], "texture": "#0"},
				"down": {"uv": [0, 0, 0, 0], "texture": "#0"}
			}
		},
		{
			"from": [7.75, 2.5, 12.75],
			"to": [8.25, 18.5, 12.751],
			"rotation": {"angle": 0, "axis": "y", "origin": [0, 4, 0]},
			"faces": {
				"north": {"uv": [15.5, 0, 16, 16], "texture": "#0"},
				"east": {"uv": [0, 0, 0, 0], "texture": "#0"},
				"south": {"uv": [15.5, 0, 16, 16], "texture": "#0"},
				"west": {"uv": [0, 0, 0, 0], "texture": "#0"},
				"up": {"uv": [0, 0, 0, 0], "texture": "#0"},
				"down": {"uv": [0, 0, 0, 0], "texture": "#0"}
			}
		},
		{
			"from": [7.75, 2.75, 11.75],
			"to": [8.25, 16.25, 11.751],
			"rotation": {"angle": 0, "axis": "y", "origin": [0, 4, 0]},
			"faces": {
				"north": {"uv": [15, 0, 15.5, 13.5], "texture": "#0"},
				"east": {"uv": [0, 0, 0, 0], "texture": "#0"},
				"south": {"uv": [15, 0, 15.5, 13.5], "texture": "#0"},
				"west": {"uv": [0, 0, 0, 0], "texture": "#0"},
				"up": {"uv": [0, 0, 0, 0], "texture": "#0"},
				"down": {"uv": [0, 0, 0, 0], "texture": "#0"}
			}
		},
		{
			"from": [7.75, 2.75, 10.75],
			"to": [8.25, 15.25, 10.751],
			"rotation": {"angle": 0, "axis": "y", "origin": [0, 4, 0]},
			"faces": {
				"north": {"uv": [14.5, 0, 15, 12.5], "texture": "#0"},
				"east": {"uv": [0, 0, 0, 0], "texture": "#0"},
				"south": {"uv": [14.5, 0, 15, 12.5], "texture": "#0"},
				"west": {"uv": [0, 0, 0, 0], "texture": "#0"},
				"up": {"uv": [0, 0, 0, 0], "texture": "#0"},
				"down": {"uv": [0, 0, 0, 0], "texture": "#0"}
			}
		},
		{
			"from": [7.75, 4.25, 9.75],
			"to": [8.25, 12.75, 9.751],
			"rotation": {"angle": 0, "axis": "y", "origin": [0, 4, 0]},
			"faces": {
				"north": {"uv": [14, 0, 14.5, 8.5], "texture": "#0"},
				"east": {"uv": [0, 0, 0, 0], "texture": "#0"},
				"south": {"uv": [14, 0, 14.5, 8.5], "texture": "#0"},
				"west": {"uv": [0, 0, 0, 0], "texture": "#0"},
				"up": {"uv": [0, 0, 0, 0], "texture": "#0"},
				"down": {"uv": [0, 0, 0, 0], "texture": "#0"}
			}
		},
		{
			"from": [7.4999, 17.25, 4.5],
			"to": [8.5001, 18.25, 6],
			"faces": {
				"north": {"uv": [0.5, 1, 0, 2], "texture": "#0"},
				"east": {"uv": [1.5, 1, 0, 2], "texture": "#0"},
				"south": {"uv": [1, 1, 1.5, 2], "texture": "#0"},
				"west": {"uv": [0, 1, 1.5, 2], "texture": "#0"},
				"up": {"uv": [0, 1, 1.5, 1.5], "rotation": 90, "texture": "#0"},
				"down": {"uv": [1.5, 1.5, 0, 2], "rotation": 90, "texture": "#0"}
			}
		},
		{
			"from": [7.5, 18, 7.5],
			"to": [8.5, 18.5, 8.5],
			"rotation": {"angle": -45, "axis": "x", "origin": [8, 19.25, 7.5]},
			"faces": {
				"north": {"uv": [10.5, 15.5, 11.5, 16], "texture": "#0"},
				"east": {"uv": [10.5, 15.5, 11.5, 16], "texture": "#0"},
				"south": {"uv": [10.5, 15.5, 11.5, 16], "texture": "#0"},
				"west": {"uv": [10.5, 15.5, 11.5, 16], "texture": "#0"},
				"up": {"uv": [0, 0, 0, 0], "texture": "#0"},
				"down": {"uv": [10.5, 15.5, 11.5, 16], "texture": "#0"}
			}
		},
		{
			"from": [7.5, 18.5, 6],
			"to": [8.5, 19, 9],
			"rotation": {"angle": -45, "axis": "x", "origin": [8, 19.25, 7.5]},
			"faces": {
				"north": {"uv": [0, 0, 0, 0], "texture": "#0"},
				"east": {"uv": [12, 15, 9, 15.5], "texture": "#0"},
				"south": {"uv": [11.5, 15, 12, 15.5], "texture": "#0"},
				"west": {"uv": [9, 15, 12, 15.5], "texture": "#0"},
				"up": {"uv": [0, 0, 0, 0], "rotation": 90, "texture": "#0"},
				"down": {"uv": [12, 15, 9, 15.5], "rotation": 90, "texture": "#0"}
			}
		},
		{
			"from": [7.5, 19, 5.5],
			"to": [8.5, 19.5, 9.5],
			"rotation": {"angle": -45, "axis": "x", "origin": [8, 19.25, 7.5]},
			"faces": {
				"north": {"uv": [0, 0, 0, 0], "texture": "#0"},
				"east": {"uv": [12.5, 14.5, 8.5, 15], "texture": "#0"},
				"south": {"uv": [12, 14.5, 12.5, 15], "texture": "#0"},
				"west": {"uv": [8.5, 14.5, 12.5, 15], "texture": "#0"},
				"up": {"uv": [0, 0, 0, 0], "rotation": 90, "texture": "#0"},
				"down": {"uv": [12.5, 14.5, 8.5, 15], "rotation": 90, "texture": "#0"}
			}
		},
		{
			"from": [7.5, 19.5, 5.5],
			"to": [8.5, 20, 10],
			"rotation": {"angle": -45, "axis": "x", "origin": [8, 19.25, 7.5]},
			"faces": {
				"north": {"uv": [8.5, 14, 9, 14.5], "texture": "#0"},
				"east": {"uv": [13, 14, 8.5, 14.5], "texture": "#0"},
				"south": {"uv": [12.5, 14, 13, 14.5], "texture": "#0"},
				"west": {"uv": [8.5, 14, 13, 14.5], "texture": "#0"},
				"up": {"uv": [8.5, 14, 13, 14.5], "rotation": 90, "texture": "#0"},
				"down": {"uv": [13, 14, 8.5, 14.5], "rotation": 90, "texture": "#0"}
			}
		},
		{
			"from": [7.5, 20, 6],
			"to": [8.5, 20.5, 10.5],
			"rotation": {"angle": -45, "axis": "x", "origin": [8, 19.25, 7.5]},
			"faces": {
				"north": {"uv": [9, 13.5, 9.5, 14], "texture": "#0"},
				"east": {"uv": [13.5, 13.5, 9, 14], "texture": "#0"},
				"south": {"uv": [13, 13.5, 13.5, 14], "texture": "#0"},
				"west": {"uv": [9, 13.5, 13.5, 14], "texture": "#0"},
				"up": {"uv": [9, 13.5, 13.5, 14], "rotation": 90, "texture": "#0"},
				"down": {"uv": [13.5, 13.5, 9, 14], "rotation": 90, "texture": "#0"}
			}
		},
		{
			"from": [7.5, 20.5, 7.5],
			"to": [8.5, 21, 10.5],
			"rotation": {"angle": -45, "axis": "x", "origin": [8, 19.25, 7.5]},
			"faces": {
				"north": {"uv": [10.5, 13, 11, 13.5], "texture": "#0"},
				"east": {"uv": [13.5, 13, 10.5, 13.5], "texture": "#0"},
				"south": {"uv": [13, 13, 13.5, 13.5], "texture": "#0"},
				"west": {"uv": [10.5, 13, 13.5, 13.5], "texture": "#0"},
				"up": {"uv": [10.5, 13, 13.5, 13.5], "rotation": 90, "texture": "#0"},
				"down": {"uv": [0, 0, 0, 0], "rotation": 90, "texture": "#0"}
			}
		},
		{
			"from": [7.5, 21, 9],
			"to": [8.5, 21.5, 11],
			"rotation": {"angle": -45, "axis": "x", "origin": [8, 19.25, 7.5]},
			"faces": {
				"north": {"uv": [12, 12.5, 12.5, 13], "texture": "#0"},
				"east": {"uv": [14, 12.5, 12, 13], "texture": "#0"},
				"south": {"uv": [13.5, 12.5, 14, 13], "texture": "#0"},
				"west": {"uv": [12, 12.5, 14, 13], "texture": "#0"},
				"up": {"uv": [12, 12.5, 14, 13], "rotation": 90, "texture": "#0"},
				"down": {"uv": [14, 12.5, 12, 13], "rotation": 90, "texture": "#0"}
			}
		},
		{
			"from": [7.5, 21.5, 10.5],
			"to": [8.5, 22, 11],
			"rotation": {"angle": -45, "axis": "x", "origin": [8, 19.25, 7.5]},
			"faces": {
				"north": {"uv": [13.5, 12, 14, 12.5], "texture": "#0"},
				"east": {"uv": [13.5, 12, 14, 12.5], "texture": "#0"},
				"south": {"uv": [13.5, 12, 14, 12.5], "texture": "#0"},
				"west": {"uv": [13.5, 12, 14, 12.5], "texture": "#0"},
				"up": {"uv": [13.5, 12, 14, 12.5], "texture": "#0"},
				"down": {"uv": [0, 0, 0, 0], "texture": "#0"}
			}
		},
		{
			"from": [6.25, 8.75, 4.75],
			"to": [9.75, 12.25, 4.751],
			"faces": {
				"north": {"uv": [7, 0, 0, 7], "texture": "#1"},
				"east": {"uv": [0, 0, 0, 0], "texture": "#1"},
				"south": {"uv": [0, 0, 7, 7], "texture": "#1"},
				"west": {"uv": [0, 0, 0, 0], "texture": "#1"},
				"up": {"uv": [0, 0, 0, 0], "texture": "#1"},
				"down": {"uv": [0, 0, 0, 0], "texture": "#1"}
			}
		},
		{
			"from": [6.25, 10.5, 3],
			"to": [9.75, 10.501, 6.5],
			"faces": {
				"north": {"uv": [0, 0, 0, 0], "texture": "#1"},
				"east": {"uv": [0, 0, 0, 0], "texture": "#1"},
				"south": {"uv": [0, 0, 0, 0], "texture": "#1"},
				"west": {"uv": [0, 0, 0, 0], "texture": "#1"},
				"up": {"uv": [0, 0, 7, 7], "texture": "#1"},
				"down": {"uv": [0, 7, 7, 0], "texture": "#1"}
			}
		},
		{
			"from": [8, 8.75, 3],
			"to": [8.001, 12.25, 6.5],
			"faces": {
				"north": {"uv": [0, 0, 0, 0], "texture": "#1"},
				"east": {"uv": [7, 0, 0, 7], "texture": "#1"},
				"south": {"uv": [0, 0, 0, 0], "texture": "#1"},
				"west": {"uv": [0, 0, 7, 7], "texture": "#1"},
				"up": {"uv": [0, 0, 0, 0], "texture": "#1"},
				"down": {"uv": [0, 0, 0, 0], "texture": "#1"}
			}
		}
	],
	"display": {
		"thirdperson_righthand": {
			"translation": [0, -2.75, 0.25],
			"scale": [1.5, 1.5, 1.5]
		},
		"thirdperson_lefthand": {
			"translation": [0, -2.75, 0.25],
			"scale": [1.5, 1.5, 1.5]
		},
		"firstperson_righthand": {
			"rotation": [5, -22, -6],
			"translation": [13, 0, -13],
			"scale": [2, 2, 2]
		},
		"firstperson_lefthand": {
			"rotation": [5, -22, -6],
			"translation": [13, 0, -13],
			"scale": [2, 2, 2]
		},
		"ground": {
			"rotation": [45, 45, 0],
			"translation": [0, 5, 0]
		},
		"gui": {
			"rotation": [-20, 160, 30],
			"translation": [-1, 0.75, 0]
		},
		"fixed": {
			"rotation": [0, 90, 0],
			"translation": [0, -4.5, -1.5]
		}
	},
	"groups": [
		0,
		1,
		2,
		3,
		4,
		5,
		6,
		7,
		8,
		9,
		10,
		11,
		12,
		{
			"name": "wings",
			"origin": [0.25, 4, 0],
			"color": 0,
			"children": [
				{
					"name": "1",
					"origin": [0.25, 4, 0],
					"color": 0,
					"children": [13, 14, 15, 16]
				},
				{
					"name": "2",
					"origin": [0.25, 4, 0],
					"color": 0,
					"children": [17, 18, 19, 20]
				},
				{
					"name": "3",
					"origin": [0.25, 4, 0],
					"color": 0,
					"children": [21, 22]
				}
			]
		},
		{
			"name": "particles",
			"origin": [0, -8, 22],
			"color": 0,
			"children": [
				{
					"name": "top",
					"origin": [8, 22.76782, 5.36839],
					"color": 0,
					"children": [
						{
							"name": "left",
							"origin": [8, 22.76782, 5.36839],
							"color": 0,
							"children": [23, 24, 25]
						},
						{
							"name": "right",
							"origin": [8, 22.76782, 5.36839],
							"color": 0,
							"children": [26, 27, 28]
						}
					]
				},
				{
					"name": "bottom",
					"origin": [0, -8, 22],
					"color": 0,
					"children": [29, 30, 31]
				}
			]
		},
		{
			"name": "strings",
			"origin": [0, 4, 0],
			"color": 0,
			"children": [32, 33, 34, 35]
		},
		{
			"name": "wing piece",
			"origin": [8, 19.25, 7.5],
			"color": 0,
			"children": [36, 37, 38, 39, 40, 41, 42, 43, 44]
		},
		{
			"name": "charge",
			"origin": [0, 0, 0],
			"color": 0,
			"children": [45, 46, 47]
		}
	]
}