{
	"credit": "Made with Blockbench",
	"textures": {
		"0": "./blaster",
		"particle": "./blaster"
	},
	"elements": [
		{
			"from": [4.5, 3.7, 7],
			"to": [6.8, 5.1, 9],
			"rotation": {"angle": -22.5, "axis": "z", "origin": [0, 1, -1]},
			"faces": {
				"north": {"uv": [6, 6, 4.5, 7], "texture": "#0"},
				"east": {"uv": [4.5, 5.5, 5.5, 7], "rotation": 90, "texture": "#0"},
				"south": {"uv": [4.5, 6, 6, 7], "texture": "#0"},
				"west": {"uv": [4.5, 6, 5, 7], "texture": "#0"},
				"up": {"uv": [10, 2, 11.5, 0.5], "texture": "#0"},
				"down": {"uv": [4.5, 5, 6, 6], "texture": "#0"}
			}
		},
		{
			"from": [3, 4, 7.25],
			"to": [6, 8, 8.75],
			"rotation": {"angle": -22.5, "axis": "z", "origin": [0, 1, -1]},
			"faces": {
				"north": {"uv": [2, 5, 0, 8], "texture": "#0"},
				"east": {"uv": [0, 8, 1, 11], "texture": "#0"},
				"south": {"uv": [0, 5, 2, 8], "texture": "#0"},
				"west": {"uv": [0, 8, 1, 11], "texture": "#0"},
				"up": {"uv": [2, 6, 0, 5], "texture": "#0"},
				"down": {"uv": [7.5, 1, 5.5, 0], "texture": "#0"}
			}
		},
		{
			"from": [3.9, 4.2, 6.5],
			"to": [9.9, 7.2, 9.5],
			"rotation": {"angle": 0, "axis": "y", "origin": [0, 1, -1]},
			"faces": {
				"north": {"uv": [5.5, 0, 0, 2.5], "texture": "#0"},
				"east": {"uv": [5.5, 5, 8, 2.5], "texture": "#0"},
				"south": {"uv": [0, 0, 5.5, 2.5], "texture": "#0"},
				"west": {"uv": [5.5, 0, 8, 2.5], "texture": "#0"},
				"up": {"uv": [5.5, 5, 0, 2.5], "texture": "#0"},
				"down": {"uv": [5.5, 2.5, 0, 5], "texture": "#0"}
			}
		},
		{
			"from": [5, 6.4, 8],
			"to": [10, 9.4, 8],
			"rotation": {"angle": 0, "axis": "y", "origin": [0, 1, -1]},
			"faces": {
				"north": {"uv": [14.5, 0, 11.5, 2], "texture": "#0"},
				"east": {"uv": [0, 0, 0, 2], "texture": "#0"},
				"south": {"uv": [11.5, 0, 14.5, 2], "texture": "#0"},
				"west": {"uv": [0, 0, 0, 2], "texture": "#0"},
				"up": {"uv": [3, 0, 0, 0], "texture": "#0"},
				"down": {"uv": [3, 0, 0, 0], "texture": "#0"}
			}
		},
		{
			"from": [9.9, 4.4, 6.7],
			"to": [13.9, 7, 9.3],
			"rotation": {"angle": 0, "axis": "y", "origin": [0, 1, -1]},
			"faces": {
				"north": {"uv": [9, 2.5, 5.5, 5], "texture": "#0"},
				"east": {"uv": [2, 5, 4.5, 7.5], "texture": "#0"},
				"south": {"uv": [5.5, 2.5, 9, 5], "texture": "#0"},
				"west": {"uv": [5.5, 2.5, 6, 5], "texture": "#0"},
				"up": {"uv": [5.5, 5, 9, 2.5], "texture": "#0"},
				"down": {"uv": [5.5, 2.5, 9, 5], "texture": "#0"}
			}
		},
		{
			"from": [7.2, 2.9, 8],
			"to": [9.2, 4.9, 8],
			"rotation": {"angle": 0, "axis": "y", "origin": [0, 1, -1]},
			"faces": {
				"north": {"uv": [10, 0, 8, 2], "texture": "#0"},
				"east": {"uv": [8, 0, 8, 2], "texture": "#0"},
				"south": {"uv": [8, 0, 10, 2], "texture": "#0"},
				"west": {"uv": [8, 0, 8, 2], "texture": "#0"},
				"up": {"uv": [8, 0, 10, 0], "texture": "#0"},
				"down": {"uv": [8, 0, 10, 0], "texture": "#0"}
			}
		}
	],
	"display": {
		"thirdperson_righthand": {
			"rotation": [0, 90, 0],
			"translation": [0, 3.75, -0.5]
		},
		"thirdperson_lefthand": {
			"rotation": [0, -90, 0],
			"translation": [0, 3.75, -0.5]
		},
		"firstperson_righthand": {
			"rotation": [2, 91.5, 2],
			"translation": [-4.25, 3.5, 1.75]
		},
		"firstperson_lefthand": {
			"rotation": [7, -91.5, 4],
			"translation": [-3.5, 4.25, -1.25]
		},
		"ground": {
			"rotation": [90, 0, 0],
			"translation": [-0.75, 0.75, 4.25]
		},
		"gui": {
			"rotation": [-35, -135, 5],
			"translation": [1.25, 3, 0],
			"scale": [1.3, 1.3, 1.3]
		},
		"head": {
			"rotation": [0, 90, 0],
			"translation": [0, 10.5, -1.25],
			"scale": [1.2, 1.2, 1.2]
		},
		"fixed": {
			"rotation": [0, 180, 0],
			"translation": [0.5, 4, -0.5],
			"scale": [1.3, 1.3, 1.3]
		}
	},
	"groups": [
		{
			"name": "group",
			"origin": [0, 0, 0],
			"color": 0,
			"children": [0, 1, 2, 3, 4, 5]
		}
	]
}