{
	"credit": "Made with Blockbench",
	"textures": {
		"0": "./catcus",
		"particle": "./catcus"
	},
	"elements": [
		{
			"from": [6, 25, 17],
			"to": [10, 26, 22],
			"rotation": {"angle": -22.5, "axis": "x", "origin": [0, 0, 0]},
			"faces": {
				"north": {"uv": [1.5, 15.25, 2.5, 15.5], "texture": "#0"},
				"east": {"uv": [1.5, 14.75, 2.5, 15], "texture": "#0"},
				"south": {"uv": [1.5, 14.5, 2.5, 14.75], "texture": "#0"},
				"west": {"uv": [1.5, 15, 2.5, 15.25], "texture": "#0"},
				"up": {"uv": [0.25, 14.5, 1.25, 16], "texture": "#0"},
				"down": {"uv": [0.25, 16, 1.25, 14.5], "texture": "#0"}
			}
		},
		{
			"from": [2, -2, 2],
			"to": [14, -1, 14],
			"faces": {
				"north": {"uv": [8.25, 7.5, 11.75, 7.75], "texture": "#0"},
				"east": {"uv": [4.25, 7.5, 7.75, 7.75], "texture": "#0"},
				"south": {"uv": [0.25, 7.5, 3.75, 7.75], "texture": "#0"},
				"west": {"uv": [12.25, 7.5, 15.75, 7.75], "texture": "#0"},
				"up": {"uv": [0, 0, 12, 12], "texture": "#0"},
				"down": {"uv": [0, 11.25, 3, 14.25], "texture": "#0"}
			}
		},
		{
			"from": [2, 29, 2],
			"to": [14, 30, 14],
			"faces": {
				"north": {"uv": [4.5, 0, 7.5, 0.25], "texture": "#0"},
				"east": {"uv": [0.5, 0, 3.5, 0.25], "texture": "#0"},
				"south": {"uv": [12.5, 0, 15.5, 0.25], "texture": "#0"},
				"west": {"uv": [8.5, 0, 11.5, 0.25], "texture": "#0"},
				"up": {"uv": [0, 8.25, 3, 11.25], "texture": "#0"},
				"down": {"uv": [0, 0, 12, 12], "texture": "#0"}
			}
		},
		{
			"from": [1, -1, 1],
			"to": [15, 0, 15],
			"faces": {
				"north": {"uv": [8, 7.25, 12, 7.5], "texture": "#0"},
				"east": {"uv": [4, 7.25, 8, 7.5], "texture": "#0"},
				"south": {"uv": [0, 7.25, 4, 7.5], "texture": "#0"},
				"west": {"uv": [12, 7.25, 16, 7.5], "texture": "#0"},
				"up": {"uv": [0, 0, 14, 14], "texture": "#0"},
				"down": {"uv": [3, 11.75, 6.5, 15.25], "texture": "#0"}
			}
		},
		{
			"from": [1, 28, 1],
			"to": [15, 29, 15],
			"faces": {
				"north": {"uv": [0.25, 0.25, 3.75, 0.5], "texture": "#0"},
				"east": {"uv": [4.25, 0.25, 7.75, 0.5], "texture": "#0"},
				"south": {"uv": [12.25, 0.25, 15.75, 0.5], "texture": "#0"},
				"west": {"uv": [8.25, 0.25, 11.75, 0.5], "texture": "#0"},
				"up": {"uv": [3, 8.25, 6.5, 11.75], "texture": "#0"},
				"down": {"uv": [0, 0, 14, 14], "texture": "#0"}
			}
		},
		{
			"from": [0, 0, 0],
			"to": [16, 28, 16],
			"faces": {
				"north": {"uv": [8, 0.5, 12, 7.25], "texture": "#0"},
				"east": {"uv": [4, 0.5, 8, 7.25], "texture": "#0"},
				"south": {"uv": [0, 0.5, 4, 7.25], "texture": "#0"},
				"west": {"uv": [12, 0.5, 16, 7.25], "texture": "#0"},
				"up": {"uv": [6.5, 8.25, 10.5, 12.25], "texture": "#0"},
				"down": {"uv": [6.5, 8.25, 10.5, 12.25], "texture": "#0"}
			}
		}
	],
	"display": {
		"thirdperson_righthand": {
			"rotation": [156.73, -88.3, 158.46],
			"translation": [0, -3, -1.25],
			"scale": [0.15625, 0.16211, 0.15234]
		},
		"thirdperson_lefthand": {
			"rotation": [89.94, -87.37, 89.06],
			"translation": [0, -3, -1.5],
			"scale": [0.15039, 0.16406, 0.1582]
		},
		"firstperson_righthand": {
			"rotation": [-10.03, 5.16, 0.92],
			"translation": [0.5, 1.25, 0],
			"scale": [0.29492, 0.28516, 0.19531]
		},
		"firstperson_lefthand": {
			"rotation": [-9, -2.68, -0.44],
			"translation": [0.5, 1.25, 0.25],
			"scale": [0.22266, 0.26563, 0.20508]
		},
		"ground": {
			"rotation": [-90.26, -0.35, 150.57],
			"translation": [0.5, 0.5, -1.25],
			"scale": [0.26367, 0.27539, 0.26758]
		},
		"gui": {
			"rotation": [-8.17, -11.63, -33.58],
			"translation": [-1.25, -2.25, 0],
			"scale": [0.25977, 0.41406, 0.85352]
		},
		"fixed": {
			"rotation": [90.75, -0.5, 180],
			"translation": [0, -0.25, -4.75],
			"scale": [0.47461, 0.4668, 0.4668]
		}
	},
	"groups": [
		{
			"name": "group",
			"origin": [8, 8, 8],
			"color": 0,
			"children": [0, 1, 2, 3, 4, 5]
		}
	]
}