{
	"credit": "Made with Blockbench",
	"texture_size": [32, 32],
	"textures": {
		"0": "./surikat",
		"particle": "./surikat"
	},
	"elements": [
		{
			"from": [6, 2, 6],
			"to": [10, 13, 10],
			"faces": {
				"north": {"uv": [0, 0, 2, 5.5], "texture": "#0"},
				"east": {"uv": [2, 0, 4, 5.5], "texture": "#0"},
				"south": {"uv": [4, 0, 6, 5.5], "texture": "#0"},
				"west": {"uv": [0, 5.5, 2, 11], "texture": "#0"},
				"up": {"uv": [4, 10, 2, 8], "texture": "#0"},
				"down": {"uv": [6, 8, 4, 10], "texture": "#0"}
			}
		},
		{
			"from": [5.5, 13, 5.5],
			"to": [10.5, 17, 10.5],
			"rotation": {"angle": 0, "axis": "y", "origin": [8, 14, 8]},
			"faces": {
				"north": {"uv": [6, 0, 8.5, 2], "texture": "#0"},
				"east": {"uv": [6, 2, 8.5, 4], "texture": "#0"},
				"south": {"uv": [7, 4, 9.5, 6], "texture": "#0"},
				"west": {"uv": [7, 6, 9.5, 8], "texture": "#0"},
				"up": {"uv": [4.5, 8, 2, 5.5], "texture": "#0"},
				"down": {"uv": [7, 5.5, 4.5, 8], "texture": "#0"}
			}
		},
		{
			"from": [6.5, 13, 3.5],
			"to": [9.5, 15, 5.5],
			"rotation": {"angle": 0, "axis": "y", "origin": [8, 14, 8]},
			"faces": {
				"north": {"uv": [8, 10.5, 9.5, 11.5], "texture": "#0"},
				"east": {"uv": [11.5, 6.5, 12.5, 7.5], "texture": "#0"},
				"south": {"uv": [9.5, 10.5, 11, 11.5], "texture": "#0"},
				"west": {"uv": [11.5, 7.5, 12.5, 8.5], "texture": "#0"},
				"up": {"uv": [1.5, 12, 0, 11], "texture": "#0"},
				"down": {"uv": [12.5, 0, 11, 1], "texture": "#0"}
			}
		},
		{
			"from": [4.5, 14, 8.5],
			"to": [5.5, 16, 9.5],
			"rotation": {"angle": 0, "axis": "y", "origin": [8, 14, 8]},
			"faces": {
				"north": {"uv": [1, 12, 1.5, 13], "texture": "#0"},
				"east": {"uv": [12, 4.5, 12.5, 5.5], "texture": "#0"},
				"south": {"uv": [12, 5.5, 12.5, 6.5], "texture": "#0"},
				"west": {"uv": [12, 9.5, 12.5, 10.5], "texture": "#0"},
				"up": {"uv": [11, 10.5, 10.5, 10], "texture": "#0"},
				"down": {"uv": [12, 9.5, 11.5, 10], "texture": "#0"}
			}
		},
		{
			"from": [10.5, 14, 8.5],
			"to": [11.5, 16, 9.5],
			"rotation": {"angle": 0, "axis": "y", "origin": [8, 14, 8]},
			"faces": {
				"north": {"uv": [12, 10.5, 12.5, 11.5], "texture": "#0"},
				"east": {"uv": [12, 11.5, 12.5, 12.5], "texture": "#0"},
				"south": {"uv": [12.5, 0, 13, 1], "texture": "#0"},
				"west": {"uv": [2, 12.5, 2.5, 13.5], "texture": "#0"},
				"up": {"uv": [6, 13, 5.5, 12.5], "texture": "#0"},
				"down": {"uv": [13, 6, 12.5, 6.5], "texture": "#0"}
			}
		},
		{
			"from": [5, 0, 6.5],
			"to": [7, 5, 9.5],
			"faces": {
				"north": {"uv": [9.5, 2.5, 10.5, 5], "texture": "#0"},
				"east": {"uv": [6, 8, 7.5, 10.5], "texture": "#0"},
				"south": {"uv": [9.5, 5, 10.5, 7.5], "texture": "#0"},
				"west": {"uv": [7.5, 8, 9, 10.5], "texture": "#0"},
				"up": {"uv": [7, 5.5, 6, 4], "texture": "#0"},
				"down": {"uv": [9.5, 2.5, 8.5, 4], "texture": "#0"}
			}
		},
		{
			"from": [9, 0, 6.5],
			"to": [11, 5, 9.5],
			"faces": {
				"north": {"uv": [10, 0, 11, 2.5], "texture": "#0"},
				"east": {"uv": [8.5, 0, 10, 2.5], "texture": "#0"},
				"south": {"uv": [2, 10, 3, 12.5], "texture": "#0"},
				"west": {"uv": [9, 8, 10.5, 10.5], "texture": "#0"},
				"up": {"uv": [12, 2.5, 11, 1], "texture": "#0"},
				"down": {"uv": [12, 10, 11, 11.5], "texture": "#0"}
			}
		},
		{
			"from": [9, 0, 4.5],
			"to": [11, 1, 6.5],
			"faces": {
				"north": {"uv": [9.5, 7.5, 10.5, 8], "texture": "#0"},
				"east": {"uv": [12, 2, 13, 2.5], "texture": "#0"},
				"south": {"uv": [2.5, 12.5, 3.5, 13], "texture": "#0"},
				"west": {"uv": [3.5, 12.5, 4.5, 13], "texture": "#0"},
				"up": {"uv": [9, 12.5, 8, 11.5], "texture": "#0"},
				"down": {"uv": [12.5, 8.5, 11.5, 9.5], "texture": "#0"}
			}
		},
		{
			"from": [5, 0, 4.5],
			"to": [7, 1, 6.5],
			"faces": {
				"north": {"uv": [4.5, 12.5, 5.5, 13], "texture": "#0"},
				"east": {"uv": [12.5, 4.5, 13.5, 5], "texture": "#0"},
				"south": {"uv": [12.5, 5, 13.5, 5.5], "texture": "#0"},
				"west": {"uv": [12.5, 5.5, 13.5, 6], "texture": "#0"},
				"up": {"uv": [10, 12.5, 9, 11.5], "texture": "#0"},
				"down": {"uv": [11, 11.5, 10, 12.5], "texture": "#0"}
			}
		},
		{
			"from": [9, 5, 6],
			"to": [11, 10, 8],
			"rotation": {"angle": 45, "axis": "x", "origin": [10, 10, 8]},
			"faces": {
				"north": {"uv": [3, 10, 4, 12.5], "texture": "#0"},
				"east": {"uv": [4, 10, 5, 12.5], "texture": "#0"},
				"south": {"uv": [5, 10, 6, 12.5], "texture": "#0"},
				"west": {"uv": [10.5, 2.5, 11.5, 5], "texture": "#0"},
				"up": {"uv": [12, 12.5, 11, 11.5], "texture": "#0"},
				"down": {"uv": [1, 12, 0, 13], "texture": "#0"}
			}
		},
		{
			"from": [5, 5, 6],
			"to": [7, 10, 8],
			"rotation": {"angle": 45, "axis": "x", "origin": [6, 10, 8]},
			"faces": {
				"north": {"uv": [10.5, 5, 11.5, 7.5], "texture": "#0"},
				"east": {"uv": [6, 10.5, 7, 13], "texture": "#0"},
				"south": {"uv": [7, 10.5, 8, 13], "texture": "#0"},
				"west": {"uv": [10.5, 7.5, 11.5, 10], "texture": "#0"},
				"up": {"uv": [13, 2, 12, 1], "texture": "#0"},
				"down": {"uv": [13, 3.5, 12, 4.5], "texture": "#0"}
			}
		},
		{
			"from": [7.5, 4, 10],
			"to": [8.5, 5, 16],
			"rotation": {"angle": -22.5, "axis": "x", "origin": [8, 4, 10]},
			"faces": {
				"north": {"uv": [12.5, 6.5, 13, 7], "texture": "#0"},
				"east": {"uv": [11.5, 2.5, 14.5, 3], "texture": "#0"},
				"south": {"uv": [12.5, 7, 13, 7.5], "texture": "#0"},
				"west": {"uv": [11.5, 3, 14.5, 3.5], "texture": "#0"},
				"up": {"uv": [2, 14, 1.5, 11], "texture": "#0"},
				"down": {"uv": [12, 3.5, 11.5, 6.5], "texture": "#0"}
			}
		}
	],
	"display": {
		"thirdperson_righthand": {
			"translation": [0, -2.25, 0],
			"scale": [0.5, 0.5, 0.5]
		},
		"thirdperson_lefthand": {
			"translation": [0.25, 0, 0],
			"scale": [0.5, 0.5, 0.5]
		},
		"firstperson_righthand": {
			"translation": [2, 0.5, 0]
		},
		"firstperson_lefthand": {
			"translation": [2.5, 0, 0]
		},
		"ground": {
			"translation": [0, 3, 0],
			"scale": [0.7, 0.7, 0.7]
		},
		"gui": {
			"rotation": [30, 132, 0],
			"translation": [0.25, 0, 0],
			"scale": [0.8, 0.8, 0.8]
		},
		"head": {
			"translation": [0, 14.25, 0]
		},
		"fixed": {
			"rotation": [-90, 0, 0],
			"translation": [0, 0, -10.5],
			"scale": [1.3, 1.3, 1.3]
		}
	}
}