{
	"credit": "Made with Blockbench",
	"texture_size": [32, 32],
	"textures": {
		"0": "./perctka",
		"particle": "./perctka"
	},
	"elements": [
		{
			"from": [5.5, 0.5, 5.5],
			"to": [10.5, 4.5, 10.5],
			"rotation": {"angle": 0, "axis": "y", "origin": [13.5, 13, 13.5]},
			"faces": {
				"north": {"uv": [9, 7.5, 11.5, 9.5], "texture": "#0"},
				"east": {"uv": [9, 9.5, 11.5, 11.5], "texture": "#0"},
				"south": {"uv": [6, 10, 8.5, 12], "texture": "#0"},
				"west": {"uv": [0, 11, 2.5, 13], "texture": "#0"},
				"up": {"uv": [11.5, 2.5, 9, 0], "texture": "#0"},
				"down": {"uv": [11.5, 2.5, 9, 5], "texture": "#0"}
			}
		},
		{
			"from": [5.5, 5, 5.5],
			"to": [10.5, 7, 10.5],
			"rotation": {"angle": 0, "axis": "y", "origin": [13.5, 13, 13.5]},
			"faces": {
				"north": {"uv": [2.5, 11, 5, 12], "texture": "#0"},
				"east": {"uv": [11.5, 0, 14, 1], "texture": "#0"},
				"south": {"uv": [11.5, 1, 14, 2], "texture": "#0"},
				"west": {"uv": [11.5, 2, 14, 3], "texture": "#0"},
				"up": {"uv": [11.5, 7.5, 9, 5], "texture": "#0"}
			}
		},
		{
			"from": [5, 5, 5],
			"to": [11, 5, 11],
			"rotation": {"angle": 0, "axis": "y", "origin": [13, 8, 13]},
			"faces": {
				"north": {"uv": [0, 0, 3, 0], "texture": "#0"},
				"east": {"uv": [0, 0, 3, 0], "texture": "#0"},
				"south": {"uv": [0, 0, 3, 0], "texture": "#0"},
				"west": {"uv": [0, 0, 3, 0], "texture": "#0"},
				"up": {"uv": [3, 3, 0, 0], "texture": "#0"},
				"down": {"uv": [3, 3, 0, 6], "texture": "#0"}
			}
		},
		{
			"from": [5, 0, 5],
			"to": [11, 0, 11],
			"rotation": {"angle": 0, "axis": "y", "origin": [13, 8, 13]},
			"faces": {
				"north": {"uv": [0, 0, 3, 0], "texture": "#0"},
				"east": {"uv": [0, 0, 3, 0], "texture": "#0"},
				"south": {"uv": [0, 0, 3, 0], "texture": "#0"},
				"west": {"uv": [0, 0, 3, 0], "texture": "#0"},
				"up": {"uv": [6, 3, 3, 0], "texture": "#0"},
				"down": {"uv": [6, 3, 3, 6], "texture": "#0"}
			}
		},
		{
			"from": [5, 0, 5],
			"to": [5, 5, 11],
			"rotation": {"angle": 0, "axis": "y", "origin": [13, 8, 13]},
			"faces": {
				"north": {"uv": [0, 0, 0, 2.5], "texture": "#0"},
				"east": {"uv": [0, 6, 3, 8.5], "texture": "#0"},
				"south": {"uv": [0, 0, 0, 2.5], "texture": "#0"},
				"west": {"uv": [6, 0, 9, 2.5], "texture": "#0"},
				"up": {"uv": [0, 3, 0, 0], "texture": "#0"},
				"down": {"uv": [0, 0, 0, 3], "texture": "#0"}
			}
		},
		{
			"from": [11, 0, 5],
			"to": [11, 5, 11],
			"rotation": {"angle": 0, "axis": "y", "origin": [13, 8, 13]},
			"faces": {
				"north": {"uv": [0, 0, 0, 2.5], "texture": "#0"},
				"east": {"uv": [6, 2.5, 9, 5], "texture": "#0"},
				"south": {"uv": [0, 0, 0, 2.5], "texture": "#0"},
				"west": {"uv": [3, 6, 6, 8.5], "texture": "#0"},
				"up": {"uv": [0, 3, 0, 0], "texture": "#0"},
				"down": {"uv": [0, 0, 0, 3], "texture": "#0"}
			}
		},
		{
			"from": [5, 0, 5],
			"to": [11, 5, 5],
			"rotation": {"angle": 0, "axis": "y", "origin": [13, 8, 13]},
			"faces": {
				"north": {"uv": [6, 5, 9, 7.5], "texture": "#0"},
				"east": {"uv": [0, 0, 0, 2.5], "texture": "#0"},
				"south": {"uv": [6, 7.5, 9, 10], "texture": "#0"},
				"west": {"uv": [0, 0, 0, 2.5], "texture": "#0"},
				"up": {"uv": [3, 0, 0, 0], "texture": "#0"},
				"down": {"uv": [3, 0, 0, 0], "texture": "#0"}
			}
		},
		{
			"from": [5, 0, 11],
			"to": [11, 5, 11],
			"rotation": {"angle": 0, "axis": "y", "origin": [13, 8, 13]},
			"faces": {
				"north": {"uv": [0, 8.5, 3, 11], "texture": "#0"},
				"east": {"uv": [0, 0, 0, 2.5], "texture": "#0"},
				"south": {"uv": [3, 8.5, 6, 11], "texture": "#0"},
				"west": {"uv": [0, 0, 0, 2.5], "texture": "#0"},
				"up": {"uv": [3, 0, 0, 0], "texture": "#0"},
				"down": {"uv": [3, 0, 0, 0], "texture": "#0"}
			}
		}
	],
	"display": {
		"thirdperson_righthand": {
			"rotation": [90, 0, 0],
			"translation": [0, -2, 6]
		},
		"thirdperson_lefthand": {
			"rotation": [90, -180, 0],
			"translation": [0, -2, 7]
		},
		"firstperson_righthand": {
			"rotation": [168, 5, 1.5],
			"translation": [-0.5, -1.75, 0]
		},
		"firstperson_lefthand": {
			"rotation": [168, 175, 1.5],
			"translation": [-0.5, -2, 0]
		},
		"ground": {
			"rotation": [0, 0, 90],
			"translation": [-5, -1, 0]
		},
		"gui": {
			"rotation": [-150, -45, 0],
			"translation": [0, -6.25, 0],
			"scale": [1.36, 1.36, 1.36]
		},
		"head": {
			"translation": [0, 14.5, 0]
		},
		"fixed": {
			"rotation": [0, 0, 26],
			"translation": [-3.75, 7.75, -4],
			"scale": [2, 2, 2]
		}
	}
}