{
	"credit": "Made with Blockbench",
	"textures": {
		"0": "./bottle",
		"particle": "./bottle"
	},
	"elements": [
		{
			"from": [6, 0, 6],
			"to": [10, 10, 10],
			"faces": {
				"north": {"uv": [2, 0, 4, 5], "texture": "#0"},
				"east": {"uv": [4, 0, 6, 5], "texture": "#0"},
				"south": {"uv": [4, 0, 6, 5], "texture": "#0"},
				"west": {"uv": [0, 0, 2, 5], "texture": "#0"},
				"up": {"uv": [0, 7.5, 2, 9.5], "texture": "#0"},
				"down": {"uv": [0, 7.5, 2, 9.5], "texture": "#0"}
			}
		},
		{
			"from": [7, 10, 7],
			"to": [9, 14, 9],
			"faces": {
				"north": {"uv": [7, 0, 6, 2], "texture": "#0"},
				"east": {"uv": [6, 0, 7, 2], "texture": "#0"},
				"south": {"uv": [7, 0, 6, 2], "texture": "#0"},
				"west": {"uv": [6, 0, 7, 2], "texture": "#0"},
				"up": {"uv": [6.5, 3, 8.5, 5], "texture": "#0"},
				"down": {"uv": [6.5, 3, 8.5, 5], "texture": "#0"}
			}
		},
		{
			"from": [6.45, 14, 6.5],
			"to": [9.45, 15, 9.5],
			"faces": {
				"north": {"uv": [0, 0, 1.5, 0.5], "texture": "#0"},
				"east": {"uv": [0, 0, 1.5, 0.5], "texture": "#0"},
				"south": {"uv": [0, 0, 1.5, 0.5], "texture": "#0"},
				"west": {"uv": [0, 0, 1.5, 0.5], "texture": "#0"},
				"up": {"uv": [4, 6, 6, 8], "texture": "#0"},
				"down": {"uv": [4, 2.5, 7, 5.5], "texture": "#0"}
			}
		}
	],
	"display": {
		"thirdperson_righthand": {
			"translation": [0, 1.75, 0.5],
			"scale": [0.7, 0.7, 0.7]
		},
		"thirdperson_lefthand": {
			"translation": [0, 1.75, 0.5],
			"scale": [0.7, 0.7, 0.7]
		},
		"ground": {
			"rotation": [90, 0, 0],
			"translation": [0, -0.25, 0],
			"scale": [0.8, 0.8, 0.8]
		},
		"gui": {
			"rotation": [35, 135, 0],
			"translation": [0, 0.5, 0],
			"scale": [0.8, 0.8, 0.8]
		},
		"head": {
			"rotation": [92, 0, 0],
			"translation": [1.5, 0.25, -14.75],
			"scale": [1.2, 1.2, 1.2]
		},
		"fixed": {
			"rotation": [1, 0, 0],
			"translation": [0, 1, -1],
			"scale": [1.17, 1.17, 1.17]
		}
	}
}