{
	"credit": "Made with Blockbench",
	"texture_size": [64, 64],
	"textures": {
		"3": "./kubok1"
	},
	"elements": [
		{
			"name": "низ1",
			"from": [3, 0, 3],
			"to": [13, 1, 13],
			"faces": {
				"north": {"uv": [7, 3.5, 9.5, 3.75], "texture": "#3"},
				"east": {"uv": [0, 7.5, 2.5, 7.75], "texture": "#3"},
				"south": {"uv": [7.5, 2, 10, 2.25], "texture": "#3"},
				"west": {"uv": [7.5, 2.25, 10, 2.5], "texture": "#3"},
				"up": {"uv": [2.5, 2.5, 0, 0], "texture": "#3"},
				"down": {"uv": [2.5, 2.5, 0, 5], "texture": "#3"}
			}
		},
		{
			"name": "низ2",
			"from": [4, 1, 4],
			"to": [12, 2, 12],
			"faces": {
				"north": {"uv": [0, 7.25, 2, 7.5], "texture": "#3"},
				"east": {"uv": [7.5, 5.75, 9.5, 6], "texture": "#3"},
				"south": {"uv": [7.5, 6, 9.5, 6.25], "texture": "#3"},
				"west": {"uv": [7.5, 6.25, 9.5, 6.5], "texture": "#3"},
				"up": {"uv": [4.5, 2, 2.5, 0], "texture": "#3"},
				"down": {"uv": [4.5, 2, 2.5, 4], "texture": "#3"}
			}
		},
		{
			"name": "низ3",
			"from": [6, 2, 6],
			"to": [10, 3, 10],
			"faces": {
				"north": {"uv": [0.25, 8.5, 1.25, 8.75], "texture": "#3"},
				"east": {"uv": [8.5, 1.25, 9.5, 1.5], "texture": "#3"},
				"south": {"uv": [8.5, 1.5, 9.5, 1.75], "texture": "#3"},
				"west": {"uv": [8.5, 1.75, 9.5, 2], "texture": "#3"},
				"up": {"uv": [1, 7.25, 0, 6.25], "texture": "#3"},
				"down": {"uv": [2, 6.25, 1, 7.25], "texture": "#3"}
			}
		},
		{
			"name": "серед2",
			"from": [7, 3, 7],
			"to": [9, 7, 9],
			"faces": {
				"north": {"uv": [6, 7.25, 6.5, 8.25], "texture": "#3"},
				"east": {"uv": [6.5, 7.25, 7, 8.25], "texture": "#3"},
				"south": {"uv": [2.5, 7.5, 3, 8.5], "texture": "#3"},
				"west": {"uv": [3, 7.5, 3.5, 8.5], "texture": "#3"},
				"up": {"uv": [7.5, 8.25, 7, 7.75], "texture": "#3"},
				"down": {"uv": [1.75, 8.5, 1.25, 9], "texture": "#3"}
			}
		},
		{
			"name": "серед1",
			"from": [6, 7, 6],
			"to": [10, 8, 10],
			"faces": {
				"north": {"uv": [2.5, 8.5, 3.5, 8.75], "texture": "#3"},
				"east": {"uv": [6, 8.5, 7, 8.75], "texture": "#3"},
				"south": {"uv": [7.75, 8.5, 8.75, 8.75], "texture": "#3"},
				"west": {"uv": [8.75, 0, 9.75, 0.25], "texture": "#3"},
				"up": {"uv": [6, 7.25, 5, 6.25], "texture": "#3"},
				"down": {"uv": [7, 6.25, 6, 7.25], "texture": "#3"}
			}
		},
		{
			"name": "верх1",
			"from": [6, 8, 4],
			"to": [12, 9, 6],
			"faces": {
				"north": {"uv": [0.25, 7.75, 1.75, 8], "texture": "#3"},
				"east": {"uv": [4.5, 3.75, 5, 4], "texture": "#3"},
				"south": {"uv": [7.75, 7.5, 9.25, 7.75], "texture": "#3"},
				"west": {"uv": [2, 6.25, 2.5, 6.5], "texture": "#3"},
				"up": {"uv": [8.5, 0.5, 7, 0], "texture": "#3"},
				"down": {"uv": [8.5, 0.5, 7, 1], "texture": "#3"}
			}
		},
		{
			"name": "верх2",
			"from": [4, 8, 10],
			"to": [10, 9, 12],
			"faces": {
				"north": {"uv": [7.75, 7.75, 9.25, 8], "texture": "#3"},
				"east": {"uv": [7, 8.5, 7.5, 8.75], "texture": "#3"},
				"south": {"uv": [0.25, 8, 1.75, 8.25], "texture": "#3"},
				"west": {"uv": [8.75, 1, 9.25, 1.25], "texture": "#3"},
				"up": {"uv": [8.5, 1.5, 7, 1], "texture": "#3"},
				"down": {"uv": [8.5, 1.5, 7, 2], "texture": "#3"}
			}
		},
		{
			"name": "верх3",
			"from": [10, 8, 6],
			"to": [12, 9, 12],
			"faces": {
				"north": {"uv": [2.5, 8.75, 3, 9], "texture": "#3"},
				"east": {"uv": [7.75, 8, 9.25, 8.25], "texture": "#3"},
				"south": {"uv": [3, 8.75, 3.5, 9], "texture": "#3"},
				"west": {"uv": [0.25, 8.25, 1.75, 8.5], "texture": "#3"},
				"up": {"uv": [4.5, 8, 4, 6.5], "texture": "#3"},
				"down": {"uv": [5, 6.5, 4.5, 8], "texture": "#3"}
			}
		},
		{
			"name": "верх4",
			"from": [4, 8, 4],
			"to": [6, 9, 10],
			"faces": {
				"north": {"uv": [6, 8.75, 6.5, 9], "texture": "#3"},
				"east": {"uv": [6, 8.25, 7.5, 8.5], "texture": "#3"},
				"south": {"uv": [6.5, 8.75, 7, 9], "texture": "#3"},
				"west": {"uv": [7.75, 8.25, 9.25, 8.5], "texture": "#3"},
				"up": {"uv": [7.5, 3.5, 7, 2], "texture": "#3"},
				"down": {"uv": [7.5, 6.25, 7, 7.75], "texture": "#3"}
			}
		},
		{
			"name": "верх5",
			"from": [3, 9, 3],
			"to": [13, 10, 4],
			"faces": {
				"north": {"uv": [7.5, 2.5, 10, 2.75], "texture": "#3"},
				"east": {"uv": [7, 8.75, 7.25, 9], "texture": "#3"},
				"south": {"uv": [7.5, 2.75, 10, 3], "texture": "#3"},
				"west": {"uv": [7.25, 8.75, 7.5, 9], "texture": "#3"},
				"up": {"uv": [10, 3.25, 7.5, 3], "texture": "#3"},
				"down": {"uv": [10, 3.25, 7.5, 3.5], "texture": "#3"}
			}
		},
		{
			"name": "верх6",
			"from": [3, 9, 12],
			"to": [13, 10, 13],
			"faces": {
				"north": {"uv": [7.5, 3.75, 10, 4], "texture": "#3"},
				"east": {"uv": [7.75, 8.75, 8, 9], "texture": "#3"},
				"south": {"uv": [7.5, 4, 10, 4.25], "texture": "#3"},
				"west": {"uv": [8, 8.75, 8.25, 9], "texture": "#3"},
				"up": {"uv": [10, 4.5, 7.5, 4.25], "texture": "#3"},
				"down": {"uv": [10, 4.5, 7.5, 4.75], "texture": "#3"}
			}
		},
		{
			"name": "верх7",
			"from": [3, 9, 4],
			"to": [4, 10, 12],
			"faces": {
				"north": {"uv": [8.25, 8.75, 8.5, 9], "texture": "#3"},
				"east": {"uv": [7.5, 6.5, 9.5, 6.75], "texture": "#3"},
				"south": {"uv": [8.5, 8.75, 8.75, 9], "texture": "#3"},
				"west": {"uv": [7.5, 6.75, 9.5, 7], "texture": "#3"},
				"up": {"uv": [3.75, 9.5, 3.5, 7.5], "texture": "#3"},
				"down": {"uv": [4, 7.5, 3.75, 9.5], "texture": "#3"}
			}
		},
		{
			"name": "верх8",
			"from": [12, 9, 4],
			"to": [13, 10, 12],
			"faces": {
				"north": {"uv": [8.75, 8.5, 9, 8.75], "texture": "#3"},
				"east": {"uv": [7.5, 7, 9.5, 7.25], "texture": "#3"},
				"south": {"uv": [8.75, 8.75, 9, 9], "texture": "#3"},
				"west": {"uv": [7.5, 7.25, 9.5, 7.5], "texture": "#3"},
				"up": {"uv": [7.75, 9.5, 7.5, 7.5], "texture": "#3"},
				"down": {"uv": [0.25, 7.75, 0, 9.75], "texture": "#3"}
			}
		},
		{
			"name": "верх9",
			"from": [3, 10, 2],
			"to": [13, 15, 3],
			"faces": {
				"north": {"uv": [2.5, 4, 5, 5.25], "texture": "#3"},
				"east": {"uv": [1.75, 7.75, 2, 9], "texture": "#3"},
				"south": {"uv": [4.5, 0, 7, 1.25], "texture": "#3"},
				"west": {"uv": [2, 7.75, 2.25, 9], "texture": "#3"},
				"up": {"uv": [10, 5, 7.5, 4.75], "texture": "#3"},
				"down": {"uv": [10, 5, 7.5, 5.25], "texture": "#3"}
			}
		},
		{
			"name": "верх10",
			"from": [3, 10, 13],
			"to": [13, 15, 14],
			"faces": {
				"north": {"uv": [4.5, 1.25, 7, 2.5], "texture": "#3"},
				"east": {"uv": [2.25, 7.75, 2.5, 9], "texture": "#3"},
				"south": {"uv": [4.5, 2.5, 7, 3.75], "texture": "#3"},
				"west": {"uv": [4, 8, 4.25, 9.25], "texture": "#3"},
				"up": {"uv": [10, 5.5, 7.5, 5.25], "texture": "#3"},
				"down": {"uv": [10, 5.5, 7.5, 5.75], "texture": "#3"}
			}
		},
		{
			"name": "верх11",
			"from": [2, 10, 3],
			"to": [3, 15, 13],
			"faces": {
				"north": {"uv": [4.25, 8, 4.5, 9.25], "texture": "#3"},
				"east": {"uv": [0, 5, 2.5, 6.25], "texture": "#3"},
				"south": {"uv": [4.5, 8, 4.75, 9.25], "texture": "#3"},
				"west": {"uv": [5, 3.75, 7.5, 5], "texture": "#3"},
				"up": {"uv": [5.25, 9.75, 5, 7.25], "texture": "#3"},
				"down": {"uv": [5.5, 7.25, 5.25, 9.75], "texture": "#3"}
			}
		},
		{
			"name": "верх12",
			"from": [13, 10, 3],
			"to": [14, 15, 13],
			"faces": {
				"north": {"uv": [4.75, 8, 5, 9.25], "texture": "#3"},
				"east": {"uv": [5, 5, 7.5, 6.25], "texture": "#3"},
				"south": {"uv": [8.5, 0, 8.75, 1.25], "texture": "#3"},
				"west": {"uv": [2.5, 5.25, 5, 6.5], "texture": "#3"},
				"up": {"uv": [5.75, 9.75, 5.5, 7.25], "texture": "#3"},
				"down": {"uv": [6, 7.25, 5.75, 9.75], "texture": "#3"}
			}
		},
		{
			"from": [14, 10, 6.5],
			"to": [14.25, 11, 9.5],
			"faces": {
				"north": {"uv": [1.25, 3.5, 1.3125, 3.75], "texture": "#3"},
				"east": {"uv": [0.75, 3.25, 1.5, 3.5], "texture": "#3"},
				"south": {"uv": [0.75, 3.5, 0.8125, 3.75], "texture": "#3"},
				"west": {"uv": [0, 0, 0.75, 0.25], "texture": "#3"},
				"up": {"uv": [1.25, 3.5, 1.3125, 4.25], "texture": "#3"},
				"down": {"uv": [1.25, 3.25, 1.3125, 4], "texture": "#3"}
			}
		},
		{
			"from": [14, 11, 7.5],
			"to": [14.25, 15, 8.5],
			"faces": {
				"north": {"uv": [1, 3.25, 1.0625, 4.25], "texture": "#3"},
				"east": {"uv": [0.75, 3.25, 1, 4.25], "texture": "#3"},
				"south": {"uv": [0.75, 3.25, 1.0625, 4.25], "texture": "#3"},
				"west": {"uv": [0, 0, 0.25, 1], "texture": "#3"},
				"up": {"uv": [1, 3.5, 1.0625, 3.75], "texture": "#3"},
				"down": {"uv": [0, 0, 0.0625, 0.25], "texture": "#3"}
			}
		},
		{
			"from": [14, 13, 8.5],
			"to": [14.25, 14, 9.5],
			"faces": {
				"north": {"uv": [0, 0, 0.0625, 0.25], "texture": "#3"},
				"east": {"uv": [0.75, 3.25, 1, 3.5], "texture": "#3"},
				"south": {"uv": [1, 3.5, 1.0625, 3.75], "texture": "#3"},
				"west": {"uv": [0, 0, 0.25, 0.25], "texture": "#3"},
				"up": {"uv": [1, 3.5, 1.0625, 3.75], "texture": "#3"},
				"down": {"uv": [0, 0, 0.0625, 0.25], "texture": "#3"}
			}
		}
	],
	"display": {
		"thirdperson_righthand": {
			"rotation": [39, 90, 0],
			"translation": [-0.5, 2, 1.5]
		},
		"thirdperson_lefthand": {
			"rotation": [0, 90, 0],
			"translation": [0, 1.25, 0]
		},
		"firstperson_righthand": {
			"rotation": [0, -90, 0],
			"translation": [1.75, 2.25, -1.5]
		},
		"firstperson_lefthand": {
			"rotation": [0, -90, 0],
			"translation": [1, 1.75, -2.5]
		},
		"ground": {
			"translation": [0, 6, 0]
		},
		"gui": {
			"rotation": [13, -65, 0]
		},
		"head": {
			"rotation": [0, 90, 0],
			"translation": [0, 14, 0]
		},
		"fixed": {
			"rotation": [-90, 90, 0],
			"translation": [0, 0, -23],
			"scale": [3, 3, 3]
		}
	},
	"groups": [
		{
			"name": "готово",
			"origin": [8, 8, 8],
			"color": 0,
			"children": [
				{
					"name": "низ",
					"origin": [8, 8, 8],
					"color": 0,
					"children": [0, 1, 2]
				},
				{
					"name": "середина",
					"origin": [0, 0, 0],
					"color": 0,
					"children": [3, 4]
				},
				{
					"name": "верх1",
					"origin": [8, 8, 8],
					"color": 0,
					"children": [5, 6, 7, 8]
				},
				{
					"name": "верх2",
					"origin": [8, 8, 8],
					"color": 0,
					"children": [9, 10, 11, 12]
				},
				{
					"name": "верх3",
					"origin": [8, 8, 8],
					"color": 0,
					"children": [13, 14, 15, 16]
				},
				{
					"name": "group",
					"origin": [0, 0, 0],
					"color": 0,
					"children": [17, 18, 19]
				}
			]
		}
	]
}