{
	"credit": "Made with Blockbench",
	"textures": {
		"0": "./axolotl",
		"particle": "./axolotl"
	},
	"elements": [
		{
			"from": [8, 7, 5],
			"to": [14, 13, 5],
			"rotation": {"angle": 22.5, "axis": "x", "origin": [0, 0, 0]},
			"faces": {
				"north": {"uv": [0, 0, 6, 6], "texture": "#0"},
				"east": {"uv": [0, 0, 0, 4], "texture": "#0"},
				"south": {"uv": [6, 0, 0, 6], "texture": "#0"},
				"west": {"uv": [0, 0, 0, 4], "texture": "#0"},
				"up": {"uv": [4, 0, 0, 0], "texture": "#0"},
				"down": {"uv": [4, 0, 0, 0], "texture": "#0"}
			}
		},
		{
			"from": [3, 7, 5],
			"to": [9, 13, 5],
			"rotation": {"angle": 22.5, "axis": "x", "origin": [0, 0, 0]},
			"faces": {
				"north": {"uv": [6, 0, 0, 6], "texture": "#0"},
				"east": {"uv": [0, 0, 0, 4], "texture": "#0"},
				"south": {"uv": [0, 0, 6, 6], "texture": "#0"},
				"west": {"uv": [0, 0, 0, 4], "texture": "#0"},
				"up": {"uv": [4, 0, 0, 0], "rotation": 180, "texture": "#0"},
				"down": {"uv": [4, 0, 0, 0], "rotation": 180, "texture": "#0"}
			}
		},
		{
			"from": [7.5, 3, 6],
			"to": [7.5, 7, 10],
			"rotation": {"angle": -22.5, "axis": "y", "origin": [0, 0, 0]},
			"faces": {
				"north": {"uv": [0, 0, 0, 4], "texture": "#0"},
				"east": {"uv": [9, 0, 5, 4], "texture": "#0"},
				"south": {"uv": [0, 0, 0, 4], "texture": "#0"},
				"west": {"uv": [5, 0, 9, 4], "texture": "#0"},
				"up": {"uv": [0, 0, 0, 4], "texture": "#0"},
				"down": {"uv": [0, 0, 0, 4], "texture": "#0"}
			}
		},
		{
			"from": [8.2, 3, 12],
			"to": [8.2, 7, 16],
			"rotation": {"angle": 22.5, "axis": "y", "origin": [0, 0, 0]},
			"faces": {
				"north": {"uv": [0, 0, 0, 4], "texture": "#0"},
				"east": {"uv": [9, 0, 5, 4], "texture": "#0"},
				"south": {"uv": [0, 0, 0, 4], "texture": "#0"},
				"west": {"uv": [5, 0, 9, 4], "texture": "#0"},
				"up": {"uv": [0, 0, 0, 4], "texture": "#0"},
				"down": {"uv": [0, 0, 0, 4], "texture": "#0"}
			}
		},
		{
			"from": [7.5, -2, 7],
			"to": [7.5, 4, 13],
			"rotation": {"angle": -22.5, "axis": "y", "origin": [0, -2, 0]},
			"faces": {
				"north": {"uv": [0, 0, 0, 6], "texture": "#0"},
				"east": {"uv": [16, 0, 10, 6], "texture": "#0"},
				"south": {"uv": [0, 0, 0, 6], "texture": "#0"},
				"west": {"uv": [10, 0, 16, 6], "texture": "#0"},
				"up": {"uv": [0, 0, 0, 6], "texture": "#0"},
				"down": {"uv": [0, 0, 0, 6], "texture": "#0"}
			}
		},
		{
			"from": [8, -2, 13],
			"to": [8, 4, 19],
			"rotation": {"angle": 22.5, "axis": "y", "origin": [0, -2, 0]},
			"faces": {
				"north": {"uv": [0, 0, 0, 6], "texture": "#0"},
				"east": {"uv": [16, 0, 10, 6], "texture": "#0"},
				"south": {"uv": [0, 0, 0, 6], "texture": "#0"},
				"west": {"uv": [10, 0, 16, 6], "texture": "#0"},
				"up": {"uv": [0, 0, 0, 6], "texture": "#0"},
				"down": {"uv": [0, 0, 0, 6], "texture": "#0"}
			}
		}
	],
	"display": {
		"thirdperson_righthand": {
			"translation": [0, 1.25, 0],
			"scale": [0.6, 0.6, 0.6]
		},
		"thirdperson_lefthand": {
			"translation": [0, 1.25, 0],
			"scale": [0.6, 0.6, 0.6]
		},
		"firstperson_righthand": {
			"rotation": [-9, 166, 17],
			"translation": [6.5, 7.75, 1.5]
		},
		"firstperson_lefthand": {
			"rotation": [-9, 166, 17],
			"translation": [5.5, 7.75, 1.5]
		},
		"ground": {
			"rotation": [90, 0, 0],
			"translation": [-1, 0.75, 2.75],
			"scale": [0.6, 0.6, 0.6]
		},
		"gui": {
			"rotation": [30, 132, 0],
			"translation": [-2, 3.5, 0]
		},
		"head": {
			"translation": [-0.55, 11, -3],
			"scale": [1.5, 1.5, 1.5]
		},
		"fixed": {
			"rotation": [-8, 180, 0],
			"translation": [0, 8, 1],
			"scale": [1.5, 1.5, 1.5]
		}
	}
}