{
	"credit": "Made with Blockbench",
	"texture_size": [64, 64],
	"textures": {
		"1": "./hidehelmet"
	},
	"elements": [
		{
			"name": "metal",
			"from": [0, 11.05, 2],
			"to": [2, 12, 14],
			"rotation": {"angle": 0, "axis": "y", "origin": [15, 19, 10]},
			"faces": {
				"north": {"uv": [7.5, 7.5, 8, 7.75], "texture": "#1"},
				"east": {"uv": [4.5, 7.5, 7.5, 7.75], "texture": "#1"},
				"south": {"uv": [11, 7.5, 11.5, 7.75], "texture": "#1"},
				"west": {"uv": [8, 7.5, 11, 7.75], "texture": "#1"},
				"up": {"uv": [8, 7.5, 7.5, 4.5], "texture": "#1"},
				"down": {"uv": [8.5, 4.5, 8, 7.5], "texture": "#1"}
			}
		},
		{
			"name": "metal",
			"from": [-4.25, 8, 2.75],
			"to": [6.25, 9, 13.25],
			"rotation": {"angle": 0, "axis": "y", "origin": [11, 16, 11]},
			"faces": {
				"north": {"uv": [2.5, 2.5, 5, 2.75], "texture": "#1"},
				"east": {"uv": [0, 2.5, 2.5, 2.75], "texture": "#1"},
				"south": {"uv": [7.5, 2.5, 10, 2.75], "texture": "#1"},
				"west": {"uv": [5, 2.5, 7.5, 2.75], "texture": "#1"},
				"up": {"uv": [5, 2.5, 2.5, 0], "texture": "#1"},
				"down": {"uv": [7.5, 0, 5, 2.5], "texture": "#1"}
			}
		},
		{
			"name": "metal",
			"from": [0, 5, 2],
			"to": [2, 11.05, 3],
			"rotation": {"angle": 0, "axis": "y", "origin": [15, 13, 10]},
			"faces": {
				"north": {"uv": [0.25, 0.25, 0.75, 1.75], "texture": "#1"},
				"east": {"uv": [0, 0.25, 0.25, 1.75], "texture": "#1"},
				"south": {"uv": [1, 0.25, 1.5, 1.75], "texture": "#1"},
				"west": {"uv": [0.75, 0.25, 1, 1.75], "texture": "#1"},
				"up": {"uv": [0.75, 0.25, 0.25, 0], "texture": "#1"},
				"down": {"uv": [1.25, 0, 0.75, 0.25], "texture": "#1"}
			}
		},
		{
			"name": "metal",
			"from": [0, 7, 13.025],
			"to": [2, 11.05, 14],
			"rotation": {"angle": 0, "axis": "y", "origin": [15, 15, 21]},
			"faces": {
				"north": {"uv": [0.25, 3, 0.75, 4], "texture": "#1"},
				"east": {"uv": [0, 3, 0.25, 4], "texture": "#1"},
				"south": {"uv": [1, 3, 1.5, 4], "texture": "#1"},
				"west": {"uv": [0.75, 3, 1, 4], "texture": "#1"},
				"up": {"uv": [0.75, 3, 0.25, 2.75], "texture": "#1"},
				"down": {"uv": [1.25, 2.75, 0.75, 3], "texture": "#1"}
			}
		},
		{
			"name": "leather",
			"from": [-4, 9, 3],
			"to": [6, 11, 3],
			"rotation": {"angle": 0, "axis": "y", "origin": [11, 17, 11]},
			"faces": {
				"north": {"uv": [0, 6.5, 2.5, 7], "texture": "#1"},
				"east": {"uv": [0, 6.5, 0, 7], "texture": "#missing"},
				"south": {"uv": [2.5, 6.5, 5, 7], "texture": "#1"},
				"west": {"uv": [2.5, 6.5, 2.5, 7], "texture": "#missing"},
				"up": {"uv": [2.5, 6.5, 0, 6.5], "texture": "#missing"},
				"down": {"uv": [5, 6.5, 2.5, 6.5], "texture": "#missing"}
			}
		},
		{
			"name": "leather",
			"from": [-4, 4, 13],
			"to": [6, 11, 13],
			"rotation": {"angle": 0, "axis": "y", "origin": [11, 12, 21]},
			"faces": {
				"north": {"uv": [7.5, 0, 10, 1.75], "texture": "#1"},
				"east": {"uv": [7.5, 0, 7.5, 1.75], "texture": "#missing"},
				"south": {"uv": [10, 0, 12.5, 1.75], "texture": "#1"},
				"west": {"uv": [10, 0, 10, 1.75], "texture": "#missing"},
				"up": {"uv": [10, 0, 7.5, 0], "texture": "#missing"},
				"down": {"uv": [12.5, 0, 10, 0], "texture": "#missing"}
			}
		},
		{
			"name": "leather",
			"from": [-4.001, 6, 3],
			"to": [-4.001, 11, 13],
			"rotation": {"angle": 0, "axis": "y", "origin": [11, 14, 11]},
			"faces": {
				"north": {"uv": [2.5, 7.75, 2.5, 9], "texture": "#missing"},
				"east": {"uv": [0, 7.75, 2.5, 9], "texture": "#1"},
				"south": {"uv": [5, 7.75, 5, 9], "texture": "#missing"},
				"west": {"uv": [2.5, 7.75, 5, 9], "texture": "#1"},
				"up": {"uv": [2.5, 7.75, 2.5, 5.25], "texture": "#missing"},
				"down": {"uv": [2.5, 5.25, 2.5, 7.75], "texture": "#missing"}
			}
		},
		{
			"name": "leather",
			"from": [6, 6, 3],
			"to": [6, 11, 13],
			"rotation": {"angle": 0, "axis": "y", "origin": [21, 14, 11]},
			"faces": {
				"north": {"uv": [2.5, 5.25, 2.5, 6.5], "texture": "#missing"},
				"east": {"uv": [2.5, 7.75, 5, 9], "texture": "#1"},
				"south": {"uv": [5, 5.25, 5, 6.5], "texture": "#missing"},
				"west": {"uv": [0, 7.75, 2.5, 9], "texture": "#1"},
				"up": {"uv": [2.5, 5.25, 2.5, 2.75], "texture": "#missing"},
				"down": {"uv": [2.5, 2.75, 2.5, 5.25], "texture": "#missing"}
			}
		},
		{
			"name": "leather",
			"from": [-4, 11, 3],
			"to": [6, 11, 13],
			"rotation": {"angle": 0, "axis": "y", "origin": [11, 19, 11]},
			"faces": {
				"north": {"uv": [2.5, 5.25, 5, 5.25], "texture": "#missing"},
				"east": {"uv": [0, 5.25, 2.5, 5.25], "texture": "#missing"},
				"south": {"uv": [7.5, 5.25, 10, 5.25], "texture": "#missing"},
				"west": {"uv": [5, 5.25, 7.5, 5.25], "texture": "#missing"},
				"up": {"uv": [5, 5.25, 2.5, 2.75], "texture": "#1"},
				"down": {"uv": [7.5, 2.75, 5, 5.25], "texture": "#1"}
			}
		},
		{
			"name": "leather",
			"from": [-4, 3, 3],
			"to": [-4, 6, 5],
			"rotation": {"angle": 0, "axis": "y", "origin": [11, 11, 11]},
			"faces": {
				"north": {"uv": [0.5, 1.75, 1, 2.5], "texture": "#1"},
				"east": {"uv": [0, 1.75, 0.5, 2.5], "texture": "#1"},
				"south": {"uv": [0.5, 1.75, 1, 2.5], "texture": "#1"},
				"west": {"uv": [0.5, 1.75, 1, 2.5], "texture": "#1"},
				"up": {"uv": [0.5, 1.75, 1, 2.5], "texture": "#1"},
				"down": {"uv": [0.5, 1.75, 1, 2.5], "texture": "#1"}
			}
		},
		{
			"name": "leather",
			"from": [6, 3, 3],
			"to": [6, 6, 5],
			"rotation": {"angle": 0, "axis": "y", "origin": [11, 11, 11]},
			"faces": {
				"north": {"uv": [0.5, 1.75, 1, 2.5], "texture": "#1"},
				"east": {"uv": [0.5, 1.75, 1, 2.5], "texture": "#1"},
				"south": {"uv": [0.5, 1.75, 1, 2.5], "texture": "#1"},
				"west": {"uv": [0, 1.75, 0.5, 2.5], "texture": "#1"},
				"up": {"uv": [0.5, 1.75, 1, 2.5], "texture": "#1"},
				"down": {"uv": [0.5, 1.75, 1, 2.5], "texture": "#1"}
			}
		}
	],
	"display": {
		"thirdperson_righthand": {
			"translation": [4.25, 1, 0],
			"scale": [0.6, 0.6, 0.6]
		},
		"thirdperson_lefthand": {
			"translation": [-4, 1, 0],
			"scale": [0.6, 0.6, 0.6]
		},
		"firstperson_righthand": {
			"rotation": [-15, 172, 7],
			"translation": [-5.5, 5, 1.25],
			"scale": [0.5, 0.5, 0.5]
		},
		"firstperson_lefthand": {
			"rotation": [-15, 172, 7],
			"translation": [1, 5, 2.5],
			"scale": [0.5, 0.5, 0.5]
		},
		"ground": {
			"translation": [4.75, 0, 0],
			"scale": [0.7, 0.7, 0.7]
		},
		"gui": {
			"rotation": [30, 132, 0],
			"translation": [-3, 2, 0],
			"scale": [0.7, 0.7, 0.7]
		},
		"head": {
			"translation": [10.5, 2.75, -0.25],
			"scale": [1.5, 1.5, 1.5]
		},
		"fixed": {
			"rotation": [-81, 0, 0],
			"translation": [8.25, 0, -5.5],
			"scale": [1.3, 1.3, 1.3]
		}
	},
	"groups": [
		{
			"name": "ALL",
			"origin": [21, 11, 13],
			"color": 0,
			"children": [
				{
					"name": "metal",
					"origin": [15, 15, 23],
					"color": 0,
					"children": [0, 1, 2, 3]
				},
				{
					"name": "leather",
					"origin": [11, 17, 13],
					"color": 0,
					"children": [4, 5, 6, 7, 8, 9, 10]
				}
			]
		}
	]
}