{
	"credit": "Made with Blockbench",
	"ambientocclusion": false,
	"textures": {
		"3": "block/potted_azalea_bush_plant",
		"4": "block/flower_pot",
		"5": "block/moss_block",
		"6": "block/potted_azalea_bush_side",
		"7": "block/flower_pot_hanging",
		"8": "block/potted_azalea_bush_top",
		"particle": "block/flower_pot"
	},
	"elements": [
		{
			"from": [5, 0, 5],
			"to": [11, 5, 11],
			"faces": {
				"north": {"uv": [1, 11, 7, 16], "texture": "#4"},
				"east": {"uv": [1, 11, 7, 16], "texture": "#4"},
				"south": {"uv": [1, 11, 7, 16], "texture": "#4"},
				"west": {"uv": [1, 11, 7, 16], "texture": "#4"},
				"up": {"uv": [5, 5, 11, 11], "texture": "#5"},
				"down": {"uv": [9, 2, 15, 8], "texture": "#4", "cullface": "down"}
			}
		},
		{
			"from": [3, 5.1, 8],
			"to": [13, 16.1, 8],
			"rotation": {"angle": 0, "axis": "y", "origin": [8, 0, 8]},
			"faces": {
				"north": {"uv": [4, 6, 12, 14], "texture": "#7", "cullface": "down"},
				"east": {"uv": [0, 6, 6, 10], "texture": "#missing", "cullface": "down"},
				"south": {"uv": [4, 6, 12, 14], "texture": "#7", "cullface": "down"},
				"west": {"uv": [0, 6, 6, 10], "texture": "#missing", "cullface": "down"},
				"up": {"uv": [0, 0, 6, 6], "rotation": 270, "texture": "#missing", "cullface": "down"},
				"down": {"uv": [1, 5, 7, 11], "rotation": 90, "texture": "#missing", "cullface": "down"}
			}
		},
		{
			"from": [4, 4, 4],
			"to": [12, 6, 5],
			"faces": {
				"north": {"uv": [0, 10, 8, 12], "texture": "#4"},
				"east": {"uv": [7, 10, 8, 12], "texture": "#4"},
				"south": {"uv": [0, 10, 8, 12], "texture": "#4"},
				"west": {"uv": [0, 10, 1, 12], "texture": "#4"},
				"up": {"uv": [0, 1, 8, 2], "texture": "#4"},
				"down": {"uv": [0, 1, 8, 2], "texture": "#4"}
			}
		},
		{
			"from": [4, 4, 11],
			"to": [12, 6, 12],
			"faces": {
				"north": {"uv": [0, 10, 8, 12], "texture": "#4"},
				"east": {"uv": [0, 10, 1, 12], "texture": "#4"},
				"south": {"uv": [0, 10, 8, 12], "texture": "#4"},
				"west": {"uv": [7, 10, 8, 12], "texture": "#4"},
				"up": {"uv": [0, 1, 8, 2], "texture": "#4"},
				"down": {"uv": [0, 1, 8, 2], "texture": "#4"}
			}
		},
		{
			"from": [11, 4, 5],
			"to": [12, 6, 11],
			"faces": {
				"north": {"uv": [0, 0, 1, 2], "texture": "#missing"},
				"east": {"uv": [1, 10, 7, 12], "texture": "#4"},
				"south": {"uv": [0, 0, 1, 2], "texture": "#missing"},
				"west": {"uv": [1, 10, 7, 12], "texture": "#4"},
				"up": {"uv": [0, 2, 1, 8], "texture": "#4"},
				"down": {"uv": [0, 2, 1, 8], "texture": "#4"}
			}
		},
		{
			"from": [4, 4, 5],
			"to": [5, 6, 11],
			"faces": {
				"north": {"uv": [0, 0, 1, 2], "texture": "#missing"},
				"east": {"uv": [1, 10, 7, 12], "texture": "#4"},
				"south": {"uv": [0, 0, 1, 2], "texture": "#missing"},
				"west": {"uv": [1, 10, 7, 12], "texture": "#4"},
				"up": {"uv": [7, 2, 8, 8], "texture": "#4"},
				"down": {"uv": [0, 2, 1, 8], "texture": "#4"}
			}
		},
		{
			"from": [4, 8, 12],
			"to": [12, 16, 12],
			"faces": {
				"north": {"uv": [12, 5, 4, 13], "texture": "#6"},
				"south": {"uv": [4, 5, 12, 13], "texture": "#6"}
			}
		},
		{
			"from": [4, 8, 4],
			"to": [12, 16, 4],
			"faces": {
				"north": {"uv": [4, 5, 12, 13], "texture": "#6"},
				"south": {"uv": [12, 5, 4, 13], "texture": "#6"}
			}
		},
		{
			"from": [4, 8, 4],
			"to": [4, 16, 12],
			"faces": {
				"east": {"uv": [12, 5, 4, 13], "texture": "#6"},
				"west": {"uv": [4, 5, 12, 13], "texture": "#6"}
			}
		},
		{
			"from": [12, 8, 4],
			"to": [12, 16, 12],
			"faces": {
				"east": {"uv": [4, 5, 12, 13], "texture": "#6"},
				"west": {"uv": [12, 5, 4, 13], "texture": "#6"}
			}
		},
		{
			"from": [2.6, 4, 8],
			"to": [13.4, 16, 8],
			"rotation": {"angle": 45, "axis": "y", "origin": [8, 8, 8], "rescale": true},
			"faces": {
				"north": {"uv": [0, 4, 16, 16], "texture": "#3"},
				"south": {"uv": [0, 4, 16, 16], "texture": "#3"}
			}
		},
		{
			"from": [8, 4, 2.6],
			"to": [8, 16, 13.4],
			"rotation": {"angle": 45, "axis": "y", "origin": [8, 8, 8], "rescale": true},
			"faces": {
				"east": {"uv": [0, 4, 16, 16], "texture": "#3"},
				"west": {"uv": [0, 4, 16, 16], "texture": "#3"}
			}
		},
		{
			"from": [4, 15.9, 4],
			"to": [12, 16, 12],
			"faces": {
				"up": {"uv": [4, 4, 12, 12], "texture": "#8", "cullface": "up"},
				"down": {"uv": [4, 12, 12, 4], "texture": "#8"}
			}
		}
	]
}