{
	"credit": "Made with Blockbench",
	"texture_size": [32, 32],
	"textures": {
		"1": "./butterfly1"
	},
	"elements": [
		{
			"from": [2, -0.5, 2],
			"to": [14, 0, 14],
			"rotation": {"angle": 0, "axis": "y", "origin": [8, 0, 8]},
			"faces": {
				"north": {"uv": [5.75, 0, 6, 6], "rotation": 90, "texture": "#1"},
				"east": {"uv": [0, 6, 6, 5.75], "texture": "#1"},
				"south": {"uv": [0, 6, 0.25, 0], "rotation": 90, "texture": "#1"},
				"west": {"uv": [6, 0, 0, 0.25], "texture": "#1"},
				"up": {"uv": [6, 6, 0, 0], "rotation": 90, "texture": "#1"},
				"down": {"uv": [6, 6, 0, 12], "rotation": 270, "texture": "#1"}
			}
		}
	],
	"display": {
		"thirdperson_righthand": {
			"rotation": [103, 180, 0],
			"translation": [-5.5, 2.5, 9.75]
		},
		"thirdperson_lefthand": {
			"rotation": [103, 180, 0],
			"translation": [-5.5, 2.5, 9.75]
		},
		"firstperson_righthand": {
			"rotation": [70, 180, -30],
			"translation": [-4, 6.5, 8],
			"scale": [0.8, 0.8, 0.8]
		},
		"firstperson_lefthand": {
			"rotation": [70, 180, -30],
			"translation": [-4, 6.5, 8],
			"scale": [0.8, 0.8, 0.8]
		},
		"ground": {
			"translation": [0, 5.75, 0]
		},
		"gui": {
			"rotation": [30, 225, 0],
			"translation": [0, 5.5, 0],
			"scale": [0.9, 0.9, 0.9]
		},
		"head": {
			"rotation": [-90, 0, 0],
			"translation": [0, 0.25, -18.75],
			"scale": [1.5, 1.5, 1.5]
		},
		"fixed": {
			"rotation": [-90, 0, 0],
			"translation": [0, 0, -24.5],
			"scale": [3, 3, 3]
		}
	}
}