{
	"credit": "Made with Blockbench",
	"texture_size": [32, 32],
	"textures": {
		"0": "./rogatiy_shield",
		"particle": "./rogatiy_shield"
	},
	"elements": [
		{
			"from": [5, 6, 8.5],
			"to": [12, 14, 9],
			"rotation": {"angle": 0, "axis": "y", "origin": [8.5, 8.86024, 8]},
			"faces": {
				"north": {"uv": [3.5, 0, 7, 4], "texture": "#0"},
				"east": {"uv": [3.5, 7, 3.75, 11], "texture": "#0"},
				"south": {"uv": [0, 0, 3.5, 4], "texture": "#0"},
				"west": {"uv": [3, 7, 3.25, 11], "texture": "#0"},
				"up": {"uv": [11.5, 1.25, 8, 1], "rotation": 180, "texture": "#0"},
				"down": {"uv": [11.5, 1.5, 8, 1.75], "rotation": 180, "texture": "#0"}
			}
		},
		{
			"from": [6, 3, 8.5],
			"to": [11, 6, 9],
			"rotation": {"angle": 0, "axis": "y", "origin": [8.5, 8.86024, 8]},
			"faces": {
				"north": {"uv": [2.5, 4, 5, 5.5], "texture": "#0"},
				"east": {"uv": [8.5, 8, 8.75, 9.5], "texture": "#0"},
				"south": {"uv": [0, 4, 2.5, 5.5], "texture": "#0"},
				"west": {"uv": [8.5, 6.5, 8.75, 8], "texture": "#0"},
				"up": {"uv": [10.5, 3.25, 8, 3], "rotation": 180, "texture": "#0"},
				"down": {"uv": [10.5, 3.5, 8, 3.75], "rotation": 180, "texture": "#0"}
			}
		},
		{
			"from": [9.5, 14, 6.5],
			"to": [11.5, 18, 8.5],
			"rotation": {"angle": 0, "axis": "y", "origin": [8.5, 8.86024, 8]},
			"faces": {
				"north": {"uv": [4.5, 5.5, 5.5, 7.5], "texture": "#0"},
				"east": {"uv": [4.5, 5.5, 5.5, 7.5], "texture": "#0"},
				"south": {"uv": [4.5, 5.5, 5.5, 7.5], "texture": "#0"},
				"west": {"uv": [4.5, 5.5, 5.5, 7.5], "texture": "#0"},
				"up": {"uv": [8, 4, 7, 3], "rotation": 180, "texture": "#0"},
				"down": {"uv": [5, 7.5, 4, 8.5], "rotation": 180, "texture": "#0"}
			}
		},
		{
			"from": [5.5, 14, 6.5],
			"to": [7.5, 18, 8.5],
			"rotation": {"angle": 0, "axis": "y", "origin": [8.5, 8.86024, 8]},
			"faces": {
				"north": {"uv": [4.5, 5.5, 5.5, 7.5], "texture": "#0"},
				"east": {"uv": [4.5, 5.5, 5.5, 7.5], "texture": "#0"},
				"south": {"uv": [4.5, 5.5, 5.5, 7.5], "texture": "#0"},
				"west": {"uv": [4.5, 5.5, 5.5, 7.5], "texture": "#0"},
				"up": {"uv": [8, 4, 7, 3], "rotation": 180, "texture": "#0"},
				"down": {"uv": [5, 7.5, 4, 8.5], "rotation": 180, "texture": "#0"}
			}
		},
		{
			"from": [9.5, 12, 7.5],
			"to": [11.5, 14, 8.5],
			"rotation": {"angle": 0, "axis": "y", "origin": [8.5, 8.86024, 8]},
			"faces": {
				"north": {"uv": [7.5, 6, 8.5, 7], "texture": "#0"},
				"east": {"uv": [4, 8.5, 4.5, 9.5], "texture": "#0"},
				"south": {"uv": [7.5, 5, 8.5, 6], "texture": "#0"},
				"west": {"uv": [8, 8, 8.5, 9], "texture": "#0"},
				"up": {"uv": [9.5, 4.5, 8.5, 4], "rotation": 180, "texture": "#0"},
				"down": {"uv": [5.5, 8.5, 4.5, 9], "rotation": 180, "texture": "#0"}
			}
		},
		{
			"from": [5.5, 12, 7.5],
			"to": [7.5, 14, 8.5],
			"rotation": {"angle": 0, "axis": "y", "origin": [8.5, 8.86024, 8]},
			"faces": {
				"north": {"uv": [4, 7.5, 5, 8.5], "texture": "#0"},
				"east": {"uv": [4, 9.5, 4.5, 8.5], "texture": "#0"},
				"south": {"uv": [4, 8.5, 5, 7.5], "texture": "#0"},
				"west": {"uv": [4, 8.5, 4.5, 9.5], "texture": "#0"},
				"up": {"uv": [9.5, 6, 8.5, 5.5], "rotation": 180, "texture": "#0"},
				"down": {"uv": [4.5, 8.5, 5.5, 9], "rotation": 180, "texture": "#0"}
			}
		},
		{
			"from": [5, 14, 9],
			"to": [12, 15, 9],
			"rotation": {"angle": 0, "axis": "y", "origin": [8.5, 8.86024, 8]},
			"faces": {
				"north": {"uv": [10.5, 2, 7, 2.5], "texture": "#0"},
				"east": {"uv": [16, 15.5, 16, 16], "texture": "#0"},
				"south": {"uv": [7, 2, 10.5, 2.5], "texture": "#0"},
				"west": {"uv": [16, 15.5, 16, 16], "texture": "#0"},
				"up": {"uv": [16, 16, 12.5, 16], "rotation": 180, "texture": "#0"},
				"down": {"uv": [16, 16, 12.5, 16], "rotation": 180, "texture": "#0"}
			}
		},
		{
			"from": [7, 0.9186, 11.20558],
			"to": [10, 3.9186, 11.20558],
			"rotation": {"angle": 22.5, "axis": "x", "origin": [8.5, 8.86024, 8]},
			"faces": {
				"north": {"uv": [6.5, 4, 5, 5.5], "texture": "#0"},
				"east": {"uv": [16, 14.5, 16, 16], "texture": "#0"},
				"south": {"uv": [5, 4, 6.5, 5.5], "texture": "#0"},
				"west": {"uv": [16, 14.5, 16, 16], "texture": "#0"},
				"up": {"uv": [16, 16, 14.5, 16], "rotation": 180, "texture": "#0"},
				"down": {"uv": [16, 16, 16, 16], "rotation": 180, "texture": "#0"}
			}
		},
		{
			"from": [8, 8, 5.5],
			"to": [9, 11, 8.5],
			"rotation": {"angle": 0, "axis": "y", "origin": [8.5, 8.86024, 8]},
			"faces": {
				"north": {"uv": [6.5, 8, 7, 9.5], "texture": "#0"},
				"east": {"uv": [3, 5.5, 4.5, 7], "texture": "#0"},
				"south": {"uv": [6, 7.5, 6.5, 9], "texture": "#0"},
				"west": {"uv": [4.5, 5.5, 3, 7], "texture": "#0"},
				"up": {"uv": [7.5, 9.5, 7, 8], "rotation": 180, "texture": "#0"},
				"down": {"uv": [8, 8, 7.5, 9.5], "rotation": 180, "texture": "#0"}
			}
		}
	],
	"display": {
		"thirdperson_righthand": {
			"rotation": [65, 130, 0],
			"translation": [2.25, -1.75, 1.25],
			"scale": [1.8, 1.8, 1.8]
		},
		"thirdperson_lefthand": {
			"rotation": [65, 130, 0],
			"translation": [1.25, -0.25, 0.5],
			"scale": [1.8, 1.8, 1.8]
		},
		"firstperson_righthand": {
			"rotation": [13, 180, 1],
			"translation": [-4, -6.75, -3.75],
			"scale": [1.8, 1.8, 1.8]
		},
		"firstperson_lefthand": {
			"rotation": [11, 180, 1],
			"translation": [-6, -6.75, -3.75],
			"scale": [1.8, 1.8, 1.8]
		},
		"ground": {
			"rotation": [90, 180, 0],
			"translation": [0, -0.75, -1]
		},
		"gui": {
			"rotation": [10, -45, -5],
			"translation": [0, -2, -10]
		},
		"head": {
			"rotation": [0, -180, 50],
			"translation": [0, -17.25, 5.5],
			"scale": [3, 3, 3]
		},
		"fixed": {
			"rotation": [0, 180, 0],
			"translation": [1.5, -5, 1.5],
			"scale": [3, 3, 3]
		}
	},
	"groups": [
		{
			"name": "group",
			"origin": [-1, 0, -1],
			"color": 0,
			"children": [0, 1, 2, 3, 4, 5, 6, 7, 8]
		}
	]
}