{
	"credit": "Made with Blockbench",
	"texture_size": [32, 32],
	"textures": {
		"0": "./hover_bttf",
		"particle": "./hover_bttf"
	},
	"elements": [
		{
			"from": [4, 0, 0.5],
			"to": [11, 1, 15.5],
			"faces": {
				"north": {"uv": [7, 3, 10.5, 3.5], "texture": "#0"},
				"east": {"uv": [7, 0, 14.5, 0.5], "texture": "#0"},
				"south": {"uv": [7, 3.5, 10.5, 4], "texture": "#0"},
				"west": {"uv": [7, 0.5, 14.5, 1], "texture": "#0"},
				"up": {"uv": [3.5, 7.5, 0, 0], "texture": "#0"},
				"down": {"uv": [7, 0, 3.5, 7.5], "texture": "#0"}
			}
		},
		{
			"from": [5, 0, 15.5],
			"to": [10, 1, 16.5],
			"faces": {
				"north": {"uv": [7, 5, 9.5, 5.5], "texture": "#0"},
				"east": {"uv": [1, 7.5, 1.5, 8], "texture": "#0"},
				"south": {"uv": [7, 5.5, 9.5, 6], "texture": "#0"},
				"west": {"uv": [1.5, 7.5, 2, 8], "texture": "#0"},
				"up": {"uv": [9.5, 6.5, 7, 6], "texture": "#0"},
				"down": {"uv": [9.5, 6.5, 7, 7], "texture": "#0"}
			}
		},
		{
			"from": [4.5, 0, -3.5],
			"to": [10.5, 1, 0.5],
			"rotation": {"angle": 22.5, "axis": "x", "origin": [0, 0, 0]},
			"faces": {
				"north": {"uv": [3, 11, 6, 11.5], "texture": "#0"},
				"east": {"uv": [7, 12, 9, 12.5], "texture": "#0"},
				"south": {"uv": [6, 11, 9, 11.5], "texture": "#0"},
				"west": {"uv": [7, 11.5, 9, 12], "texture": "#0"},
				"up": {"uv": [3, 9, 6, 11], "texture": "#0"},
				"down": {"uv": [6, 9, 9, 11], "texture": "#0"}
			}
		}
	],
	"display": {
		"thirdperson_righthand": {
			"rotation": [-90, 0, -90],
			"translation": [10.5, 4.5, 1.75],
			"scale": [1.4, 1.4, 1.4]
		},
		"thirdperson_lefthand": {
			"rotation": [90, 0, 90],
			"translation": [-10.25, 2.25, 0.75],
			"scale": [1.4, 1.4, 1.4]
		},
		"firstperson_righthand": {
			"rotation": [90, -13, 90],
			"translation": [-8, 5, 4.25],
			"scale": [0.6, 0.6, 0.6]
		},
		"firstperson_lefthand": {
			"rotation": [90, -13, 90],
			"translation": [-8, 5, 4.25],
			"scale": [0.6, 0.6, 0.6]
		},
		"ground": {
			"translation": [0, 8, 0],
			"scale": [1.5, 1.5, 1.5]
		},
		"gui": {
			"rotation": [89, 44, -46],
			"translation": [4.25, 2.5, 0],
			"scale": [0.9, 0.9, 0.9]
		},
		"head": {
			"rotation": [0, 180, 0],
			"translation": [0, 21.5, 0.75],
			"scale": [2, 2, 2]
		},
		"fixed": {
			"rotation": [-90, 0, 0],
			"translation": [1, 1.5, -16],
			"scale": [2.2, 2.2, 2.2]
		}
	}
}