{
	"credit": "Made with Blockbench",
	"texture_size": [32, 32],
	"textures": {
		"0": "./hover_b",
		"particle": "./hover_b"
	},
	"elements": [
		{
			"from": [5, 0, 1],
			"to": [11, 1, 15],
			"faces": {
				"north": {"uv": [6, 1, 9, 1.5], "texture": "#0"},
				"east": {"uv": [6, 0, 13, 0.5], "texture": "#0"},
				"south": {"uv": [6, 1.5, 9, 2], "texture": "#0"},
				"west": {"uv": [6, 0.5, 13, 1], "texture": "#0"},
				"up": {"uv": [3, 7, 0, 0], "texture": "#0"},
				"down": {"uv": [6, 0, 3, 7], "texture": "#0"}
			}
		},
		{
			"from": [6, 0, 0],
			"to": [10, 1, 1],
			"faces": {
				"north": {"uv": [6, 4, 8, 4.5], "texture": "#0"},
				"east": {"uv": [6.5, 6, 7, 6.5], "texture": "#0"},
				"south": {"uv": [6, 4.5, 8, 5], "texture": "#0"},
				"west": {"uv": [6.5, 6.5, 7, 7], "texture": "#0"},
				"up": {"uv": [8, 5.5, 6, 5], "texture": "#0"},
				"down": {"uv": [8, 5.5, 6, 6], "texture": "#0"}
			}
		},
		{
			"from": [6, 0, 15],
			"to": [10, 1, 16],
			"faces": {
				"north": {"uv": [6, 2, 8, 2.5], "texture": "#0"},
				"east": {"uv": [6, 6, 6.5, 6.5], "texture": "#0"},
				"south": {"uv": [6, 2.5, 8, 3], "texture": "#0"},
				"west": {"uv": [6, 6.5, 6.5, 7], "texture": "#0"},
				"up": {"uv": [8, 3.5, 6, 3], "texture": "#0"},
				"down": {"uv": [8, 3.5, 6, 4], "texture": "#0"}
			}
		},
		{
			"from": [7, -4, 3],
			"to": [9, 0, 6],
			"faces": {
				"north": {"uv": [8.5, 10.5, 9.5, 12.5], "texture": "#0"},
				"east": {"uv": [9.5, 7.5, 11, 9.5], "texture": "#0"},
				"south": {"uv": [10, 11.5, 11, 13.5], "texture": "#0"},
				"west": {"uv": [12.5, 9.5, 14, 11.5], "texture": "#0"},
				"up": {"uv": [13.5, 7.5, 14.5, 9], "texture": "#0"},
				"down": {"uv": [11, 4.5, 12, 6], "texture": "#0"}
			}
		},
		{
			"from": [7, -4, 10],
			"to": [9, 0, 13],
			"faces": {
				"north": {"uv": [8.5, 10.5, 9.5, 12.5], "texture": "#0"},
				"east": {"uv": [9.5, 7.5, 11, 9.5], "texture": "#0"},
				"south": {"uv": [10, 11.5, 11, 13.5], "texture": "#0"},
				"west": {"uv": [12.5, 9.5, 14, 11.5], "texture": "#0"},
				"up": {"uv": [13.5, 7.5, 14.5, 9], "texture": "#0"},
				"down": {"uv": [11, 4.5, 12, 6], "texture": "#0"}
			}
		}
	],
	"display": {
		"thirdperson_righthand": {
			"rotation": [90, 0, -90],
			"translation": [10.5, 2.25, 0.75],
			"scale": [1.4, 1.4, 1.4]
		},
		"thirdperson_lefthand": {
			"rotation": [90, 0, 90],
			"translation": [-10.25, 2.25, 0.75],
			"scale": [1.4, 1.4, 1.4]
		},
		"firstperson_righthand": {
			"rotation": [90, 0, 90],
			"translation": [-9, 3.25, 0.75],
			"scale": [1.2, 1.2, 1.2]
		},
		"firstperson_lefthand": {
			"rotation": [90, 0, 90],
			"translation": [-9, 3.25, 0.75],
			"scale": [1.2, 1.2, 1.2]
		},
		"ground": {
			"translation": [0, 8, 0],
			"scale": [1.5, 1.5, 1.5]
		},
		"gui": {
			"rotation": [90, 44, -46],
			"translation": [4.25, 4, 0],
			"scale": [1.1, 1.1, 1.1]
		},
		"head": {
			"translation": [0, 21.5, 0.75],
			"scale": [2, 2, 2]
		},
		"fixed": {
			"rotation": [-90, 39, 0],
			"translation": [0, 0, -14.75],
			"scale": [2, 2, 2]
		}
	}
}