{
	"credit": "Made with Blockbench",
	"textures": {
		"0": "./alien",
		"particle": "./alien"
	},
	"elements": [
		{
			"from": [0, 13, 5.8],
			"to": [2, 21, 9.8],
			"rotation": {"angle": 0, "axis": "y", "origin": [0, 3, 0]},
			"faces": {
				"north": {"uv": [1, 8, 0, 12.5], "texture": "#0"},
				"east": {"uv": [0, 3.5, 2, 8], "texture": "#0"},
				"south": {"uv": [0, 8, 1, 12.5], "texture": "#0"},
				"west": {"uv": [1, 8, 3, 12.5], "texture": "#0"},
				"up": {"uv": [0, 7.5, 2, 8], "texture": "#0"},
				"down": {"uv": [0, 7.5, 2, 8], "texture": "#0"}
			}
		},
		{
			"from": [-0.2, 13.9, 2.8],
			"to": [1.8, 20.9, 4.8],
			"rotation": {"angle": 22.5, "axis": "x", "origin": [5, 15, 4.9]},
			"faces": {
				"north": {"uv": [14, 12.5, 15, 16], "texture": "#0"},
				"east": {"uv": [15, 16, 16, 12.5], "texture": "#0"},
				"south": {"uv": [13, 12.5, 14, 16], "texture": "#0"},
				"west": {"uv": [16, 16, 15, 12.5], "texture": "#0"},
				"up": {"uv": [14, 13.5, 13, 12.5], "texture": "#0"},
				"down": {"uv": [14, 13, 15, 12.5], "texture": "#0"}
			}
		},
		{
			"from": [-0.51482, 14.1, 10.71119],
			"to": [2.48518, 17.1, 13.71119],
			"rotation": {"angle": -22.5, "axis": "x", "origin": [-4.01482, 14.9, 16.21119]},
			"faces": {
				"north": {"uv": [11.5, 14.5, 12, 16], "texture": "#0"},
				"east": {"uv": [13, 14.5, 11.5, 16], "texture": "#0"},
				"south": {"uv": [11.5, 13, 13, 14.5], "texture": "#0"},
				"west": {"uv": [11.5, 14.5, 13, 16], "texture": "#0"},
				"up": {"uv": [10, 13, 11.5, 14.5], "rotation": 180, "texture": "#0"},
				"down": {"uv": [10, 14.5, 11.5, 16], "rotation": 180, "texture": "#0"}
			}
		},
		{
			"from": [-0.01482, 16.1, 11.21119],
			"to": [1.98518, 23.1, 13.21119],
			"rotation": {"angle": -22.5, "axis": "x", "origin": [-4.01482, 14.9, 16.21119]},
			"faces": {
				"north": {"uv": [13, 12.5, 14, 16], "texture": "#0"},
				"east": {"uv": [16, 16, 15, 12.5], "texture": "#0"},
				"south": {"uv": [14, 12.5, 15, 16], "texture": "#0"},
				"west": {"uv": [15, 16, 16, 12.5], "texture": "#0"},
				"up": {"uv": [14, 13.5, 13, 12.5], "rotation": 180, "texture": "#0"},
				"down": {"uv": [14, 13, 15, 12.5], "rotation": 180, "texture": "#0"}
			}
		},
		{
			"from": [-1, 20.4, 6.3],
			"to": [4, 25.4, 11.3],
			"rotation": {"angle": 22.5, "axis": "x", "origin": [1.5, 23.5, 7.7]},
			"faces": {
				"north": {"uv": [8, 0, 5, 3], "texture": "#0"},
				"east": {"uv": [2, 0, 5, 3], "texture": "#0"},
				"south": {"uv": [5, 0, 8, 3], "texture": "#0"},
				"west": {"uv": [2, 3, 5, 6], "texture": "#0"},
				"up": {"uv": [8, 0, 11, 3], "texture": "#0"},
				"down": {"uv": [11, 0, 14, 3], "texture": "#0"}
			}
		},
		{
			"from": [-2, 12.8, 6],
			"to": [6, 14.8, 8],
			"rotation": {"angle": 22.5, "axis": "y", "origin": [-2, 12.8, 0]},
			"faces": {
				"north": {"uv": [16, 11, 11.5, 12], "texture": "#0"},
				"east": {"uv": [12, 12, 13, 13], "texture": "#0"},
				"south": {"uv": [11.5, 11, 16, 12], "texture": "#0"},
				"west": {"uv": [11.5, 11, 12, 12], "texture": "#0"},
				"up": {"uv": [11.5, 11, 16, 11.5], "texture": "#0"},
				"down": {"uv": [11.5, 11.5, 16, 12], "texture": "#0"}
			}
		},
		{
			"from": [8.96033, 11.5, 9.63726],
			"to": [8.96033, 16.5, 12.63726],
			"rotation": {"angle": -22.5, "axis": "y", "origin": [5.96033, 13.9, 8.98726]},
			"faces": {
				"north": {"uv": [7.5, 12.5, 9.5, 15.5], "texture": "#0"},
				"east": {"uv": [9.5, 12.5, 7.5, 15.5], "texture": "#0"},
				"south": {"uv": [7.5, 12.5, 9.5, 15.5], "texture": "#0"},
				"west": {"uv": [9.5, 12.5, 7.5, 15.5], "texture": "#0"},
				"up": {"uv": [7.5, 12.5, 9.5, 15.5], "texture": "#0"},
				"down": {"uv": [7.5, 12.5, 9.5, 15.5], "texture": "#0"}
			}
		},
		{
			"from": [0.96033, 12.8, 9.83726],
			"to": [8.96033, 14.8, 11.83726],
			"rotation": {"angle": -22.5, "axis": "y", "origin": [5.96033, 13.9, 8.98726]},
			"faces": {
				"north": {"uv": [16, 11, 11.5, 12], "texture": "#0"},
				"east": {"uv": [12, 12, 13, 13], "texture": "#0"},
				"south": {"uv": [11.5, 11, 16, 12], "texture": "#0"},
				"west": {"uv": [11.5, 11, 12, 12], "texture": "#0"},
				"up": {"uv": [11.5, 11, 16, 11.5], "texture": "#0"},
				"down": {"uv": [11.5, 11.5, 16, 12], "texture": "#0"}
			}
		},
		{
			"from": [6, 11.5, 5.8],
			"to": [6, 16.5, 8.8],
			"rotation": {"angle": 22.5, "axis": "y", "origin": [-2, 12.8, 0]},
			"faces": {
				"north": {"uv": [7.5, 12.5, 9.5, 15.5], "texture": "#0"},
				"east": {"uv": [7.5, 12.5, 9.5, 15.5], "texture": "#0"},
				"south": {"uv": [7.5, 12.5, 9.5, 15.5], "texture": "#0"},
				"west": {"uv": [7.5, 12.5, 9.5, 15.5], "texture": "#0"},
				"up": {"uv": [7.5, 12.5, 9.5, 15.5], "texture": "#0"},
				"down": {"uv": [7.5, 12.5, 9.5, 15.5], "texture": "#0"}
			}
		},
		{
			"from": [2, 24.2, 7.8],
			"to": [2, 31.2, 9.8],
			"rotation": {"angle": 22.5, "axis": "x", "origin": [2, 30.4, 5.2]},
			"faces": {
				"north": {"uv": [1, 0, 2, 3.5], "texture": "#0"},
				"east": {"uv": [1, 0, 2, 3.5], "texture": "#0"},
				"south": {"uv": [1, 0, 2, 3.5], "texture": "#0"},
				"west": {"uv": [2, 0, 1, 3.5], "texture": "#0"},
				"up": {"uv": [1, 0, 2, 3.5], "texture": "#0"},
				"down": {"uv": [1, 0, 2, 3.5], "texture": "#0"}
			}
		},
		{
			"from": [2, 23.4, 4],
			"to": [2, 25.4, 11],
			"rotation": {"angle": -45, "axis": "x", "origin": [2, 30.4, 10.2]},
			"faces": {
				"north": {"uv": [0, 0, 1, 3.5], "rotation": 180, "texture": "#0"},
				"east": {"uv": [0, 0, 1, 3.5], "rotation": 270, "texture": "#0"},
				"south": {"uv": [0, 0, 1, 3.5], "texture": "#0"},
				"west": {"uv": [1, 0, 0, 3.5], "rotation": 90, "texture": "#0"},
				"up": {"uv": [0, 0, 1, 3.5], "rotation": 180, "texture": "#0"},
				"down": {"uv": [0, 0, 1, 3.5], "texture": "#0"}
			}
		},
		{
			"from": [-0.7, 11.9, 2.3],
			"to": [2.3, 14.9, 5.3],
			"rotation": {"angle": 22.5, "axis": "x", "origin": [5, 15, 4.9]},
			"faces": {
				"north": {"uv": [11.5, 13, 13, 14.5], "texture": "#0"},
				"east": {"uv": [11.5, 14.5, 13, 16], "texture": "#0"},
				"south": {"uv": [11.5, 14.5, 12, 16], "texture": "#0"},
				"west": {"uv": [13, 14.5, 11.5, 16], "texture": "#0"},
				"up": {"uv": [10, 13, 11.5, 14.5], "texture": "#0"},
				"down": {"uv": [10, 14.5, 11.5, 16], "texture": "#0"}
			}
		}
	],
	"display": {
		"thirdperson_righthand": {
			"rotation": [-159.04, 9.48, -176.03],
			"translation": [-8.25, -4.5, -3.75]
		},
		"thirdperson_lefthand": {
			"translation": [-8.25, -7.25, 0]
		},
		"firstperson_righthand": {
			"rotation": [180, -6, 180],
			"translation": [0, -7.25, 0]
		},
		"firstperson_lefthand": {
			"translation": [0, -7.5, 0]
		},
		"gui": {
			"rotation": [30, 225, 0],
			"translation": [-2.5, -9, 0],
			"scale": [0.8, 0.8, 0.8]
		},
		"head": {
			"rotation": [-180, 87.5, -180],
			"translation": [0, 2.25, -4]
		},
		"fixed": {
			"rotation": [-88.75, 0.08, 3.75],
			"translation": [8, 0, 12],
			"scale": [2.5, 2.5, 2.5]
		}
	}
}