{
	"credit": "Made with Blockbench",
	"texture_size": [64, 64],
	"textures": {
		"3": "./zarif_hat",
		"particle": "./zarif_hat"
	},
	"elements": [
		{
			"from": [1, 0, 1],
			"to": [15, 8, 15],
			"faces": {
				"north": {"uv": [3.5, 0, 7, 2], "texture": "#3"},
				"east": {"uv": [3.5, 2, 7, 4], "texture": "#3"},
				"south": {"uv": [3.5, 4, 7, 6], "texture": "#3"},
				"west": {"uv": [3.5, 6, 7, 8], "texture": "#3"},
				"up": {"uv": [3.5, 3.5, 0, 0], "texture": "#3"},
				"down": {"uv": [3.5, 3.5, 0, 7], "texture": "#3"}
			}
		},
		{
			"from": [4, 4, 3],
			"to": [12, 9, 13],
			"rotation": {"angle": 22.5, "axis": "x", "origin": [4, 8, 11]},
			"faces": {
				"north": {"uv": [7, 5, 9, 6.25], "texture": "#3"},
				"east": {"uv": [7, 2.5, 9.5, 3.75], "texture": "#3"},
				"south": {"uv": [7, 6.25, 9, 7.5], "texture": "#3"},
				"west": {"uv": [7, 3.75, 9.5, 5], "texture": "#3"},
				"up": {"uv": [2, 9.5, 0, 7], "texture": "#3"},
				"down": {"uv": [9, 0, 7, 2.5], "texture": "#3"}
			}
		},
		{
			"from": [6, 9, 9],
			"to": [10, 11, 12],
			"rotation": {"angle": 22.5, "axis": "x", "origin": [4, 8, 11]},
			"faces": {
				"north": {"uv": [8.25, 8.25, 9.25, 8.75], "texture": "#3"},
				"east": {"uv": [5.75, 8.75, 6.5, 9.25], "texture": "#3"},
				"south": {"uv": [4.75, 8.75, 5.75, 9.25], "texture": "#3"},
				"west": {"uv": [6.5, 8.75, 7.25, 9.25], "texture": "#3"},
				"up": {"uv": [7, 8.75, 6, 8], "texture": "#3"},
				"down": {"uv": [9.25, 7.5, 8.25, 8.25], "texture": "#3"}
			}
		},
		{
			"from": [5.5, 5.4, 0.5],
			"to": [10.5, 10.4, 3.5],
			"faces": {
				"north": {"uv": [2, 7, 3.25, 8.25], "texture": "#3"},
				"east": {"uv": [3.25, 8, 4, 9.25], "texture": "#3"},
				"south": {"uv": [7, 7.5, 8.25, 8.75], "texture": "#3"},
				"west": {"uv": [4, 8, 4.75, 9.25], "texture": "#3"},
				"up": {"uv": [6, 8.75, 4.75, 8], "texture": "#3"},
				"down": {"uv": [3.25, 8.25, 2, 9], "texture": "#3"}
			}
		}
	],
	"display": {
		"thirdperson_righthand": {
			"rotation": [66.75, 0, 0],
			"translation": [1.5, 0, 1]
		},
		"thirdperson_lefthand": {
			"rotation": [68.5, 0, 0],
			"translation": [1.75, 0, 0]
		},
		"firstperson_righthand": {
			"translation": [4.75, 2, 0]
		},
		"firstperson_lefthand": {
			"translation": [6, 2.75, -1]
		},
		"ground": {
			"translation": [0, 5.25, 0]
		},
		"head": {
			"translation": [0, 15.25, 0],
			"scale": [1.7, 1.7, 1.7]
		},
		"fixed": {
			"translation": [0, 2, 0]
		}
	}
}