{
	"credit": "Made with Blockbench",
	"texture_size": [32, 32],
	"textures": {
		"0": "./shizlong_overlay",
		"1": "./shizlong_cloth",
		"particle": "./shizlong_overlay"
	},
	"elements": [
		{
			"from": [4, 4, -1],
			"to": [6, 6, 16],
			"rotation": {"angle": 0, "axis": "y", "origin": [0, 4, 0]},
			"faces": {
				"north": {"uv": [6.5, 0, 7, 0.5], "texture": "#0"},
				"east": {"uv": [2.25, 0, 6.5, 0.5], "texture": "#0"},
				"south": {"uv": [6.5, 0.5, 7, 1], "texture": "#0"},
				"west": {"uv": [2.25, 0.5, 6.5, 1], "texture": "#0"},
				"up": {"uv": [1.75, 4.25, 1.25, 0], "texture": "#0"},
				"down": {"uv": [2.25, 0, 1.75, 4.25], "texture": "#0"}
			}
		},
		{
			"from": [19, 4, -1],
			"to": [21, 6, 16],
			"rotation": {"angle": 0, "axis": "y", "origin": [0, 4, 0]},
			"faces": {
				"north": {"uv": [7, 0, 6.5, 0.5], "texture": "#0"},
				"east": {"uv": [2.25, 0.5, 6.5, 1], "texture": "#0"},
				"south": {"uv": [7, 0.5, 6.5, 1], "texture": "#0"},
				"west": {"uv": [2.25, 0, 6.5, 0.5], "texture": "#0"},
				"up": {"uv": [1.25, 4.25, 1.75, 0], "texture": "#0"},
				"down": {"uv": [1.75, 0, 2.25, 4.25], "texture": "#0"}
			}
		},
		{
			"from": [17, 13, 14],
			"to": [19, 32, 15],
			"rotation": {"angle": -22.5, "axis": "z", "origin": [0, 4, 0]},
			"faces": {
				"north": {"uv": [1, 0, 0.5, 4.75], "texture": "#0"},
				"east": {"uv": [0.75, 0, 1, 4.75], "texture": "#0"},
				"south": {"uv": [0.5, 0, 0, 4.75], "texture": "#0"},
				"west": {"uv": [1, 0, 1.25, 4.75], "texture": "#0"},
				"up": {"uv": [0, 4.5, 0.5, 4.25], "texture": "#0"},
				"down": {"uv": [0.5, 4.5, 0, 4.75], "texture": "#0"}
			}
		},
		{
			"from": [1, 10, 15],
			"to": [22, 11, 17],
			"rotation": {"angle": 0, "axis": "y", "origin": [0, 4, 0]},
			"faces": {
				"north": {"uv": [7.5, 2.25, 2.25, 2.5], "texture": "#0"},
				"east": {"uv": [7, 1, 7.5, 1.25], "texture": "#0"},
				"south": {"uv": [7.5, 2, 2.25, 2.25], "texture": "#0"},
				"west": {"uv": [7, 1.25, 7.5, 1.5], "texture": "#0"},
				"up": {"uv": [7.5, 1, 2.25, 1.5], "texture": "#0"},
				"down": {"uv": [7.5, 2, 2.25, 1.5], "texture": "#0"}
			}
		},
		{
			"from": [1, 10, -2],
			"to": [22, 11, 0],
			"rotation": {"angle": 0, "axis": "y", "origin": [0, 4, 0]},
			"faces": {
				"north": {"uv": [2.25, 2, 7.5, 2.25], "texture": "#0"},
				"east": {"uv": [7, 1, 7.5, 1.25], "texture": "#0"},
				"south": {"uv": [2.25, 2.25, 7.5, 2.5], "texture": "#0"},
				"west": {"uv": [7, 1, 7.5, 1.25], "texture": "#0"},
				"up": {"uv": [7.5, 1.5, 2.25, 1], "texture": "#0"},
				"down": {"uv": [7.5, 1.5, 2.25, 2], "texture": "#0"}
			}
		},
		{
			"from": [17, 13, 0],
			"to": [19, 32, 1],
			"rotation": {"angle": -22.5, "axis": "z", "origin": [0, 4, 0]},
			"faces": {
				"north": {"uv": [0, 0, 0.5, 4.75], "texture": "#0"},
				"east": {"uv": [0.75, 0, 1, 4.75], "texture": "#0"},
				"south": {"uv": [0.5, 0, 1, 4.75], "texture": "#0"},
				"west": {"uv": [1, 0, 1.25, 4.75], "texture": "#0"},
				"up": {"uv": [0, 4.5, 0.5, 4.25], "texture": "#0"},
				"down": {"uv": [0.5, 4.5, 0, 4.75], "texture": "#0"}
			}
		},
		{
			"from": [7, -1, 16],
			"to": [9, 10, 17],
			"rotation": {"angle": 0, "axis": "y", "origin": [0, 4, 0]},
			"faces": {
				"north": {"uv": [1.25, 4.25, 1.75, 7], "texture": "#0"},
				"east": {"uv": [1.25, 4.25, 1.5, 7], "texture": "#0"},
				"south": {"uv": [1.75, 4.25, 1.25, 7], "texture": "#0"},
				"west": {"uv": [1.5, 4.25, 1.75, 7], "texture": "#0"},
				"up": {"uv": [1.75, 6.75, 1.25, 6.5], "texture": "#0"},
				"down": {"uv": [1.75, 6.75, 1.25, 7], "texture": "#0"}
			}
		},
		{
			"from": [7, -1, -2],
			"to": [9, 10, -1],
			"rotation": {"angle": 0, "axis": "y", "origin": [0, 4, 0]},
			"faces": {
				"north": {"uv": [1.25, 4.25, 1.75, 7], "texture": "#0"},
				"east": {"uv": [1.25, 4.25, 1.5, 7], "texture": "#0"},
				"south": {"uv": [1.75, 4.25, 1.25, 7], "texture": "#0"},
				"west": {"uv": [1.5, 4.25, 1.75, 7], "texture": "#0"},
				"up": {"uv": [1.75, 6.75, 1.25, 6.5], "texture": "#0"},
				"down": {"uv": [1.75, 6.75, 1.25, 7], "texture": "#0"}
			}
		},
		{
			"from": [6, 4, 15],
			"to": [19, 6, 16],
			"rotation": {"angle": 0, "axis": "y", "origin": [0, 4, 0]},
			"faces": {
				"north": {"uv": [2.25, 2.5, 5.5, 3], "texture": "#0"},
				"east": {"uv": [5.25, 2.5, 5.5, 3], "texture": "#0"},
				"south": {"uv": [5.5, 2.5, 2.25, 3], "texture": "#0"},
				"west": {"uv": [5.25, 2.5, 5.5, 3], "texture": "#0"},
				"up": {"uv": [5.5, 3.25, 2.25, 3], "texture": "#0"},
				"down": {"uv": [5.5, 3.25, 2.25, 3.5], "texture": "#0"}
			}
		},
		{
			"from": [6, 4, -1],
			"to": [19, 6, 0],
			"rotation": {"angle": 0, "axis": "y", "origin": [0, 4, 0]},
			"faces": {
				"north": {"uv": [2.25, 2.5, 5.5, 3], "texture": "#0"},
				"east": {"uv": [5.25, 2.5, 5.5, 3], "texture": "#0"},
				"south": {"uv": [5.5, 2.5, 2.25, 3], "texture": "#0"},
				"west": {"uv": [5.25, 2.5, 5.5, 3], "texture": "#0"},
				"up": {"uv": [5.5, 3.25, 2.25, 3], "texture": "#0"},
				"down": {"uv": [5.5, 3.25, 2.25, 3.5], "texture": "#0"}
			}
		},
		{
			"from": [18, 28, 1],
			"to": [19, 30, 14],
			"rotation": {"angle": -22.5, "axis": "z", "origin": [0, 4, 0]},
			"faces": {
				"north": {"uv": [5, 3.5, 5.5, 4], "texture": "#0"},
				"east": {"uv": [2.25, 3.5, 5.5, 4], "texture": "#0"},
				"south": {"uv": [2.25, 3.5, 2.75, 4], "texture": "#0"},
				"west": {"uv": [2.25, 3.5, 5.5, 4], "texture": "#0"},
				"up": {"uv": [5.5, 3.75, 2.25, 3.5], "rotation": 90, "texture": "#0"},
				"down": {"uv": [2.25, 4, 5.5, 3.75], "rotation": 90, "texture": "#0"}
			}
		},
		{
			"from": [16, -8.1, -2.1],
			"to": [18, 3.9, -1.1],
			"rotation": {"angle": 22.5, "axis": "z", "origin": [0, 4, 0]},
			"faces": {
				"north": {"uv": [2.75, 4, 3.25, 7], "texture": "#0"},
				"east": {"uv": [2.75, 4, 3, 7], "texture": "#0"},
				"south": {"uv": [2.75, 4, 3.25, 7], "texture": "#0"},
				"west": {"uv": [3, 4, 3.25, 7], "texture": "#0"},
				"up": {"uv": [3.25, 7, 2.75, 6.75], "texture": "#0"},
				"down": {"uv": [2.75, 6.75, 3.25, 7], "texture": "#0"}
			}
		},
		{
			"from": [16, -8, 16.1],
			"to": [18, 4, 17.1],
			"rotation": {"angle": 22.5, "axis": "z", "origin": [0, 4, 0]},
			"faces": {
				"north": {"uv": [2.75, 4, 3.25, 7], "texture": "#0"},
				"east": {"uv": [3, 4, 3.25, 7], "texture": "#0"},
				"south": {"uv": [2.75, 4, 3.25, 7], "texture": "#0"},
				"west": {"uv": [2.75, 4, 3, 7], "texture": "#0"},
				"up": {"uv": [3.25, 7, 2.75, 6.75], "texture": "#0"},
				"down": {"uv": [2.75, 6.75, 3.25, 7], "texture": "#0"}
			}
		},
		{
			"from": [17.8, 13.6, 1],
			"to": [17.8, 28, 14],
			"rotation": {"angle": -22.5, "axis": "z", "origin": [0, 4, 0]},
			"faces": {
				"north": {"uv": [0, 0, 0, 3.75], "texture": "#1", "tintindex": 0},
				"east": {"uv": [8, 1, 14.5, 8.5], "texture": "#1", "tintindex": 0},
				"south": {"uv": [0, 0, 0, 3.75], "texture": "#1", "tintindex": 0},
				"west": {"uv": [8, 1, 14.5, 8.5], "texture": "#1", "tintindex": 0},
				"up": {"uv": [0, 3.25, 0, 0], "texture": "#1", "tintindex": 0},
				"down": {"uv": [0, 0, 0, 3.25], "texture": "#1", "tintindex": 0}
			}
		},
		{
			"from": [17, 28, 1],
			"to": [18, 30, 14],
			"rotation": {"angle": -22.5, "axis": "z", "origin": [0, 4, 0]},
			"faces": {
				"north": {"uv": [1.5, 6.5, 2, 7], "texture": "#1", "tintindex": 0},
				"east": {"uv": [8, 1, 14.5, 0], "texture": "#1", "tintindex": 0},
				"south": {"uv": [1.5, 6.5, 2, 7], "texture": "#1", "tintindex": 0},
				"west": {"uv": [8, 0, 14.5, 1], "texture": "#1", "tintindex": 0},
				"up": {"uv": [1, 13, 0.5, 6.5], "texture": "#1", "tintindex": 0},
				"down": {"uv": [2, 6.5, 1.5, 13], "texture": "#1", "tintindex": 0}
			}
		},
		{
			"from": [3.9, 6.1, 1],
			"to": [20.1, 6.1, 14],
			"rotation": {"angle": 0, "axis": "y", "origin": [0, 4, 0]},
			"faces": {
				"north": {"uv": [0, 0, 8, 0], "texture": "#1", "tintindex": 0},
				"east": {"uv": [0, 0, 6.5, 0], "texture": "#1", "tintindex": 0},
				"south": {"uv": [0, 0, 8, 0], "texture": "#1", "tintindex": 0},
				"west": {"uv": [0, 0, 6.5, 0], "texture": "#1", "tintindex": 0},
				"up": {"uv": [8, 6.5, 0, 0], "texture": "#1", "tintindex": 0},
				"down": {"uv": [8, 0, 0, 6.5], "texture": "#1", "tintindex": 0}
			}
		},
		{
			"from": [3.9, 2.1, 1],
			"to": [3.9, 6.1, 14],
			"rotation": {"angle": 0, "axis": "y", "origin": [0, 4, 0]},
			"faces": {
				"north": {"uv": [0, 0, 0, 1], "texture": "#1", "tintindex": 0},
				"east": {"uv": [8, 8.5, 14.5, 10.5], "texture": "#1", "tintindex": 0},
				"south": {"uv": [0, 0, 0, 1], "texture": "#1", "tintindex": 0},
				"west": {"uv": [8, 8.5, 14.5, 10.5], "texture": "#1", "tintindex": 0},
				"up": {"uv": [0, 3.25, 0, 0], "texture": "#1", "tintindex": 0},
				"down": {"uv": [0, 0, 0, 3.25], "texture": "#1", "tintindex": 0}
			}
		}
	],
	"display": {
		"thirdperson_righthand": {
			"translation": [-1, 1.5, 0.25],
			"scale": [0.23, 0.23, 0.23]
		},
		"thirdperson_lefthand": {
			"rotation": [0, 180, 0],
			"translation": [-1, 1.5, 0],
			"scale": [0.23, 0.23, 0.23]
		},
		"firstperson_righthand": {
			"rotation": [0, 24, -11],
			"translation": [0, 2.25, 0.75],
			"scale": [0.28, 0.28, 0.28]
		},
		"firstperson_lefthand": {
			"rotation": [0, -152, 11],
			"translation": [0, 2.25, 0.75],
			"scale": [0.28, 0.28, 0.28]
		},
		"ground": {
			"translation": [-2, 0.5, 0],
			"scale": [0.3, 0.3, 0.3]
		},
		"gui": {
			"rotation": [30, 132, 0],
			"translation": [2.5, -2.25, 0],
			"scale": [0.5, 0.5, 0.5]
		},
		"head": {
			"rotation": [0, -90, 0],
			"translation": [0, 8.25, -0.75],
			"scale": [0.21, 0.21, 0.21]
		},
		"fixed": {
			"rotation": [-180, 90, -180],
			"translation": [1.5, 6, 29.25],
			"scale": [2.5, 2.5, 2.5]
		}
	},
	"groups": [
		{
			"name": "group",
			"origin": [0, 0, 0],
			"color": 0,
			"children": [
				0,
				1,
				2,
				3,
				4,
				5,
				6,
				7,
				8,
				9,
				10,
				11,
				12,
				{
					"name": "cwet",
					"origin": [0, 4, 0],
					"color": 0,
					"children": [13, 14, 15, 16]
				}
			]
		}
	]
}