{
	"credit": "Made with Blockbench",
	"texture_size": [32, 32],
	"textures": {
		"2": "./speedhelmet",
		"particle": "./speedhelmet"
	},
	"elements": [
		{
			"name": "helmet",
			"from": [12, 2, 2],
			"to": [13, 10, 3],
			"rotation": {"angle": 0, "axis": "y", "origin": [30, 3, 2]},
			"faces": {
				"north": {"uv": [0, 8.5, 0.5, 12.5], "texture": "#2"},
				"east": {"uv": [0, 8.5, 0.5, 12.5], "texture": "#2"},
				"south": {"uv": [0.5, 9, 1, 12.5], "texture": "#2"},
				"west": {"uv": [0.5, 9, 1, 12.5], "texture": "#2"},
				"up": {"uv": [0.5, 9, 1, 9.5], "texture": "#2"},
				"down": {"uv": [0.5, 12, 1, 12.5], "texture": "#2"}
			}
		},
		{
			"name": "helmet",
			"from": [3, 2, 2],
			"to": [4, 10, 3],
			"rotation": {"angle": 0, "axis": "y", "origin": [30, 3, 2]},
			"faces": {
				"north": {"uv": [0, 8.5, 0.5, 12.5], "texture": "#2"},
				"east": {"uv": [0, 9, 0.5, 12.5], "texture": "#2"},
				"south": {"uv": [0, 9, 0.5, 12.5], "texture": "#2"},
				"west": {"uv": [0, 8.5, 0.5, 12.5], "texture": "#2"},
				"up": {"uv": [0, 9, 0.5, 9.5], "texture": "#2"},
				"down": {"uv": [0, 12, 0.5, 12.5], "texture": "#2"}
			}
		},
		{
			"name": "helmet",
			"from": [4, 2, 2.001],
			"to": [6, 4, 2.001],
			"rotation": {"angle": 0, "axis": "y", "origin": [27.75, 2, 1.75]},
			"faces": {
				"north": {"uv": [13, 11.5, 12, 12.5], "texture": "#2"},
				"east": {"uv": [12, 11.5, 13, 12.5], "texture": "#2"},
				"south": {"uv": [12, 11.5, 13, 12.5], "texture": "#2"},
				"west": {"uv": [12, 11.5, 13, 12.5], "texture": "#2"},
				"up": {"uv": [12, 11.5, 13, 12.5], "texture": "#2"},
				"down": {"uv": [12, 11.5, 13, 12.5], "texture": "#2"}
			}
		},
		{
			"name": "helmet",
			"from": [10, 2, 2.001],
			"to": [12, 4, 2.001],
			"rotation": {"angle": 0, "axis": "y", "origin": [27.75, 2, 1.75]},
			"faces": {
				"north": {"uv": [12, 11.5, 13, 12.5], "texture": "#2"},
				"east": {"uv": [12, 11.5, 13, 12.5], "texture": "#2"},
				"south": {"uv": [12, 11.5, 13, 12.5], "texture": "#2"},
				"west": {"uv": [12, 11.5, 13, 12.5], "texture": "#2"},
				"up": {"uv": [12, 11.5, 13, 12.5], "texture": "#2"},
				"down": {"uv": [12, 11.5, 13, 12.5], "texture": "#2"}
			}
		},
		{
			"name": "helmet",
			"from": [4, 8, 2],
			"to": [12, 10, 3],
			"rotation": {"angle": 0, "axis": "y", "origin": [27, 8, 2]},
			"faces": {
				"north": {"uv": [7.5, 3, 9, 4], "texture": "#2"},
				"east": {"uv": [7.5, 3, 8, 4], "texture": "#2"},
				"south": {"uv": [9, 3, 7.5, 4], "texture": "#2"},
				"west": {"uv": [8.5, 3, 9, 4], "texture": "#2"},
				"up": {"uv": [9, 3, 7.5, 3.5], "texture": "#2"},
				"down": {"uv": [9, 3.5, 7.5, 4], "texture": "#2"}
			}
		},
		{
			"name": "helmet",
			"from": [7, 10, 2],
			"to": [9, 11, 3],
			"rotation": {"angle": 0, "axis": "y", "origin": [24, 10, 2]},
			"faces": {
				"north": {"uv": [0, 15.5, 1, 16], "texture": "#2"},
				"east": {"uv": [0, 15.5, 0.5, 16], "texture": "#2"},
				"south": {"uv": [1, 15.5, 0, 16], "texture": "#2"},
				"west": {"uv": [0.5, 15.5, 1, 16], "texture": "#2"},
				"up": {"uv": [1, 15.5, 0, 16], "texture": "#2"},
				"down": {"uv": [1, 15.5, 0, 16], "texture": "#2"}
			}
		},
		{
			"name": "helmet",
			"from": [7, 10, 11],
			"to": [9, 11, 12],
			"rotation": {"angle": 0, "axis": "y", "origin": [24, 10, 2]},
			"faces": {
				"north": {"uv": [0, 15.5, 1, 16], "texture": "#2"},
				"east": {"uv": [0.5, 15.5, 0, 16], "texture": "#2"},
				"south": {"uv": [1, 15.5, 0, 16], "texture": "#2"},
				"west": {"uv": [0.5, 15.5, 1, 16], "texture": "#2"},
				"up": {"uv": [1, 15.5, 0, 16], "texture": "#2"},
				"down": {"uv": [1, 15.5, 0, 16], "texture": "#2"}
			}
		},
		{
			"name": "helmet",
			"from": [7, 5, 2.1],
			"to": [9, 8, 2.1],
			"rotation": {"angle": 0, "axis": "y", "origin": [25, 5, 2]},
			"faces": {
				"north": {"uv": [2.5, 0, 3.5, 1.5], "texture": "#2"},
				"east": {"uv": [2.5, 0, 3.5, 1.5], "texture": "#2"},
				"south": {"uv": [2.5, 0, 3.5, 1.5], "texture": "#2"},
				"west": {"uv": [2.5, 0, 3.5, 1.5], "texture": "#2"},
				"up": {"uv": [2.5, 0, 3.5, 1.5], "texture": "#2"},
				"down": {"uv": [2.5, 0, 3.5, 1.5], "texture": "#2"}
			}
		},
		{
			"name": "helmet",
			"from": [3, 7, 3],
			"to": [4, 9, 12],
			"rotation": {"angle": 0, "axis": "y", "origin": [21, 7, 3]},
			"faces": {
				"north": {"uv": [5, 13, 5.5, 14], "texture": "#2"},
				"east": {"uv": [5, 13, 9.5, 14], "texture": "#2"},
				"south": {"uv": [5, 13, 5.5, 14], "texture": "#2"},
				"west": {"uv": [5, 13, 9.5, 14], "texture": "#2"},
				"up": {"uv": [16, 11.5, 15.5, 16], "texture": "#2"},
				"down": {"uv": [15.5, 11.5, 16, 16], "texture": "#2"}
			}
		},
		{
			"name": "helmet",
			"from": [12, 7, 3],
			"to": [13, 9, 12],
			"rotation": {"angle": 0, "axis": "y", "origin": [21, 7, 3]},
			"faces": {
				"north": {"uv": [5, 13, 5.5, 14], "texture": "#2"},
				"east": {"uv": [9.5, 13, 5, 14], "texture": "#2"},
				"south": {"uv": [5, 13, 5.5, 14], "texture": "#2"},
				"west": {"uv": [5, 13, 9.5, 14], "texture": "#2"},
				"up": {"uv": [16, 11.5, 15.5, 16], "texture": "#2"},
				"down": {"uv": [15.5, 11.5, 16, 16], "texture": "#2"}
			}
		},
		{
			"name": "helmet",
			"from": [2.65, 9, 6],
			"to": [3.9, 11, 8],
			"rotation": {"angle": 0, "axis": "y", "origin": [3, 9, 7]},
			"faces": {
				"north": {"uv": [7.5, 12, 8, 13], "texture": "#2"},
				"east": {"uv": [7, 12, 8, 13], "texture": "#2"},
				"south": {"uv": [7, 12, 7.5, 13], "texture": "#2"},
				"west": {"uv": [8, 12, 7, 13], "texture": "#2"},
				"up": {"uv": [7.5, 12, 8, 13], "texture": "#2"},
				"down": {"uv": [7.5, 13, 7, 12], "texture": "#2"}
			}
		},
		{
			"name": "helmet",
			"from": [2.65, 9, 6],
			"to": [3.9, 11, 8],
			"rotation": {"angle": 0, "axis": "y", "origin": [3, 9, 7]},
			"faces": {
				"north": {"uv": [7.5, 12, 8, 13], "texture": "#2"},
				"east": {"uv": [7, 12, 8, 13], "texture": "#2"},
				"south": {"uv": [7, 12, 7.5, 13], "texture": "#2"},
				"west": {"uv": [8, 12, 7, 13], "texture": "#2"},
				"up": {"uv": [7.5, 12, 8, 13], "texture": "#2"},
				"down": {"uv": [7.5, 13, 7, 12], "texture": "#2"}
			}
		},
		{
			"name": "helmet",
			"from": [12.05, 9, 6],
			"to": [13.3, 11, 8],
			"rotation": {"angle": 0, "axis": "y", "origin": [3, 9, 7]},
			"faces": {
				"north": {"uv": [7.5, 12, 8, 13], "texture": "#2"},
				"east": {"uv": [7, 12, 8, 13], "texture": "#2"},
				"south": {"uv": [7, 12, 7.5, 13], "texture": "#2"},
				"west": {"uv": [8, 12, 7, 13], "texture": "#2"},
				"up": {"uv": [7.5, 12, 8, 13], "texture": "#2"},
				"down": {"uv": [7.5, 13, 7, 12], "texture": "#2"}
			}
		},
		{
			"name": "helmet",
			"from": [3, 5, 9],
			"to": [4, 7, 12],
			"rotation": {"angle": 0, "axis": "y", "origin": [21, 6, 9]},
			"faces": {
				"north": {"uv": [2, 3.5, 2.5, 4.5], "texture": "#2"},
				"east": {"uv": [3.5, 3.5, 2, 4.5], "texture": "#2"},
				"south": {"uv": [3, 3.5, 3.5, 4.5], "texture": "#2"},
				"west": {"uv": [2, 3.5, 3.5, 4.5], "texture": "#2"},
				"up": {"uv": [2, 3.5, 2.5, 4.25], "texture": "#2"},
				"down": {"uv": [3.5, 4.5, 3, 3.75], "texture": "#2"}
			}
		},
		{
			"name": "helmet",
			"from": [12, 5, 9],
			"to": [13, 7, 12],
			"rotation": {"angle": 0, "axis": "y", "origin": [21, 6, 9]},
			"faces": {
				"north": {"uv": [2, 3.5, 2.5, 4.5], "texture": "#2"},
				"east": {"uv": [3.5, 3.5, 2, 4.5], "texture": "#2"},
				"south": {"uv": [3, 3.5, 3.5, 4.5], "texture": "#2"},
				"west": {"uv": [2, 3.5, 3.5, 4.5], "texture": "#2"},
				"up": {"uv": [2, 3.5, 2.5, 4.25], "texture": "#2"},
				"down": {"uv": [3.5, 4.5, 3, 3.75], "texture": "#2"}
			}
		},
		{
			"name": "helmet",
			"from": [4, 5, 11],
			"to": [12, 7, 12],
			"rotation": {"angle": 0, "axis": "y", "origin": [21, 6, 9]},
			"faces": {
				"north": {"uv": [14, 15, 15.5, 16], "texture": "#2"},
				"east": {"uv": [15, 15, 15.5, 16], "texture": "#2"},
				"south": {"uv": [14, 15, 15.5, 16], "texture": "#2"},
				"west": {"uv": [15, 15, 15.5, 16], "texture": "#2"},
				"up": {"uv": [14, 15, 15.5, 15.5], "texture": "#2"},
				"down": {"uv": [14, 15.5, 15.5, 16], "texture": "#2"}
			}
		},
		{
			"name": "helmet",
			"from": [4, 7, 11],
			"to": [12, 10, 12],
			"rotation": {"angle": 0, "axis": "y", "origin": [30, 14, 19]},
			"faces": {
				"north": {"uv": [12, 0.5, 16, 2.5], "texture": "#2"},
				"east": {"uv": [15.5, 0.5, 16, 2.5], "texture": "#2"},
				"south": {"uv": [12, 0.5, 16, 2.5], "texture": "#2"},
				"west": {"uv": [12, 0.5, 12.5, 2.5], "texture": "#2"},
				"up": {"uv": [12, 0.5, 16, 1], "texture": "#2"},
				"down": {"uv": [12, 2, 16, 2.5], "texture": "#2"}
			}
		},
		{
			"name": "helmet",
			"from": [7, 11, 2],
			"to": [9, 12, 12],
			"rotation": {"angle": 0, "axis": "y", "origin": [26, 11, 2]},
			"faces": {
				"north": {"uv": [5, 5, 6, 4.5], "texture": "#2"},
				"east": {"uv": [3.5, 15.5, 8.5, 15], "texture": "#2"},
				"south": {"uv": [6, 5, 5, 4.5], "texture": "#2"},
				"west": {"uv": [8.5, 16, 3.5, 15.5], "texture": "#2"},
				"up": {"uv": [6, 5, 5, 0], "texture": "#2"},
				"down": {"uv": [6, 0, 5, 5], "texture": "#2"}
			}
		},
		{
			"name": "wing",
			"from": [13.4, 13, 6],
			"to": [13.4, 16, 16],
			"rotation": {"angle": -22.5, "axis": "x", "origin": [3, 11, 14]},
			"faces": {
				"north": {"uv": [5, 7, 10, 8.5], "texture": "#2"},
				"east": {"uv": [10, 7, 5, 8.5], "texture": "#2"},
				"south": {"uv": [5, 7, 10, 8.5], "texture": "#2"},
				"west": {"uv": [5, 7, 10, 8.5], "texture": "#2"},
				"up": {"uv": [5, 7, 10, 8.5], "texture": "#2"},
				"down": {"uv": [5, 7, 10, 8.5], "texture": "#2"}
			}
		},
		{
			"name": "wing",
			"from": [2.6, 13, 6],
			"to": [2.6, 16, 16],
			"rotation": {"angle": -22.5, "axis": "x", "origin": [3, 11, 14]},
			"faces": {
				"north": {"uv": [5, 7, 10, 8.5], "texture": "#2"},
				"east": {"uv": [10, 7, 5, 8.5], "texture": "#2"},
				"south": {"uv": [5, 7, 10, 8.5], "texture": "#2"},
				"west": {"uv": [5, 7, 10, 8.5], "texture": "#2"},
				"up": {"uv": [5, 7, 10, 8.5], "texture": "#2"},
				"down": {"uv": [5, 7, 10, 8.5], "texture": "#2"}
			}
		}
	],
	"display": {
		"thirdperson_righthand": {
			"rotation": [90, 25, 0],
			"translation": [0, 1, 1],
			"scale": [0.4, 0.4, 0.4]
		},
		"thirdperson_lefthand": {
			"rotation": [90, 25, 0],
			"translation": [0, 1, 1],
			"scale": [0.4, 0.4, 0.4]
		},
		"firstperson_righthand": {
			"rotation": [0, 120, 0],
			"translation": [1, 4, 1],
			"scale": [0.4, 0.4, 0.4]
		},
		"firstperson_lefthand": {
			"rotation": [0, 120, 0],
			"translation": [1, 4, 1],
			"scale": [0.4, 0.4, 0.4]
		},
		"ground": {
			"scale": [0.5, 0.5, 0.5]
		},
		"gui": {
			"rotation": [30, 132, 0],
			"translation": [1, 0, 0],
			"scale": [0.8, 0.8, 0.8]
		},
		"head": {
			"translation": [0, 2.5, 1.75],
			"scale": [1.5, 1.5, 1.5]
		}
	},
	"groups": [
		{
			"name": "ALL",
			"origin": [10, 8, 8],
			"color": 0,
			"children": [
				{
					"name": "helmet",
					"origin": [10, 8, 8],
					"color": 0,
					"children": [0, 1, 2, 3, 4, 5, 6, 7, 8, 9, 10, 11, 12, 13, 14, 15, 16, 17]
				},
				{
					"name": "wings",
					"origin": [8, 8, 8],
					"color": 0,
					"children": [18, 19]
				},
				{
					"name": "gem",
					"origin": [10, 8, 8],
					"color": 0,
					"children": []
				}
			]
		}
	]
}