{
	"credit": "Made by 6_28318530717958 using Blockbench",
	"parent": "minecraft:block/block",
	"textures": {
		"bee1": "minecraft:entity/bee/bee",
		"bee1_baby": "minecraft:item/blank",
		"bee2": "minecraft:entity/bee/bee",
		"bee2_baby": "minecraft:item/blank",
		"bee3": "minecraft:entity/bee/bee",
		"bee3_baby": "minecraft:item/blank"
	},
	"elements": [
		{
			"from": [3.75, -1, 6],
			"to": [19.75, 15, 22],
			"faces": {
				"north": {"uv": [0, 0, 16, 16], "texture": "#front"},
				"east": {"uv": [0, 0, 16, 16], "texture": "#side"},
				"south": {"uv": [0, 0, 16, 16], "texture": "#side"},
				"west": {"uv": [0, 0, 16, 16], "texture": "#side"},
				"up": {"uv": [0, 0, 16, 16], "texture": "#top"},
				"down": {"uv": [0, 0, 16, 16], "texture": "#bottom"}
			}
		},
		{
			"name": "torso",
			"from": [-3.75, 18, -5],
			"to": [6.25, 25, 2],
			"faces": {
				"north": {"uv": [4.25, 2.5, 6.75, 4.25], "texture": "#bee1"},
				"east": {"uv": [2.5, 2.5, 4.25, 4.25], "texture": "#bee1"},
				"south": {"uv": [0, 2.5, 2.5, 4.25], "texture": "#bee1"},
				"west": {"uv": [6.75, 2.5, 8.5, 4.25], "texture": "#bee1"},
				"up": {"uv": [4.25, 2.5, 2.5, 0], "rotation": 90, "texture": "#bee1"},
				"down": {"uv": [6, 0, 4.25, 2.5], "rotation": 270, "texture": "#bee1"}
			}
		},
		{
			"name": "left_wing",
			"from": [-1.75, 25.1, -12],
			"to": [4.25, 25.1, -3],
			"shade": false,
			"faces": {
				"north": {"uv": [0, 0, 0, 0], "texture": "#bee1"},
				"east": {"uv": [0, 0, 0, 0], "texture": "#bee1"},
				"south": {"uv": [0, 0, 0, 0], "texture": "#bee1"},
				"west": {"uv": [0, 0, 0, 0], "texture": "#bee1"},
				"up": {"uv": [1.5, 6, 3.75, 4.5], "rotation": 90, "texture": "#bee1"},
				"down": {"uv": [3.75, 6, 1.5, 4.5], "rotation": 90, "texture": "#bee1"}
			}
		},
		{
			"name": "right_wing",
			"from": [-1.75, 25.1, 0],
			"to": [4.25, 25.1, 9],
			"faces": {
				"north": {"uv": [0, 0, 0, 0], "texture": "#bee1"},
				"east": {"uv": [0, 0, 0, 0], "texture": "#bee1"},
				"south": {"uv": [0, 0, 0, 0], "texture": "#bee1"},
				"west": {"uv": [0, 0, 0, 0], "texture": "#bee1"},
				"up": {"uv": [3.75, 6, 1.5, 4.5], "rotation": 90, "texture": "#bee1"},
				"down": {"uv": [1.5, 6, 3.75, 4.5], "rotation": 90, "texture": "#bee1"}
			}
		},
		{
			"name": "front_legs",
			"from": [3.25, 16, -3],
			"to": [3.25, 18, 0],
			"faces": {
				"north": {"uv": [0, 0, 0, 0], "texture": "#bee1"},
				"east": {"uv": [7, 0.25, 7.75, 0.75], "texture": "#bee1"},
				"south": {"uv": [0, 0, 0, 0], "texture": "#bee1"},
				"west": {"uv": [7.75, 0.25, 7, 0.75], "texture": "#bee1"},
				"up": {"uv": [0, 0, 0, 0], "rotation": 90, "texture": "#bee1"},
				"down": {"uv": [0, 0, 0, 0], "rotation": 270, "texture": "#bee1"}
			}
		},
		{
			"name": "middle_legs",
			"from": [1.25, 16, -4],
			"to": [1.25, 18, 1],
			"faces": {
				"north": {"uv": [0, 0, 0, 0], "texture": "#bee1"},
				"east": {"uv": [6.75, 0.75, 8, 1.25], "texture": "#bee1"},
				"south": {"uv": [0, 0, 0, 0], "texture": "#bee1"},
				"west": {"uv": [8, 0.75, 6.75, 1.25], "texture": "#bee1"},
				"up": {"uv": [0, 0, 0, 0], "rotation": 90, "texture": "#bee1"},
				"down": {"uv": [0, 0, 0, 0], "rotation": 270, "texture": "#bee1"}
			}
		},
		{
			"name": "back_legs",
			"from": [-0.75, 16, -4],
			"to": [-0.75, 18, 1],
			"faces": {
				"north": {"uv": [0, 0, 0, 0], "texture": "#bee1"},
				"east": {"uv": [6.75, 1.25, 8, 1.75], "texture": "#bee1"},
				"south": {"uv": [0, 0, 0, 0], "texture": "#bee1"},
				"west": {"uv": [8, 1.25, 6.75, 1.75], "texture": "#bee1"},
				"up": {"uv": [0, 0, 0, 0], "rotation": 90, "texture": "#bee1"},
				"down": {"uv": [0, 0, 0, 0], "rotation": 270, "texture": "#bee1"}
			}
		},
		{
			"name": "left_antenna",
			"from": [6.25, 23, -3],
			"to": [9.25, 25, -3],
			"faces": {
				"north": {"uv": [1.25, 0.75, 0.5, 1.25], "texture": "#bee1"},
				"east": {"uv": [0, 0, 0, 0], "texture": "#bee1"},
				"south": {"uv": [0.5, 0.75, 1.25, 1.25], "texture": "#bee1"},
				"west": {"uv": [0, 0, 0, 0], "texture": "#bee1"},
				"up": {"uv": [0, 0, 0, 0], "rotation": 90, "texture": "#bee1"},
				"down": {"uv": [0, 0, 0, 0], "rotation": 270, "texture": "#bee1"}
			}
		},
		{
			"name": "stinger",
			"from": [-5.75, 21, -1.5],
			"to": [-3.75, 22, -1.5],
			"faces": {
				"north": {"uv": [6.5, 2.25, 7, 2.5], "texture": "#bee1"},
				"east": {"uv": [0, 0, 0, 0], "texture": "#bee1"},
				"south": {"uv": [7, 2.25, 6.5, 2.5], "texture": "#bee1"},
				"west": {"uv": [0, 0, 0, 0], "texture": "#bee1"},
				"up": {"uv": [0, 0, 0, 0], "rotation": 90, "texture": "#bee1"},
				"down": {"uv": [0, 0, 0, 0], "rotation": 270, "texture": "#bee1"}
			}
		},
		{
			"name": "right_antenna",
			"from": [6.25, 23, 0],
			"to": [9.25, 25, 0],
			"faces": {
				"north": {"uv": [1.5, 1.5, 2.25, 2], "texture": "#bee1"},
				"east": {"uv": [0, 0, 0, 0], "texture": "#bee1"},
				"south": {"uv": [2.25, 1.5, 1.5, 2], "texture": "#bee1"},
				"west": {"uv": [0, 0, 0, 0], "texture": "#bee1"},
				"up": {"uv": [0, 0, 0, 0], "rotation": 90, "texture": "#bee1"},
				"down": {"uv": [0, 0, 0, 0], "rotation": 270, "texture": "#bee1"}
			}
		},
		{
			"name": "torso",
			"from": [-1.75, 19.5, -3.25],
			"to": [3.25, 23, 0.25],
			"faces": {
				"north": {"uv": [4.25, 2.5, 6.75, 4.25], "texture": "#bee1_baby"},
				"east": {"uv": [2.5, 2.5, 4.25, 4.25], "texture": "#bee1_baby"},
				"south": {"uv": [0, 2.5, 2.5, 4.25], "texture": "#bee1_baby"},
				"west": {"uv": [6.75, 2.5, 8.5, 4.25], "texture": "#bee1_baby"},
				"up": {"uv": [4.25, 2.5, 2.5, 0], "rotation": 90, "texture": "#bee1_baby"},
				"down": {"uv": [6, 0, 4.25, 2.5], "rotation": 270, "texture": "#bee1_baby"}
			}
		},
		{
			"name": "left_wing",
			"from": [-0.75, 23.1, -6.75],
			"to": [2.25, 23.1, -2.25],
			"shade": false,
			"faces": {
				"north": {"uv": [0, 0, 0, 0], "texture": "#bee1_baby"},
				"east": {"uv": [0, 0, 0, 0], "texture": "#bee1_baby"},
				"south": {"uv": [0, 0, 0, 0], "texture": "#bee1_baby"},
				"west": {"uv": [0, 0, 0, 0], "texture": "#bee1_baby"},
				"up": {"uv": [1.5, 6, 3.75, 4.5], "rotation": 90, "texture": "#bee1_baby"},
				"down": {"uv": [3.75, 6, 1.5, 4.5], "rotation": 90, "texture": "#bee1_baby"}
			}
		},
		{
			"name": "right_wing",
			"from": [-0.75, 23.1, -0.75],
			"to": [2.25, 23.1, 3.75],
			"faces": {
				"north": {"uv": [0, 0, 0, 0], "texture": "#bee1_baby"},
				"east": {"uv": [0, 0, 0, 0], "texture": "#bee1_baby"},
				"south": {"uv": [0, 0, 0, 0], "texture": "#bee1_baby"},
				"west": {"uv": [0, 0, 0, 0], "texture": "#bee1_baby"},
				"up": {"uv": [3.75, 6, 1.5, 4.5], "rotation": 90, "texture": "#bee1_baby"},
				"down": {"uv": [1.5, 6, 3.75, 4.5], "rotation": 90, "texture": "#bee1_baby"}
			}
		},
		{
			"name": "front_legs",
			"from": [1.75, 18.5, -2.25],
			"to": [1.75, 19.5, -0.75],
			"faces": {
				"north": {"uv": [0, 0, 0, 0], "texture": "#bee1_baby"},
				"east": {"uv": [7, 0.25, 7.75, 0.75], "texture": "#bee1_baby"},
				"south": {"uv": [0, 0, 0, 0], "texture": "#bee1_baby"},
				"west": {"uv": [7.75, 0.25, 7, 0.75], "texture": "#bee1_baby"},
				"up": {"uv": [0, 0, 0, 0], "rotation": 90, "texture": "#bee1_baby"},
				"down": {"uv": [0, 0, 0, 0], "rotation": 270, "texture": "#bee1_baby"}
			}
		},
		{
			"name": "middle_legs",
			"from": [0.75, 18.5, -2.75],
			"to": [0.75, 19.5, -0.25],
			"faces": {
				"north": {"uv": [0, 0, 0, 0], "texture": "#bee1_baby"},
				"east": {"uv": [6.75, 0.75, 8, 1.25], "texture": "#bee1_baby"},
				"south": {"uv": [0, 0, 0, 0], "texture": "#bee1_baby"},
				"west": {"uv": [8, 0.75, 6.75, 1.25], "texture": "#bee1_baby"},
				"up": {"uv": [0, 0, 0, 0], "rotation": 90, "texture": "#bee1_baby"},
				"down": {"uv": [0, 0, 0, 0], "rotation": 270, "texture": "#bee1_baby"}
			}
		},
		{
			"name": "back_legs",
			"from": [-0.25, 18.5, -2.75],
			"to": [-0.25, 19.5, -0.25],
			"faces": {
				"north": {"uv": [0, 0, 0, 0], "texture": "#bee1_baby"},
				"east": {"uv": [6.75, 1.25, 8, 1.75], "texture": "#bee1_baby"},
				"south": {"uv": [0, 0, 0, 0], "texture": "#bee1_baby"},
				"west": {"uv": [8, 1.25, 6.75, 1.75], "texture": "#bee1_baby"},
				"up": {"uv": [0, 0, 0, 0], "rotation": 90, "texture": "#bee1_baby"},
				"down": {"uv": [0, 0, 0, 0], "rotation": 270, "texture": "#bee1_baby"}
			}
		},
		{
			"name": "left_antenna",
			"from": [3.25, 22, -2.25],
			"to": [4.75, 23, -2.25],
			"faces": {
				"north": {"uv": [1.25, 0.75, 0.5, 1.25], "texture": "#bee1_baby"},
				"east": {"uv": [0, 0, 0, 0], "texture": "#bee1_baby"},
				"south": {"uv": [0.5, 0.75, 1.25, 1.25], "texture": "#bee1_baby"},
				"west": {"uv": [0, 0, 0, 0], "texture": "#bee1_baby"},
				"up": {"uv": [0, 0, 0, 0], "rotation": 90, "texture": "#bee1_baby"},
				"down": {"uv": [0, 0, 0, 0], "rotation": 270, "texture": "#bee1_baby"}
			}
		},
		{
			"name": "stinger",
			"from": [-2.75, 21, -1.5],
			"to": [-1.75, 21.5, -1.5],
			"faces": {
				"north": {"uv": [6.5, 2.25, 7, 2.5], "texture": "#bee1_baby"},
				"east": {"uv": [0, 0, 0, 0], "texture": "#bee1_baby"},
				"south": {"uv": [7, 2.25, 6.5, 2.5], "texture": "#bee1_baby"},
				"west": {"uv": [0, 0, 0, 0], "texture": "#bee1_baby"},
				"up": {"uv": [0, 0, 0, 0], "rotation": 90, "texture": "#bee1_baby"},
				"down": {"uv": [0, 0, 0, 0], "rotation": 270, "texture": "#bee1_baby"}
			}
		},
		{
			"name": "right_antenna",
			"from": [3.25, 22, -0.75],
			"to": [4.75, 23, -0.75],
			"faces": {
				"north": {"uv": [1.5, 1.5, 2.25, 2], "texture": "#bee1_baby"},
				"east": {"uv": [0, 0, 0, 0], "texture": "#bee1_baby"},
				"south": {"uv": [2.25, 1.5, 1.5, 2], "texture": "#bee1_baby"},
				"west": {"uv": [0, 0, 0, 0], "texture": "#bee1_baby"},
				"up": {"uv": [0, 0, 0, 0], "rotation": 90, "texture": "#bee1_baby"},
				"down": {"uv": [0, 0, 0, 0], "rotation": 270, "texture": "#bee1_baby"}
			}
		},
		{
			"name": "torso",
			"from": [-3.75, 5, -5],
			"to": [6.25, 12, 2],
			"faces": {
				"north": {"uv": [4.25, 2.5, 6.75, 4.25], "texture": "#bee2"},
				"east": {"uv": [2.5, 2.5, 4.25, 4.25], "texture": "#bee2"},
				"south": {"uv": [0, 2.5, 2.5, 4.25], "texture": "#bee2"},
				"west": {"uv": [6.75, 2.5, 8.5, 4.25], "texture": "#bee2"},
				"up": {"uv": [4.25, 2.5, 2.5, 0], "rotation": 90, "texture": "#bee2"},
				"down": {"uv": [6, 0, 4.25, 2.5], "rotation": 270, "texture": "#bee2"}
			}
		},
		{
			"name": "left_wing",
			"from": [-1.75, 12.1, -12],
			"to": [4.25, 12.1, -3],
			"shade": false,
			"faces": {
				"north": {"uv": [0, 0, 0, 0], "texture": "#bee2"},
				"east": {"uv": [0, 0, 0, 0], "texture": "#bee2"},
				"south": {"uv": [0, 0, 0, 0], "texture": "#bee2"},
				"west": {"uv": [0, 0, 0, 0], "texture": "#bee2"},
				"up": {"uv": [1.5, 6, 3.75, 4.5], "rotation": 90, "texture": "#bee2"},
				"down": {"uv": [3.75, 6, 1.5, 4.5], "rotation": 90, "texture": "#bee2"}
			}
		},
		{
			"name": "right_wing",
			"from": [-1.75, 12.1, 0],
			"to": [4.25, 12.1, 9],
			"faces": {
				"north": {"uv": [0, 0, 0, 0], "texture": "#bee2"},
				"east": {"uv": [0, 0, 0, 0], "texture": "#bee2"},
				"south": {"uv": [0, 0, 0, 0], "texture": "#bee2"},
				"west": {"uv": [0, 0, 0, 0], "texture": "#bee2"},
				"up": {"uv": [3.75, 6, 1.5, 4.5], "rotation": 90, "texture": "#bee2"},
				"down": {"uv": [1.5, 6, 3.75, 4.5], "rotation": 90, "texture": "#bee2"}
			}
		},
		{
			"name": "front_legs",
			"from": [3.25, 3, -3],
			"to": [3.25, 5, 0],
			"faces": {
				"north": {"uv": [0, 0, 0, 0], "texture": "#bee2"},
				"east": {"uv": [7, 0.25, 7.75, 0.75], "texture": "#bee2"},
				"south": {"uv": [0, 0, 0, 0], "texture": "#bee2"},
				"west": {"uv": [7.75, 0.25, 7, 0.75], "texture": "#bee2"},
				"up": {"uv": [0, 0, 0, 0], "rotation": 90, "texture": "#bee2"},
				"down": {"uv": [0, 0, 0, 0], "rotation": 270, "texture": "#bee2"}
			}
		},
		{
			"name": "middle_legs",
			"from": [1.25, 3, -4],
			"to": [1.25, 5, 1],
			"faces": {
				"north": {"uv": [0, 0, 0, 0], "texture": "#bee2"},
				"east": {"uv": [6.75, 0.75, 8, 1.25], "texture": "#bee2"},
				"south": {"uv": [0, 0, 0, 0], "texture": "#bee2"},
				"west": {"uv": [8, 0.75, 6.75, 1.25], "texture": "#bee2"},
				"up": {"uv": [0, 0, 0, 0], "rotation": 90, "texture": "#bee2"},
				"down": {"uv": [0, 0, 0, 0], "rotation": 270, "texture": "#bee2"}
			}
		},
		{
			"name": "back_legs",
			"from": [-0.75, 3, -4],
			"to": [-0.75, 5, 1],
			"faces": {
				"north": {"uv": [0, 0, 0, 0], "texture": "#bee2"},
				"east": {"uv": [6.75, 1.25, 8, 1.75], "texture": "#bee2"},
				"south": {"uv": [0, 0, 0, 0], "texture": "#bee2"},
				"west": {"uv": [8, 1.25, 6.75, 1.75], "texture": "#bee2"},
				"up": {"uv": [0, 0, 0, 0], "rotation": 90, "texture": "#bee2"},
				"down": {"uv": [0, 0, 0, 0], "rotation": 270, "texture": "#bee2"}
			}
		},
		{
			"name": "left_antenna",
			"from": [6.25, 10, -3],
			"to": [9.25, 12, -3],
			"faces": {
				"north": {"uv": [1.25, 0.75, 0.5, 1.25], "texture": "#bee2"},
				"east": {"uv": [0, 0, 0, 0], "texture": "#bee2"},
				"south": {"uv": [0.5, 0.75, 1.25, 1.25], "texture": "#bee2"},
				"west": {"uv": [0, 0, 0, 0], "texture": "#bee2"},
				"up": {"uv": [0, 0, 0, 0], "rotation": 90, "texture": "#bee2"},
				"down": {"uv": [0, 0, 0, 0], "rotation": 270, "texture": "#bee2"}
			}
		},
		{
			"name": "stinger",
			"from": [-5.75, 8, -1.5],
			"to": [-3.75, 9, -1.5],
			"faces": {
				"north": {"uv": [6.5, 2.25, 7, 2.5], "texture": "#bee2"},
				"east": {"uv": [0, 0, 0, 0], "texture": "#bee2"},
				"south": {"uv": [7, 2.25, 6.5, 2.5], "texture": "#bee2"},
				"west": {"uv": [0, 0, 0, 0], "texture": "#bee2"},
				"up": {"uv": [0, 0, 0, 0], "rotation": 90, "texture": "#bee2"},
				"down": {"uv": [0, 0, 0, 0], "rotation": 270, "texture": "#bee2"}
			}
		},
		{
			"name": "right_antenna",
			"from": [6.25, 10, 0],
			"to": [9.25, 12, 0],
			"faces": {
				"north": {"uv": [1.5, 1.5, 2.25, 2], "texture": "#bee2"},
				"east": {"uv": [0, 0, 0, 0], "texture": "#bee2"},
				"south": {"uv": [2.25, 1.5, 1.5, 2], "texture": "#bee2"},
				"west": {"uv": [0, 0, 0, 0], "texture": "#bee2"},
				"up": {"uv": [0, 0, 0, 0], "rotation": 90, "texture": "#bee2"},
				"down": {"uv": [0, 0, 0, 0], "rotation": 270, "texture": "#bee2"}
			}
		},
		{
			"name": "torso",
			"from": [-1.75, 6.5, -3.25],
			"to": [3.25, 10, 0.25],
			"faces": {
				"north": {"uv": [4.25, 2.5, 6.75, 4.25], "texture": "#bee2_baby"},
				"east": {"uv": [2.5, 2.5, 4.25, 4.25], "texture": "#bee2_baby"},
				"south": {"uv": [0, 2.5, 2.5, 4.25], "texture": "#bee2_baby"},
				"west": {"uv": [6.75, 2.5, 8.5, 4.25], "texture": "#bee2_baby"},
				"up": {"uv": [4.25, 2.5, 2.5, 0], "rotation": 90, "texture": "#bee2_baby"},
				"down": {"uv": [6, 0, 4.25, 2.5], "rotation": 270, "texture": "#bee2_baby"}
			}
		},
		{
			"name": "left_wing",
			"from": [-0.75, 10.1, -6.75],
			"to": [2.25, 10.1, -2.25],
			"shade": false,
			"faces": {
				"north": {"uv": [0, 0, 0, 0], "texture": "#bee2_baby"},
				"east": {"uv": [0, 0, 0, 0], "texture": "#bee2_baby"},
				"south": {"uv": [0, 0, 0, 0], "texture": "#bee2_baby"},
				"west": {"uv": [0, 0, 0, 0], "texture": "#bee2_baby"},
				"up": {"uv": [1.5, 6, 3.75, 4.5], "rotation": 90, "texture": "#bee2_baby"},
				"down": {"uv": [3.75, 6, 1.5, 4.5], "rotation": 90, "texture": "#bee2_baby"}
			}
		},
		{
			"name": "right_wing",
			"from": [-0.75, 10.1, -0.75],
			"to": [2.25, 10.1, 3.75],
			"faces": {
				"north": {"uv": [0, 0, 0, 0], "texture": "#bee2_baby"},
				"east": {"uv": [0, 0, 0, 0], "texture": "#bee2_baby"},
				"south": {"uv": [0, 0, 0, 0], "texture": "#bee2_baby"},
				"west": {"uv": [0, 0, 0, 0], "texture": "#bee2_baby"},
				"up": {"uv": [3.75, 6, 1.5, 4.5], "rotation": 90, "texture": "#bee2_baby"},
				"down": {"uv": [1.5, 6, 3.75, 4.5], "rotation": 90, "texture": "#bee2_baby"}
			}
		},
		{
			"name": "front_legs",
			"from": [1.75, 5.5, -2.25],
			"to": [1.75, 6.5, -0.75],
			"faces": {
				"north": {"uv": [0, 0, 0, 0], "texture": "#bee2_baby"},
				"east": {"uv": [7, 0.25, 7.75, 0.75], "texture": "#bee2_baby"},
				"south": {"uv": [0, 0, 0, 0], "texture": "#bee2_baby"},
				"west": {"uv": [7.75, 0.25, 7, 0.75], "texture": "#bee2_baby"},
				"up": {"uv": [0, 0, 0, 0], "rotation": 90, "texture": "#bee2_baby"},
				"down": {"uv": [0, 0, 0, 0], "rotation": 270, "texture": "#bee2_baby"}
			}
		},
		{
			"name": "middle_legs",
			"from": [0.75, 5.5, -2.75],
			"to": [0.75, 6.5, -0.25],
			"faces": {
				"north": {"uv": [0, 0, 0, 0], "texture": "#bee2_baby"},
				"east": {"uv": [6.75, 0.75, 8, 1.25], "texture": "#bee2_baby"},
				"south": {"uv": [0, 0, 0, 0], "texture": "#bee2_baby"},
				"west": {"uv": [8, 0.75, 6.75, 1.25], "texture": "#bee2_baby"},
				"up": {"uv": [0, 0, 0, 0], "rotation": 90, "texture": "#bee2_baby"},
				"down": {"uv": [0, 0, 0, 0], "rotation": 270, "texture": "#bee2_baby"}
			}
		},
		{
			"name": "back_legs",
			"from": [-0.25, 5.5, -2.75],
			"to": [-0.25, 6.5, -0.25],
			"faces": {
				"north": {"uv": [0, 0, 0, 0], "texture": "#bee2_baby"},
				"east": {"uv": [6.75, 1.25, 8, 1.75], "texture": "#bee2_baby"},
				"south": {"uv": [0, 0, 0, 0], "texture": "#bee2_baby"},
				"west": {"uv": [8, 1.25, 6.75, 1.75], "texture": "#bee2_baby"},
				"up": {"uv": [0, 0, 0, 0], "rotation": 90, "texture": "#bee2_baby"},
				"down": {"uv": [0, 0, 0, 0], "rotation": 270, "texture": "#bee2_baby"}
			}
		},
		{
			"name": "left_antenna",
			"from": [3.25, 9, -2.25],
			"to": [4.75, 10, -2.25],
			"faces": {
				"north": {"uv": [1.25, 0.75, 0.5, 1.25], "texture": "#bee2_baby"},
				"east": {"uv": [0, 0, 0, 0], "texture": "#bee2_baby"},
				"south": {"uv": [0.5, 0.75, 1.25, 1.25], "texture": "#bee2_baby"},
				"west": {"uv": [0, 0, 0, 0], "texture": "#bee2_baby"},
				"up": {"uv": [0, 0, 0, 0], "rotation": 90, "texture": "#bee2_baby"},
				"down": {"uv": [0, 0, 0, 0], "rotation": 270, "texture": "#bee2_baby"}
			}
		},
		{
			"name": "stinger",
			"from": [-2.75, 8, -1.5],
			"to": [-1.75, 8.5, -1.5],
			"faces": {
				"north": {"uv": [6.5, 2.25, 7, 2.5], "texture": "#bee2_baby"},
				"east": {"uv": [0, 0, 0, 0], "texture": "#bee2_baby"},
				"south": {"uv": [7, 2.25, 6.5, 2.5], "texture": "#bee2_baby"},
				"west": {"uv": [0, 0, 0, 0], "texture": "#bee2_baby"},
				"up": {"uv": [0, 0, 0, 0], "rotation": 90, "texture": "#bee2_baby"},
				"down": {"uv": [0, 0, 0, 0], "rotation": 270, "texture": "#bee2_baby"}
			}
		},
		{
			"name": "right_antenna",
			"from": [3.25, 9, -0.75],
			"to": [4.75, 10, -0.75],
			"faces": {
				"north": {"uv": [1.5, 1.5, 2.25, 2], "texture": "#bee2_baby"},
				"east": {"uv": [0, 0, 0, 0], "texture": "#bee2_baby"},
				"south": {"uv": [2.25, 1.5, 1.5, 2], "texture": "#bee2_baby"},
				"west": {"uv": [0, 0, 0, 0], "texture": "#bee2_baby"},
				"up": {"uv": [0, 0, 0, 0], "rotation": 90, "texture": "#bee2_baby"},
				"down": {"uv": [0, 0, 0, 0], "rotation": 270, "texture": "#bee2_baby"}
			}
		},
		{
			"name": "torso",
			"from": [-3.75, -8, -5],
			"to": [6.25, -1, 2],
			"faces": {
				"north": {"uv": [4.25, 2.5, 6.75, 4.25], "texture": "#bee3"},
				"east": {"uv": [2.5, 2.5, 4.25, 4.25], "texture": "#bee3"},
				"south": {"uv": [0, 2.5, 2.5, 4.25], "texture": "#bee3"},
				"west": {"uv": [6.75, 2.5, 8.5, 4.25], "texture": "#bee3"},
				"up": {"uv": [4.25, 2.5, 2.5, 0], "rotation": 90, "texture": "#bee3"},
				"down": {"uv": [6, 0, 4.25, 2.5], "rotation": 270, "texture": "#bee3"}
			}
		},
		{
			"name": "left_wing",
			"from": [-1.75, -0.9, -12],
			"to": [4.25, -0.9, -3],
			"shade": false,
			"faces": {
				"north": {"uv": [0, 0, 0, 0], "texture": "#bee3"},
				"east": {"uv": [0, 0, 0, 0], "texture": "#bee3"},
				"south": {"uv": [0, 0, 0, 0], "texture": "#bee3"},
				"west": {"uv": [0, 0, 0, 0], "texture": "#bee3"},
				"up": {"uv": [1.5, 6, 3.75, 4.5], "rotation": 90, "texture": "#bee3"},
				"down": {"uv": [3.75, 6, 1.5, 4.5], "rotation": 90, "texture": "#bee3"}
			}
		},
		{
			"name": "right_wing",
			"from": [-1.75, -0.9, 0],
			"to": [4.25, -0.9, 9],
			"faces": {
				"north": {"uv": [0, 0, 0, 0], "texture": "#bee3"},
				"east": {"uv": [0, 0, 0, 0], "texture": "#bee3"},
				"south": {"uv": [0, 0, 0, 0], "texture": "#bee3"},
				"west": {"uv": [0, 0, 0, 0], "texture": "#bee3"},
				"up": {"uv": [3.75, 6, 1.5, 4.5], "rotation": 90, "texture": "#bee3"},
				"down": {"uv": [1.5, 6, 3.75, 4.5], "rotation": 90, "texture": "#bee3"}
			}
		},
		{
			"name": "front_legs",
			"from": [3.25, -10, -3],
			"to": [3.25, -8, 0],
			"faces": {
				"north": {"uv": [0, 0, 0, 0], "texture": "#bee3"},
				"east": {"uv": [7, 0.25, 7.75, 0.75], "texture": "#bee3"},
				"south": {"uv": [0, 0, 0, 0], "texture": "#bee3"},
				"west": {"uv": [7.75, 0.25, 7, 0.75], "texture": "#bee3"},
				"up": {"uv": [0, 0, 0, 0], "rotation": 90, "texture": "#bee3"},
				"down": {"uv": [0, 0, 0, 0], "rotation": 270, "texture": "#bee3"}
			}
		},
		{
			"name": "middle_legs",
			"from": [1.25, -10, -4],
			"to": [1.25, -8, 1],
			"faces": {
				"north": {"uv": [0, 0, 0, 0], "texture": "#bee3"},
				"east": {"uv": [6.75, 0.75, 8, 1.25], "texture": "#bee3"},
				"south": {"uv": [0, 0, 0, 0], "texture": "#bee3"},
				"west": {"uv": [8, 0.75, 6.75, 1.25], "texture": "#bee3"},
				"up": {"uv": [0, 0, 0, 0], "rotation": 90, "texture": "#bee3"},
				"down": {"uv": [0, 0, 0, 0], "rotation": 270, "texture": "#bee3"}
			}
		},
		{
			"name": "back_legs",
			"from": [-0.75, -10, -4],
			"to": [-0.75, -8, 1],
			"faces": {
				"north": {"uv": [0, 0, 0, 0], "texture": "#bee3"},
				"east": {"uv": [6.75, 1.25, 8, 1.75], "texture": "#bee3"},
				"south": {"uv": [0, 0, 0, 0], "texture": "#bee3"},
				"west": {"uv": [8, 1.25, 6.75, 1.75], "texture": "#bee3"},
				"up": {"uv": [0, 0, 0, 0], "rotation": 90, "texture": "#bee3"},
				"down": {"uv": [0, 0, 0, 0], "rotation": 270, "texture": "#bee3"}
			}
		},
		{
			"name": "left_antenna",
			"from": [6.25, -3, -3],
			"to": [9.25, -1, -3],
			"faces": {
				"north": {"uv": [1.25, 0.75, 0.5, 1.25], "texture": "#bee3"},
				"east": {"uv": [0, 0, 0, 0], "texture": "#bee3"},
				"south": {"uv": [0.5, 0.75, 1.25, 1.25], "texture": "#bee3"},
				"west": {"uv": [0, 0, 0, 0], "texture": "#bee3"},
				"up": {"uv": [0, 0, 0, 0], "rotation": 90, "texture": "#bee3"},
				"down": {"uv": [0, 0, 0, 0], "rotation": 270, "texture": "#bee3"}
			}
		},
		{
			"name": "stinger",
			"from": [-5.75, -5, -1.5],
			"to": [-3.75, -4, -1.5],
			"faces": {
				"north": {"uv": [6.5, 2.25, 7, 2.5], "texture": "#bee3"},
				"east": {"uv": [0, 0, 0, 0], "texture": "#bee3"},
				"south": {"uv": [7, 2.25, 6.5, 2.5], "texture": "#bee3"},
				"west": {"uv": [0, 0, 0, 0], "texture": "#bee3"},
				"up": {"uv": [0, 0, 0, 0], "rotation": 90, "texture": "#bee3"},
				"down": {"uv": [0, 0, 0, 0], "rotation": 270, "texture": "#bee3"}
			}
		},
		{
			"name": "right_antenna",
			"from": [6.25, -3, 0],
			"to": [9.25, -1, 0],
			"faces": {
				"north": {"uv": [1.5, 1.5, 2.25, 2], "texture": "#bee3"},
				"east": {"uv": [0, 0, 0, 0], "texture": "#bee3"},
				"south": {"uv": [2.25, 1.5, 1.5, 2], "texture": "#bee3"},
				"west": {"uv": [0, 0, 0, 0], "texture": "#bee3"},
				"up": {"uv": [0, 0, 0, 0], "rotation": 90, "texture": "#bee3"},
				"down": {"uv": [0, 0, 0, 0], "rotation": 270, "texture": "#bee3"}
			}
		},
		{
			"name": "torso",
			"from": [-1.75, -6.5, -3.25],
			"to": [3.25, -3, 0.25],
			"faces": {
				"north": {"uv": [4.25, 2.5, 6.75, 4.25], "texture": "#bee3_baby"},
				"east": {"uv": [2.5, 2.5, 4.25, 4.25], "texture": "#bee3_baby"},
				"south": {"uv": [0, 2.5, 2.5, 4.25], "texture": "#bee3_baby"},
				"west": {"uv": [6.75, 2.5, 8.5, 4.25], "texture": "#bee3_baby"},
				"up": {"uv": [4.25, 2.5, 2.5, 0], "rotation": 90, "texture": "#bee3_baby"},
				"down": {"uv": [6, 0, 4.25, 2.5], "rotation": 270, "texture": "#bee3_baby"}
			}
		},
		{
			"name": "left_wing",
			"from": [-0.75, -2.9, -6.75],
			"to": [2.25, -2.9, -2.25],
			"shade": false,
			"faces": {
				"north": {"uv": [0, 0, 0, 0], "texture": "#bee3_baby"},
				"east": {"uv": [0, 0, 0, 0], "texture": "#bee3_baby"},
				"south": {"uv": [0, 0, 0, 0], "texture": "#bee3_baby"},
				"west": {"uv": [0, 0, 0, 0], "texture": "#bee3_baby"},
				"up": {"uv": [1.5, 6, 3.75, 4.5], "rotation": 90, "texture": "#bee3_baby"},
				"down": {"uv": [3.75, 6, 1.5, 4.5], "rotation": 90, "texture": "#bee3_baby"}
			}
		},
		{
			"name": "right_wing",
			"from": [-0.75, -2.9, -0.75],
			"to": [2.25, -2.9, 3.75],
			"faces": {
				"north": {"uv": [0, 0, 0, 0], "texture": "#bee3_baby"},
				"east": {"uv": [0, 0, 0, 0], "texture": "#bee3_baby"},
				"south": {"uv": [0, 0, 0, 0], "texture": "#bee3_baby"},
				"west": {"uv": [0, 0, 0, 0], "texture": "#bee3_baby"},
				"up": {"uv": [3.75, 6, 1.5, 4.5], "rotation": 90, "texture": "#bee3_baby"},
				"down": {"uv": [1.5, 6, 3.75, 4.5], "rotation": 90, "texture": "#bee3_baby"}
			}
		},
		{
			"name": "front_legs",
			"from": [1.75, -7.5, -2.25],
			"to": [1.75, -6.5, -0.75],
			"faces": {
				"north": {"uv": [0, 0, 0, 0], "texture": "#bee3_baby"},
				"east": {"uv": [7, 0.25, 7.75, 0.75], "texture": "#bee3_baby"},
				"south": {"uv": [0, 0, 0, 0], "texture": "#bee3_baby"},
				"west": {"uv": [7.75, 0.25, 7, 0.75], "texture": "#bee3_baby"},
				"up": {"uv": [0, 0, 0, 0], "rotation": 90, "texture": "#bee3_baby"},
				"down": {"uv": [0, 0, 0, 0], "rotation": 270, "texture": "#bee3_baby"}
			}
		},
		{
			"name": "middle_legs",
			"from": [0.75, -7.5, -2.75],
			"to": [0.75, -6.5, -0.25],
			"faces": {
				"north": {"uv": [0, 0, 0, 0], "texture": "#bee3_baby"},
				"east": {"uv": [6.75, 0.75, 8, 1.25], "texture": "#bee3_baby"},
				"south": {"uv": [0, 0, 0, 0], "texture": "#bee3_baby"},
				"west": {"uv": [8, 0.75, 6.75, 1.25], "texture": "#bee3_baby"},
				"up": {"uv": [0, 0, 0, 0], "rotation": 90, "texture": "#bee3_baby"},
				"down": {"uv": [0, 0, 0, 0], "rotation": 270, "texture": "#bee3_baby"}
			}
		},
		{
			"name": "back_legs",
			"from": [-0.25, -7.5, -2.75],
			"to": [-0.25, -6.5, -0.25],
			"faces": {
				"north": {"uv": [0, 0, 0, 0], "texture": "#bee3_baby"},
				"east": {"uv": [6.75, 1.25, 8, 1.75], "texture": "#bee3_baby"},
				"south": {"uv": [0, 0, 0, 0], "texture": "#bee3_baby"},
				"west": {"uv": [8, 1.25, 6.75, 1.75], "texture": "#bee3_baby"},
				"up": {"uv": [0, 0, 0, 0], "rotation": 90, "texture": "#bee3_baby"},
				"down": {"uv": [0, 0, 0, 0], "rotation": 270, "texture": "#bee3_baby"}
			}
		},
		{
			"name": "left_antenna",
			"from": [3.25, -4, -2.25],
			"to": [4.75, -3, -2.25],
			"faces": {
				"north": {"uv": [1.25, 0.75, 0.5, 1.25], "texture": "#bee3_baby"},
				"east": {"uv": [0, 0, 0, 0], "texture": "#bee3_baby"},
				"south": {"uv": [0.5, 0.75, 1.25, 1.25], "texture": "#bee3_baby"},
				"west": {"uv": [0, 0, 0, 0], "texture": "#bee3_baby"},
				"up": {"uv": [0, 0, 0, 0], "rotation": 90, "texture": "#bee3_baby"},
				"down": {"uv": [0, 0, 0, 0], "rotation": 270, "texture": "#bee3_baby"}
			}
		},
		{
			"name": "stinger",
			"from": [-2.75, -5, -1.5],
			"to": [-1.75, -4.5, -1.5],
			"faces": {
				"north": {"uv": [6.5, 2.25, 7, 2.5], "texture": "#bee3_baby"},
				"east": {"uv": [0, 0, 0, 0], "texture": "#bee3_baby"},
				"south": {"uv": [7, 2.25, 6.5, 2.5], "texture": "#bee3_baby"},
				"west": {"uv": [0, 0, 0, 0], "texture": "#bee3_baby"},
				"up": {"uv": [0, 0, 0, 0], "rotation": 90, "texture": "#bee3_baby"},
				"down": {"uv": [0, 0, 0, 0], "rotation": 270, "texture": "#bee3_baby"}
			}
		},
		{
			"name": "right_antenna",
			"from": [3.25, -4, -0.75],
			"to": [4.75, -3, -0.75],
			"faces": {
				"north": {"uv": [1.5, 1.5, 2.25, 2], "texture": "#bee3_baby"},
				"east": {"uv": [0, 0, 0, 0], "texture": "#bee3_baby"},
				"south": {"uv": [2.25, 1.5, 1.5, 2], "texture": "#bee3_baby"},
				"west": {"uv": [0, 0, 0, 0], "texture": "#bee3_baby"},
				"up": {"uv": [0, 0, 0, 0], "rotation": 90, "texture": "#bee3_baby"},
				"down": {"uv": [0, 0, 0, 0], "rotation": 270, "texture": "#bee3_baby"}
			}
		}
	],
	"display": {
		"firstperson_righthand": {
			"rotation": [0, 135, 0],
			"scale": [0.4, 0.4, 0.4]
		},
		"gui": {
			"rotation": [30, 225, 0],
			"scale": [0.42, 0.42, 0.42]
		},
		"head": {
			"translation": [-3.75, 0.5, -6]
		},
		"fixed": {
			"translation": [-1.875, 0.5, -3],
			"scale": [0.5, 0.5, 0.5]
		}
	},
	"groups": [
		0,
		{
			"name": "bee1",
			"origin": [0, 0, 0],
			"color": 0,
			"children": [1, 2, 3, 4, 5, 6, 7, 8, 9]
		},
		{
			"name": "bee1_baby",
			"origin": [0, 0, 0],
			"color": 0,
			"children": [10, 11, 12, 13, 14, 15, 16, 17, 18]
		},
		{
			"name": "bee2",
			"origin": [0, 0, 0],
			"color": 0,
			"children": [19, 20, 21, 22, 23, 24, 25, 26, 27]
		},
		{
			"name": "bee2_baby",
			"origin": [0, 0, 0],
			"color": 0,
			"children": [28, 29, 30, 31, 32, 33, 34, 35, 36]
		},
		{
			"name": "bee3",
			"origin": [0, 0, 0],
			"color": 0,
			"children": [37, 38, 39, 40, 41, 42, 43, 44, 45]
		},
		{
			"name": "bee3_baby",
			"origin": [0, 0, 0],
			"color": 0,
			"children": [46, 47, 48, 49, 50, 51, 52, 53, 54]
		}
	]
}