{
	"credit": "Made by 6_28318530717958 using Blockbench",
	"parent": "minecraft:item/template_3_bees",
	"textures": {
		"bee1": "minecraft:entity/bee/bee",
		"bee1_baby": "minecraft:item/blank"
	},
	"elements": [
		{
			"from": [3.75, -1, 6],
			"to": [19.75, 15, 22],
			"faces": {
				"north": {"uv": [0, 0, 16, 16], "texture": "#front"},
				"east": {"uv": [0, 0, 16, 16], "texture": "#side"},
				"south": {"uv": [0, 0, 16, 16], "texture": "#side"},
				"west": {"uv": [0, 0, 16, 16], "texture": "#side"},
				"up": {"uv": [0, 0, 16, 16], "texture": "#top"},
				"down": {"uv": [0, 0, 16, 16], "texture": "#bottom"}
			}
		},
		{
			"name": "torso",
			"from": [-3.75, 5, -5],
			"to": [6.25, 12, 2],
			"faces": {
				"north": {"uv": [4.25, 2.5, 6.75, 4.25], "texture": "#bee1"},
				"east": {"uv": [2.5, 2.5, 4.25, 4.25], "texture": "#bee1"},
				"south": {"uv": [0, 2.5, 2.5, 4.25], "texture": "#bee1"},
				"west": {"uv": [6.75, 2.5, 8.5, 4.25], "texture": "#bee1"},
				"up": {"uv": [4.25, 2.5, 2.5, 0], "rotation": 90, "texture": "#bee1"},
				"down": {"uv": [6, 0, 4.25, 2.5], "rotation": 270, "texture": "#bee1"}
			}
		},
		{
			"name": "left_wing",
			"from": [-1.75, 12.1, -12],
			"to": [4.25, 12.1, -3],
			"shade": false,
			"faces": {
				"up": {"uv": [1.5, 6, 3.75, 4.5], "rotation": 90, "texture": "#bee1"},
				"down": {"uv": [3.75, 6, 1.5, 4.5], "rotation": 90, "texture": "#bee1"}
			}
		},
		{
			"name": "right_wing",
			"from": [-1.75, 12.1, 0],
			"to": [4.25, 12.1, 9],
			"faces": {
				"up": {"uv": [3.75, 6, 1.5, 4.5], "rotation": 90, "texture": "#bee1"},
				"down": {"uv": [1.5, 6, 3.75, 4.5], "rotation": 90, "texture": "#bee1"}
			}
		},
		{
			"name": "front_legs",
			"from": [3.25, 3, -3],
			"to": [3.25, 5, 0],
			"faces": {
				"east": {"uv": [7, 0.25, 7.75, 0.75], "texture": "#bee1"},
				"west": {"uv": [7.75, 0.25, 7, 0.75], "texture": "#bee1"}
			}
		},
		{
			"name": "middle_legs",
			"from": [1.25, 3, -4],
			"to": [1.25, 5, 1],
			"faces": {
				"east": {"uv": [6.75, 0.75, 8, 1.25], "texture": "#bee1"},
				"west": {"uv": [8, 0.75, 6.75, 1.25], "texture": "#bee1"}
			}
		},
		{
			"name": "back_legs",
			"from": [-0.75, 3, -4],
			"to": [-0.75, 5, 1],
			"faces": {
				"east": {"uv": [6.75, 1.25, 8, 1.75], "texture": "#bee1"},
				"west": {"uv": [8, 1.25, 6.75, 1.75], "texture": "#bee1"}
			}
		},
		{
			"name": "left_antenna",
			"from": [6.25, 10, -3],
			"to": [9.25, 12, -3],
			"faces": {
				"north": {"uv": [1.25, 0.75, 0.5, 1.25], "texture": "#bee1"},
				"south": {"uv": [0.5, 0.75, 1.25, 1.25], "texture": "#bee1"}
			}
		},
		{
			"name": "stinger",
			"from": [-5.75, 8, -1.5],
			"to": [-3.75, 9, -1.5],
			"faces": {
				"north": {"uv": [6.5, 2.25, 7, 2.5], "texture": "#bee1"},
				"south": {"uv": [7, 2.25, 6.5, 2.5], "texture": "#bee1"}
			}
		},
		{
			"name": "right_antenna",
			"from": [6.25, 10, 0],
			"to": [9.25, 12, 0],
			"faces": {
				"north": {"uv": [1.5, 1.5, 2.25, 2], "texture": "#bee1"},
				"south": {"uv": [2.25, 1.5, 1.5, 2], "texture": "#bee1"}
			}
		},
		{
			"name": "torso",
			"from": [-1.75, 6.5, -3.25],
			"to": [3.25, 10, 0.25],
			"faces": {
				"north": {"uv": [4.25, 2.5, 6.75, 4.25], "texture": "#bee1_baby"},
				"east": {"uv": [2.5, 2.5, 4.25, 4.25], "texture": "#bee1_baby"},
				"south": {"uv": [0, 2.5, 2.5, 4.25], "texture": "#bee1_baby"},
				"west": {"uv": [6.75, 2.5, 8.5, 4.25], "texture": "#bee1_baby"},
				"up": {"uv": [4.25, 2.5, 2.5, 0], "rotation": 90, "texture": "#bee1_baby"},
				"down": {"uv": [6, 0, 4.25, 2.5], "rotation": 270, "texture": "#bee1_baby"}
			}
		},
		{
			"name": "left_wing",
			"from": [-0.75, 10.1, -6.75],
			"to": [2.25, 10.1, -2.25],
			"shade": false,
			"faces": {
				"north": {"uv": [0, 0, 0, 0], "texture": "#bee1_baby"},
				"east": {"uv": [0, 0, 0, 0], "texture": "#bee1_baby"},
				"south": {"uv": [0, 0, 0, 0], "texture": "#bee1_baby"},
				"west": {"uv": [0, 0, 0, 0], "texture": "#bee1_baby"},
				"up": {"uv": [1.5, 6, 3.75, 4.5], "rotation": 90, "texture": "#bee1_baby"},
				"down": {"uv": [3.75, 6, 1.5, 4.5], "rotation": 90, "texture": "#bee1_baby"}
			}
		},
		{
			"name": "right_wing",
			"from": [-0.75, 10.1, -0.75],
			"to": [2.25, 10.1, 3.75],
			"faces": {
				"north": {"uv": [0, 0, 0, 0], "texture": "#bee1_baby"},
				"east": {"uv": [0, 0, 0, 0], "texture": "#bee1_baby"},
				"south": {"uv": [0, 0, 0, 0], "texture": "#bee1_baby"},
				"west": {"uv": [0, 0, 0, 0], "texture": "#bee1_baby"},
				"up": {"uv": [3.75, 6, 1.5, 4.5], "rotation": 90, "texture": "#bee1_baby"},
				"down": {"uv": [1.5, 6, 3.75, 4.5], "rotation": 90, "texture": "#bee1_baby"}
			}
		},
		{
			"name": "front_legs",
			"from": [1.75, 5.5, -2.25],
			"to": [1.75, 6.5, -0.75],
			"faces": {
				"north": {"uv": [0, 0, 0, 0], "texture": "#bee1_baby"},
				"east": {"uv": [7, 0.25, 7.75, 0.75], "texture": "#bee1_baby"},
				"south": {"uv": [0, 0, 0, 0], "texture": "#bee1_baby"},
				"west": {"uv": [7.75, 0.25, 7, 0.75], "texture": "#bee1_baby"},
				"up": {"uv": [0, 0, 0, 0], "rotation": 90, "texture": "#bee1_baby"},
				"down": {"uv": [0, 0, 0, 0], "rotation": 270, "texture": "#bee1_baby"}
			}
		},
		{
			"name": "middle_legs",
			"from": [0.75, 5.5, -2.75],
			"to": [0.75, 6.5, -0.25],
			"faces": {
				"north": {"uv": [0, 0, 0, 0], "texture": "#bee1_baby"},
				"east": {"uv": [6.75, 0.75, 8, 1.25], "texture": "#bee1_baby"},
				"south": {"uv": [0, 0, 0, 0], "texture": "#bee1_baby"},
				"west": {"uv": [8, 0.75, 6.75, 1.25], "texture": "#bee1_baby"},
				"up": {"uv": [0, 0, 0, 0], "rotation": 90, "texture": "#bee1_baby"},
				"down": {"uv": [0, 0, 0, 0], "rotation": 270, "texture": "#bee1_baby"}
			}
		},
		{
			"name": "back_legs",
			"from": [-0.25, 5.5, -2.75],
			"to": [-0.25, 6.5, -0.25],
			"faces": {
				"north": {"uv": [0, 0, 0, 0], "texture": "#bee1_baby"},
				"east": {"uv": [6.75, 1.25, 8, 1.75], "texture": "#bee1_baby"},
				"south": {"uv": [0, 0, 0, 0], "texture": "#bee1_baby"},
				"west": {"uv": [8, 1.25, 6.75, 1.75], "texture": "#bee1_baby"},
				"up": {"uv": [0, 0, 0, 0], "rotation": 90, "texture": "#bee1_baby"},
				"down": {"uv": [0, 0, 0, 0], "rotation": 270, "texture": "#bee1_baby"}
			}
		},
		{
			"name": "left_antenna",
			"from": [3.25, 9, -2.25],
			"to": [4.75, 10, -2.25],
			"faces": {
				"north": {"uv": [1.25, 0.75, 0.5, 1.25], "texture": "#bee1_baby"},
				"east": {"uv": [0, 0, 0, 0], "texture": "#bee1_baby"},
				"south": {"uv": [0.5, 0.75, 1.25, 1.25], "texture": "#bee1_baby"},
				"west": {"uv": [0, 0, 0, 0], "texture": "#bee1_baby"},
				"up": {"uv": [0, 0, 0, 0], "rotation": 90, "texture": "#bee1_baby"},
				"down": {"uv": [0, 0, 0, 0], "rotation": 270, "texture": "#bee1_baby"}
			}
		},
		{
			"name": "stinger",
			"from": [-2.75, 8, -1.5],
			"to": [-1.75, 8.5, -1.5],
			"faces": {
				"north": {"uv": [6.5, 2.25, 7, 2.5], "texture": "#bee1_baby"},
				"east": {"uv": [0, 0, 0, 0], "texture": "#bee1_baby"},
				"south": {"uv": [7, 2.25, 6.5, 2.5], "texture": "#bee1_baby"},
				"west": {"uv": [0, 0, 0, 0], "texture": "#bee1_baby"},
				"up": {"uv": [0, 0, 0, 0], "rotation": 90, "texture": "#bee1_baby"},
				"down": {"uv": [0, 0, 0, 0], "rotation": 270, "texture": "#bee1_baby"}
			}
		},
		{
			"name": "right_antenna",
			"from": [3.25, 9, -0.75],
			"to": [4.75, 10, -0.75],
			"faces": {
				"north": {"uv": [1.5, 1.5, 2.25, 2], "texture": "#bee1_baby"},
				"east": {"uv": [0, 0, 0, 0], "texture": "#bee1_baby"},
				"south": {"uv": [2.25, 1.5, 1.5, 2], "texture": "#bee1_baby"},
				"west": {"uv": [0, 0, 0, 0], "texture": "#bee1_baby"},
				"up": {"uv": [0, 0, 0, 0], "rotation": 90, "texture": "#bee1_baby"},
				"down": {"uv": [0, 0, 0, 0], "rotation": 270, "texture": "#bee1_baby"}
			}
		}
	],
	"groups": [
		0,
		{
			"name": "bee1",
			"origin": [0, 0, 0],
			"color": 0,
			"children": [1, 2, 3, 4, 5, 6, 7, 8, 9]
		},
		{
			"name": "bee1_baby",
			"origin": [0, 0, 0],
			"color": 0,
			"children": [10, 11, 12, 13, 14, 15, 16, 17, 18]
		}
	]
}