{
	"credit": "Made by Raycifer",
	"texture_size": [32, 32],
	"textures": {
		"0": "./favonius_greatsword"
	},
	"elements": [
		{
			"from": [7.5, 0, 9.5],
			"to": [8.5, 1, 13],
			"faces": {
				"north": {"uv": [0, 0, 0, 0], "texture": "#0"},
				"east": {"uv": [4, 1.75, 2.25, 2.25], "texture": "#0"},
				"south": {"uv": [0, 0, 0, 0], "texture": "#0"},
				"west": {"uv": [2.25, 1.25, 4, 1.75], "texture": "#0"},
				"up": {"uv": [2.25, 1.75, 4, 2.25], "rotation": 90, "texture": "#0"},
				"down": {"uv": [4, 1.25, 2.25, 1.75], "rotation": 90, "texture": "#0"}
			}
		},
		{
			"from": [7.5, -0.25, 3.5],
			"to": [8.5, 1.25, 4.5],
			"faces": {
				"north": {"uv": [4.5, 2.5, 4.75, 3.25], "texture": "#0"},
				"east": {"uv": [4.25, 2.5, 4.75, 3.25], "texture": "#0"},
				"south": {"uv": [4.5, 2.5, 4.75, 3.25], "texture": "#0"},
				"west": {"uv": [4.75, 2.5, 4.25, 3.25], "texture": "#0"},
				"up": {"uv": [4.5, 2.5, 4.75, 2.75], "texture": "#0"},
				"down": {"uv": [4.5, 3, 4.75, 3.25], "texture": "#0"}
			}
		},
		{
			"from": [7.5, 0, 4.5],
			"to": [8.5, 1, 8],
			"faces": {
				"north": {"uv": [0, 0, 0, 0], "texture": "#0"},
				"east": {"uv": [2.25, 1.75, 4, 2.25], "texture": "#0"},
				"south": {"uv": [0, 0, 0, 0], "texture": "#0"},
				"west": {"uv": [4, 1.25, 2.25, 1.75], "texture": "#0"},
				"up": {"uv": [4, 1.75, 2.25, 2.25], "rotation": 90, "texture": "#0"},
				"down": {"uv": [2.25, 1.25, 4, 1.75], "rotation": 90, "texture": "#0"}
			}
		},
		{
			"from": [7.5, -0.25, 13],
			"to": [8.5, 1.25, 14],
			"faces": {
				"north": {"uv": [4.5, 2.5, 4.75, 3.25], "texture": "#0"},
				"east": {"uv": [4.75, 2.5, 4.25, 3.25], "texture": "#0"},
				"south": {"uv": [4.5, 2.5, 4.75, 3.25], "texture": "#0"},
				"west": {"uv": [4.25, 2.5, 4.75, 3.25], "texture": "#0"},
				"up": {"uv": [4.5, 2.5, 4.75, 2.75], "texture": "#0"},
				"down": {"uv": [4.5, 3, 4.75, 3.25], "texture": "#0"}
			}
		},
		{
			"from": [8, 1, 7.5],
			"to": [8.001, 20.5, 10],
			"faces": {
				"north": {"uv": [0, 0, 0, 0], "texture": "#0"},
				"east": {"uv": [0.25, 0.25, 1.5, 10], "texture": "#0"},
				"south": {"uv": [0, 0, 0, 0], "texture": "#0"},
				"west": {"uv": [1.5, 0.25, 0.25, 10], "texture": "#0"},
				"up": {"uv": [0, 0, 0, 0], "texture": "#0"},
				"down": {"uv": [0, 0, 0, 0], "texture": "#0"}
			}
		},
		{
			"from": [7.5, -4.5, 8],
			"to": [8.5, -0.25, 9.5],
			"faces": {
				"north": {"uv": [2, 0.25, 2.25, 2.5], "texture": "#0"},
				"east": {"uv": [1.5, 0.25, 2.25, 2.5], "texture": "#0"},
				"south": {"uv": [2, 0.25, 2.25, 2.5], "texture": "#0"},
				"west": {"uv": [1.5, 0.25, 2.25, 2.5], "texture": "#0"},
				"up": {"uv": [0, 0, 0, 0], "texture": "#0"},
				"down": {"uv": [1.5, 2.25, 2.25, 2.5], "rotation": 90, "texture": "#0"}
			}
		},
		{
			"from": [7.25, 0, 6.5],
			"to": [8.75, 1, 8.5],
			"rotation": {"angle": 22.5, "axis": "x", "origin": [8.25, 0.5, 8.5]},
			"faces": {
				"north": {"uv": [2.5, 2.25, 3.25, 2.75], "texture": "#0"},
				"east": {"uv": [2.5, 2.25, 3.5, 2.75], "texture": "#0"},
				"south": {"uv": [2.5, 2.25, 3.25, 2.75], "texture": "#0"},
				"west": {"uv": [3.5, 2.25, 2.5, 2.75], "texture": "#0"},
				"up": {"uv": [3.5, 2.25, 2.5, 2.5], "rotation": 90, "texture": "#0"},
				"down": {"uv": [2.5, 2.5, 3.5, 2.75], "rotation": 90, "texture": "#0"}
			}
		},
		{
			"from": [7.25, 0, 9],
			"to": [8.75, 1, 11],
			"rotation": {"angle": -22.5, "axis": "x", "origin": [8.25, 0.5, 9]},
			"faces": {
				"north": {"uv": [2.5, 2.25, 3.25, 2.75], "texture": "#0"},
				"east": {"uv": [3.5, 2.25, 2.5, 2.75], "texture": "#0"},
				"south": {"uv": [2.5, 2.25, 3.25, 2.75], "texture": "#0"},
				"west": {"uv": [2.5, 2.25, 3.5, 2.75], "texture": "#0"},
				"up": {"uv": [2.5, 2.25, 3.5, 2.5], "rotation": 90, "texture": "#0"},
				"down": {"uv": [3.5, 2.5, 2.5, 2.75], "rotation": 90, "texture": "#0"}
			}
		},
		{
			"from": [7.5, 0.75, 8.25],
			"to": [8.5, 1.75, 9.25],
			"rotation": {"angle": -45, "axis": "x", "origin": [8, 1.25, 8.75]},
			"faces": {
				"north": {"uv": [5.25, 0.75, 5.75, 1.25], "texture": "#0"},
				"east": {"uv": [5.25, 0.75, 5.75, 1.25], "texture": "#0"},
				"south": {"uv": [5.25, 0.75, 5.5, 1.25], "texture": "#0"},
				"west": {"uv": [5.75, 0.75, 5.25, 1.25], "texture": "#0"},
				"up": {"uv": [5.75, 0.75, 5.25, 1], "rotation": 90, "texture": "#0"},
				"down": {"uv": [5.25, 0.75, 5.75, 1.25], "texture": "#0"}
			}
		},
		{
			"from": [7.25, -8, 8],
			"to": [8.75, -7, 9.5],
			"faces": {
				"north": {"uv": [3, 0.75, 2.25, 1.25], "texture": "#0"},
				"east": {"uv": [5.25, 0.75, 4.5, 1.25], "texture": "#0"},
				"south": {"uv": [3.75, 0.75, 4.5, 1.25], "texture": "#0"},
				"west": {"uv": [3, 0.75, 3.75, 1.25], "texture": "#0"},
				"up": {"uv": [5, 1.25, 5.75, 2], "rotation": 90, "texture": "#0"},
				"down": {"uv": [5, 2, 5.75, 2.75], "texture": "#0"}
			}
		},
		{
			"from": [7.25, -5.5, 8.5],
			"to": [8.75, -4.5, 9],
			"faces": {
				"north": {"uv": [5.5, 2.75, 5.75, 3.25], "texture": "#0"},
				"east": {"uv": [5.5, 2.75, 5.75, 3.25], "texture": "#0"},
				"south": {"uv": [5.5, 2.75, 5.75, 3.25], "texture": "#0"},
				"west": {"uv": [5.5, 2.75, 5.75, 3.25], "texture": "#0"},
				"up": {"uv": [5.5, 2.75, 5.75, 3], "texture": "#0"},
				"down": {"uv": [5.5, 3, 5.75, 3.25], "texture": "#0"}
			}
		},
		{
			"from": [7, -0.25, 8],
			"to": [9, 0.75, 9.5],
			"faces": {
				"north": {"uv": [2.25, 0.25, 3.25, 0.75], "texture": "#0"},
				"east": {"uv": [5, 0.25, 5.75, 0.75], "texture": "#0"},
				"south": {"uv": [4, 0.25, 5, 0.75], "texture": "#0"},
				"west": {"uv": [3.25, 0.25, 4, 0.75], "texture": "#0"},
				"up": {"uv": [5, 1.25, 5.75, 2], "rotation": 90, "texture": "#0"},
				"down": {"uv": [5, 2, 5.75, 2.75], "texture": "#0"}
			}
		},
		{
			"from": [7.5, -7, 8.25],
			"to": [8.5, -4.5, 9.25],
			"faces": {
				"north": {"uv": [2, 2.5, 2.5, 3.75], "texture": "#0"},
				"east": {"uv": [1.5, 2.5, 2, 3.75], "texture": "#0"},
				"south": {"uv": [2, 2.5, 1.5, 3.75], "texture": "#0"},
				"west": {"uv": [2.5, 2.5, 2, 3.75], "texture": "#0"},
				"up": {"uv": [0, 0, 0, 0], "texture": "#0"},
				"down": {"uv": [0, 0, 0, 0], "texture": "#0"}
			}
		},
		{
			"from": [7.75, 5.5, 8.75],
			"to": [8.25, 6, 8.751],
			"faces": {
				"north": {"uv": [4.25, 1.5, 4.5, 1.75], "texture": "#0"},
				"east": {"uv": [0, 0, 0, 0], "texture": "#0"},
				"south": {"uv": [4.25, 1.5, 4.5, 1.75], "texture": "#0"},
				"west": {"uv": [0, 0, 0, 0], "texture": "#0"},
				"up": {"uv": [0, 0, 0, 0], "texture": "#0"},
				"down": {"uv": [0, 0, 0, 0], "texture": "#0"}
			}
		},
		{
			"from": [7.75, 4, 8.25],
			"to": [8.25, 6.5, 8.251],
			"faces": {
				"north": {"uv": [4.25, 1.25, 4.5, 2.5], "texture": "#0"},
				"east": {"uv": [0, 0, 0, 0], "texture": "#0"},
				"south": {"uv": [4.25, 1.25, 4.5, 2.5], "texture": "#0"},
				"west": {"uv": [0, 0, 0, 0], "texture": "#0"},
				"up": {"uv": [0, 0, 0, 0], "texture": "#0"},
				"down": {"uv": [0, 0, 0, 0], "texture": "#0"}
			}
		},
		{
			"from": [7.75, 4, 8],
			"to": [8.25, 6.5, 8.001],
			"faces": {
				"north": {"uv": [4.5, 1.25, 4.75, 2.5], "texture": "#0"},
				"east": {"uv": [0, 0, 0, 0], "texture": "#0"},
				"south": {"uv": [4.5, 1.25, 4.75, 2.5], "texture": "#0"},
				"west": {"uv": [0, 0, 0, 0], "texture": "#0"},
				"up": {"uv": [0, 0, 0, 0], "texture": "#0"},
				"down": {"uv": [0, 0, 0, 0], "texture": "#0"}
			}
		},
		{
			"from": [7.75, 4, 9.5],
			"to": [8.25, 6.5, 9.501],
			"faces": {
				"north": {"uv": [4.5, 1.25, 4.75, 2.5], "texture": "#0"},
				"east": {"uv": [0, 0, 0, 0], "texture": "#0"},
				"south": {"uv": [4.5, 1.25, 4.75, 2.5], "texture": "#0"},
				"west": {"uv": [0, 0, 0, 0], "texture": "#0"},
				"up": {"uv": [0, 0, 0, 0], "texture": "#0"},
				"down": {"uv": [0, 0, 0, 0], "texture": "#0"}
			}
		},
		{
			"from": [7.75, 4, 9.25],
			"to": [8.25, 6.5, 9.251],
			"faces": {
				"north": {"uv": [4.25, 1.25, 4.5, 2.5], "texture": "#0"},
				"east": {"uv": [0, 0, 0, 0], "texture": "#0"},
				"south": {"uv": [4.25, 1.25, 4.5, 2.5], "texture": "#0"},
				"west": {"uv": [0, 0, 0, 0], "texture": "#0"},
				"up": {"uv": [0, 0, 0, 0], "texture": "#0"},
				"down": {"uv": [0, 0, 0, 0], "texture": "#0"}
			}
		},
		{
			"from": [7.75, 13, 8.75],
			"to": [8.25, 16, 8.75],
			"faces": {
				"north": {"uv": [4.75, 1.25, 5, 2.75], "texture": "#0"},
				"east": {"uv": [0, 0, 0, 0.25], "texture": "#0"},
				"south": {"uv": [4.75, 1.25, 5, 2.75], "texture": "#0"},
				"west": {"uv": [0, 0, 0, 0.25], "texture": "#0"},
				"up": {"uv": [0, 0, 0.25, 0], "texture": "#0"},
				"down": {"uv": [0, 0, 0.25, 0], "texture": "#0"}
			}
		}
	],
	"display": {
		"thirdperson_righthand": {
			"translation": [0, 19.25, -1.5],
			"scale": [2, 2, 2]
		},
		"thirdperson_lefthand": {
			"translation": [0, 19.25, -1.5],
			"scale": [2, 2, 2]
		},
		"firstperson_righthand": {
			"rotation": [-10, 0, 0],
			"translation": [9, 13, -9],
			"scale": [2, 2, 2]
		},
		"firstperson_lefthand": {
			"rotation": [-10, 0, 0],
			"translation": [9, 13, -9],
			"scale": [2, 2, 2]
		},
		"ground": {
			"rotation": [30, -30, 45],
			"translation": [0, 6.5, 0]
		},
		"gui": {
			"rotation": [45, 45, -45],
			"translation": [1.5, 1.75, 0]
		},
		"fixed": {
			"rotation": [0, 90, 0],
			"translation": [0, 2, -0.25]
		}
	}
}