{
	"credit": "Made with Blockbench",
	"parent": "item/generated",
	"textures": {
		"layer0": "./dikiy"
	},
	"display": {
		"thirdperson_righthand": {
			"rotation": [-36.25, -90, 0],
			"translation": [0, 1.5, 1.75],
			"scale": [1.7, 1.7, 0.85]
		},
		"thirdperson_lefthand": {
			"rotation": [-151.25, 87.25, 108.5],
			"translation": [0, 1, 1.75],
			"scale": [1.7, 1.7, 0.85]
		},
		"firstperson_righthand": {
			"rotation": [0, -90, 25],
			"translation": [1.13, 3.2, 1.13],
			"scale": [1.36, 1.36, 0.68]
		},
		"firstperson_lefthand": {
			"rotation": [0, 90, -25],
			"translation": [1.13, 3.2, 1.13],
			"scale": [1.36, 1.36, 0.68]
		},
		"ground": {
			"translation": [0, 2, 0],
			"scale": [1, 1, 0.5]
		},
		"gui": {
			"scale": [2, 2, 1]
		},
		"head": {
			"rotation": [63.52, -85.73, -135.55],
			"translation": [0, 9.5, 6.75]
		},
		"fixed": {
			"rotation": [0, 180, 0],
			"scale": [2, 2, 1]
		}
	}
}