{
	"credit": "Made with Blockbench",
	"textures": {
		"0": "./honey_stick",
		"particle": "./honey_stick"
	},
	"elements": [
		{
			"from": [7, 0, 7],
			"to": [8, 15, 8],
			"faces": {
				"north": {"uv": [0, 0, 0.5, 8], "texture": "#0"},
				"east": {"uv": [0.5, 0, 1, 8], "texture": "#0"},
				"south": {"uv": [1, 0, 1.5, 8], "texture": "#0"},
				"west": {"uv": [1.5, 0, 2, 8], "texture": "#0"},
				"up": {"uv": [2, 1, 1.5, 0.5], "texture": "#0"},
				"down": {"uv": [2, 7.5, 1.5, 8], "texture": "#0"}
			}
		},
		{
			"from": [5.5, 14, 5.5],
			"to": [9.5, 19, 9.5],
			"faces": {
				"north": {"uv": [2, 0, 4, 2.5], "texture": "#0"},
				"east": {"uv": [4, 0, 6, 2.5], "texture": "#0"},
				"south": {"uv": [2, 2.5, 4, 5], "texture": "#0"},
				"west": {"uv": [4, 2.5, 6, 5], "texture": "#0"},
				"up": {"uv": [8, 2, 6, 0], "texture": "#0"},
				"down": {"uv": [8, 2, 6, 4], "texture": "#0"}
			}
		},
		{
			"from": [9.4, 11.4, 8.5],
			"to": [9.4, 15.4, 12.5],
			"rotation": {"angle": -22.5, "axis": "x", "origin": [0, 0, 0]},
			"faces": {
				"north": {"uv": [0, 0, 0, 2], "texture": "#0"},
				"east": {"uv": [0, 8, 2, 10], "texture": "#0"},
				"south": {"uv": [0, 0, 0, 2], "texture": "#0"},
				"west": {"uv": [2, 8, 0, 10], "texture": "#0"},
				"up": {"uv": [0, 2, 0, 0], "texture": "#0"},
				"down": {"uv": [0, 0, 0, 2], "texture": "#0"}
			}
		},
		{
			"from": [5.6, 5.2, 12.5],
			"to": [5.6, 6.2, 15.5],
			"rotation": {"angle": -45, "axis": "x", "origin": [0, 0, 0]},
			"faces": {
				"north": {"uv": [0, 8, 0, 8.5], "rotation": 180, "texture": "#0"},
				"east": {"uv": [0, 8, 0.5, 9.5], "rotation": 270, "texture": "#0"},
				"south": {"uv": [0, 8, 0, 8.5], "texture": "#0"},
				"west": {"uv": [0, 8, 0.5, 9.5], "rotation": 90, "texture": "#0"},
				"up": {"uv": [0, 8, 0, 9.5], "rotation": 180, "texture": "#0"},
				"down": {"uv": [0, 8, 0, 9.5], "texture": "#0"}
			}
		}
	],
	"display": {
		"thirdperson_righthand": {
			"translation": [0.25, -0.75, 1]
		},
		"thirdperson_lefthand": {
			"translation": [-0.5, -3, 1.25]
		},
		"firstperson_righthand": {
			"rotation": [-20.14, 6.09, 2.52],
			"translation": [2.5, 2.75, 0]
		},
		"firstperson_lefthand": {
			"rotation": [-23.23, 7.82, 3.35],
			"translation": [1.75, 3, 0]
		},
		"ground": {
			"rotation": [90, 180, 0],
			"translation": [0, 1.25, 0],
			"scale": [0.9, 0.9, 0.9]
		},
		"gui": {
			"rotation": [30, 225, 0],
			"translation": [-0.5, -1.75, 0],
			"scale": [0.9, 0.9, 0.9]
		},
		"head": {
			"translation": [0, 1.5, 0]
		},
		"fixed": {
			"rotation": [0, 180, 0],
			"translation": [-1.25, -1.75, -4],
			"scale": [1.5, 1.5, 1.5]
		}
	}
}