{
	"credit": "Made with Blockbench",
	"texture_size": [32, 32],
	"textures": {
		"0": "./leneyka",
		"particle": "./leneyka"
	},
	"elements": [
		{
			"from": [6.5, 0, 7.5],
			"to": [8.5, 25, 8.5],
			"rotation": {"angle": 0, "axis": "y", "origin": [7.5, 12.5, 8]},
			"faces": {
				"north": {"uv": [1, 0, 0, 12.5], "texture": "#0"},
				"east": {"uv": [1, 0, 1.25, 12.5], "texture": "#0"},
				"south": {"uv": [0, 0, 1, 12.5], "texture": "#0"},
				"west": {"uv": [0, 0, 0.25, 12.5], "texture": "#0"},
				"up": {"uv": [1.5, 2, 2, 1], "rotation": 90, "texture": "#0"},
				"down": {"uv": [1.5, 0, 2, 1], "rotation": 270, "texture": "#0"}
			}
		}
	],
	"display": {
		"thirdperson_righthand": {
			"rotation": [0, 90, 0],
			"translation": [0, 2.5, 0.5]
		},
		"thirdperson_lefthand": {
			"rotation": [90, 0, 90],
			"translation": [-1.5, 0, 0.25]
		},
		"firstperson_righthand": {
			"rotation": [0, 0, -17],
			"translation": [0, -4, -0.75]
		},
		"firstperson_lefthand": {
			"rotation": [0, 0, -17],
			"translation": [0, -4, -0.75]
		},
		"ground": {
			"rotation": [90, 0, -90],
			"translation": [-5.5, -2.25, 0]
		},
		"gui": {
			"rotation": [-30, -15, -42],
			"translation": [-2, -2.5, 0],
			"scale": [0.7, 0.7, 0.7]
		},
		"head": {
			"rotation": [0, 0, 90],
			"translation": [6.75, 8, 0.25],
			"scale": [1.5, 1.5, 1.5]
		},
		"fixed": {
			"translation": [0.75, -5, -1.5],
			"scale": [1.5, 1.5, 1.5]
		}
	}
}