{
	"credit": "Made with Blockbench",
	"parent": "item/generated",
	"textures": {
		"layer0": "./knife_fourth"
	},
	"display": {
		"thirdperson_righthand": {
			"rotation": [46.75, 90, 0],
			"translation": [0, 4, 0.5],
			"scale": [0.85, 0.85, 0.9]
		},
		"thirdperson_lefthand": {
			"rotation": [46.75, -90, 0],
			"translation": [0, 4, 0.5],
			"scale": [0.85, 0.85, 0.9]
		},
		"firstperson_righthand": {
			"rotation": [0, 90, 25],
			"translation": [1.13, 3.2, 1.13],
			"scale": [0.64, 0.64, 0.64]
		},
		"firstperson_lefthand": {
			"rotation": [0, -90, -65],
			"translation": [1.13, 3.2, 1.13],
			"scale": [0.64, 0.64, 0.64]
		},
		"ground": {
			"scale": [0.5, 0.5, 0.5]
		},
		"fixed": {
			"rotation": [0, -180, 0]
		}
	}
}