{
	"credit": "Made with Blockbench",
	"parent": "item/generated",
	"textures": {
		"layer0": "./shupalka"
	},
	"display": {
		"thirdperson_righthand": {
			"rotation": [48.5, 90, 0],
			"translation": [0, 8.25, 2.25],
			"scale": [1.7, 1.7, 0.85]
		},
		"thirdperson_lefthand": {
			"rotation": [48.5, -90, 0],
			"translation": [0, 8.25, 2.25],
			"scale": [1.7, 1.7, 0.85]
		},
		"firstperson_righthand": {
			"rotation": [-180, 87, -155],
			"translation": [1.13, 3.2, 1.13],
			"scale": [1.36, 1.36, 0.68]
		},
		"firstperson_lefthand": {
			"rotation": [-128, -87, -155],
			"translation": [1.13, 3.2, 1.13],
			"scale": [1.36, 1.36, 0.68]
		},
		"ground": {
			"translation": [0, 2, 0],
			"scale": [1, 1, 0.5]
		},
		"gui": {
			"scale": [2, 2, 1]
		},
		"head": {
			"rotation": [63.52, -85.73, -135.55],
			"translation": [0, 9.5, 6.75]
		},
		"fixed": {
			"rotation": [0, 180, 0],
			"scale": [2, 2, 1]
		}
	}
}