{
	"credit": "Made with Blockbench",
	"parent": "item/generated",
	"textures": {
		"layer0": "./spear_aski"
	},
	"display": {
		"thirdperson_righthand": {
			"rotation": [-44.25, -90, 0],
			"translation": [0, 18.5, 0.5],
			"scale": [3.4, 3.4, 0.85]
		},
		"thirdperson_lefthand": {
			"rotation": [48, -90, 0],
			"translation": [0, 18.5, 2.25],
			"scale": [3.4, 3.4, 0.85]
		},
		"firstperson_righthand": {
			"rotation": [0, -90, 25],
			"translation": [1.13, 3.2, 1.13],
			"scale": [2.72, 2.72, 0.68]
		},
		"firstperson_lefthand": {
			"rotation": [0, 90, -25],
			"translation": [1.13, 3.2, 1.13],
			"scale": [2.72, 2.72, 0.68]
		},
		"ground": {
			"scale": [1.7, 1.7, 0.5]
		},
		"gui": {
			"scale": [2, 2, 1]
		},
		"head": {
			"translation": [0, 0, 0.5]
		},
		"fixed": {
			"scale": [3.99, 3.99, 1]
		}
	}
}