{
	"credit": "Made with Blockbench",
	"texture_size": [32, 32],
	"textures": {
		"0": "./chair",
		"particle": "./chair"
	},
	"elements": [
		{
			"from": [4, 3, 4],
			"to": [12, 4, 12],
			"faces": {
				"north": {"uv": [4, 5, 8, 5.5], "texture": "#0"},
				"east": {"uv": [4, 5.5, 8, 6], "texture": "#0"},
				"south": {"uv": [4, 6, 8, 6.5], "texture": "#0"},
				"west": {"uv": [4, 6.5, 8, 7], "texture": "#0"},
				"up": {"uv": [4, 4, 0, 0], "texture": "#0"},
				"down": {"uv": [4, 4, 0, 8], "texture": "#0"}
			}
		},
		{
			"from": [5, 0, 5],
			"to": [6, 3, 6],
			"faces": {
				"north": {"uv": [0.5, 8, 1, 9.5], "texture": "#0"},
				"east": {"uv": [0.5, 8, 1, 9.5], "texture": "#0"},
				"south": {"uv": [0.5, 8, 1, 9.5], "texture": "#0"},
				"west": {"uv": [0.5, 8, 1, 9.5], "texture": "#0"},
				"up": {"uv": [1, 9.5, 0.5, 9], "texture": "#0"},
				"down": {"uv": [1, 9, 0.5, 9.5], "texture": "#0"}
			}
		},
		{
			"from": [10, 0, 5],
			"to": [11, 3, 6],
			"faces": {
				"north": {"uv": [1, 8, 0.5, 9.5], "texture": "#0"},
				"east": {"uv": [0.5, 8, 1, 9.5], "texture": "#0"},
				"south": {"uv": [0.5, 8, 1, 9.5], "texture": "#0"},
				"west": {"uv": [0.5, 8, 1, 9.5], "texture": "#0"},
				"up": {"uv": [1, 9.5, 0.5, 9], "texture": "#0"},
				"down": {"uv": [1, 9, 0.5, 9.5], "texture": "#0"}
			}
		},
		{
			"from": [10, 0, 10],
			"to": [11, 3, 11],
			"faces": {
				"north": {"uv": [1, 8, 0.5, 9.5], "texture": "#0"},
				"east": {"uv": [0.5, 8, 1, 9.5], "texture": "#0"},
				"south": {"uv": [0.5, 8, 1, 9.5], "texture": "#0"},
				"west": {"uv": [0.5, 8, 1, 9.5], "texture": "#0"},
				"up": {"uv": [1, 9.5, 0.5, 9], "texture": "#0"},
				"down": {"uv": [1, 9, 0.5, 9.5], "texture": "#0"}
			}
		},
		{
			"from": [5, 0, 10],
			"to": [6, 3, 11],
			"faces": {
				"north": {"uv": [0.5, 8, 1, 9.5], "texture": "#0"},
				"east": {"uv": [0.5, 8, 1, 9.5], "texture": "#0"},
				"south": {"uv": [0.5, 8, 1, 9.5], "texture": "#0"},
				"west": {"uv": [0.5, 8, 1, 9.5], "texture": "#0"},
				"up": {"uv": [1, 9.5, 0.5, 9], "texture": "#0"},
				"down": {"uv": [1, 9, 0.5, 9.5], "texture": "#0"}
			}
		},
		{
			"from": [6, 4, 10.5],
			"to": [7, 5, 11.5],
			"faces": {
				"north": {"uv": [0.5, 8.25, 1, 8.75], "texture": "#0"},
				"east": {"uv": [0.5, 8.25, 1, 8.75], "texture": "#0"},
				"south": {"uv": [0.5, 8.25, 1, 8.75], "texture": "#0"},
				"west": {"uv": [0.5, 8.25, 1, 8.75], "texture": "#0"},
				"up": {"uv": [1, 8.75, 0.5, 8.25], "texture": "#0"},
				"down": {"uv": [1, 8.25, 0.5, 8.75], "texture": "#0"}
			}
		},
		{
			"from": [4, 5, 10.5],
			"to": [12, 10, 11.5],
			"faces": {
				"north": {"uv": [4, 0, 8, 2.5], "texture": "#0"},
				"east": {"uv": [0, 8, 0.5, 10.5], "texture": "#0"},
				"south": {"uv": [4, 2.5, 8, 5], "texture": "#0"},
				"west": {"uv": [8, 0, 8.5, 2.5], "texture": "#0"},
				"up": {"uv": [8, 7.5, 4, 7], "texture": "#0"},
				"down": {"uv": [8, 7.5, 4, 8], "texture": "#0"}
			}
		},
		{
			"from": [9, 4, 10.5],
			"to": [10, 5, 11.5],
			"faces": {
				"north": {"uv": [0.5, 9, 1, 9.5], "texture": "#0"},
				"east": {"uv": [0.5, 9, 1, 9.5], "texture": "#0"},
				"south": {"uv": [0.5, 9, 1, 9.5], "texture": "#0"},
				"west": {"uv": [0.5, 9, 1, 9.5], "texture": "#0"},
				"up": {"uv": [1, 9.5, 0.5, 9], "texture": "#0"},
				"down": {"uv": [1, 9, 0.5, 9.5], "texture": "#0"}
			}
		}
	],
	"display": {
		"thirdperson_righthand": {
			"translation": [-0.5, 4.75, -1.25]
		},
		"thirdperson_lefthand": {
			"translation": [-0.5, 4.75, -1.25]
		},
		"firstperson_righthand": {
			"rotation": [0, 112, -15],
			"translation": [0, 6.25, 0]
		},
		"firstperson_lefthand": {
			"rotation": [0, 112, -15],
			"translation": [0, 6.25, 0]
		},
		"ground": {
			"translation": [0, 4.75, 0]
		},
		"gui": {
			"rotation": [30, 225, 0],
			"translation": [0.75, 2.25, 0],
			"scale": [0.9, 0.9, 0.9]
		},
		"head": {
			"translation": [0, 22.25, 0],
			"scale": [2, 2, 2]
		},
		"fixed": {
			"rotation": [-90, 0, 0],
			"translation": [0, 0, -27],
			"scale": [3.5, 3.5, 3.5]
		}
	}
}