{
	"credit": "Made with Blockbench",
	"texture_size": [32, 32],
	"textures": {
		"0": "./cosmetic",
		"particle": "./cosmetic"
	},
	"elements": [
		{
			"from": [9, 0, 8],
			"to": [10, 5, 9],
			"rotation": {"angle": 22.5, "axis": "y", "origin": [0, 0, 0]},
			"faces": {
				"north": {"uv": [6, 7, 6.5, 9.5], "texture": "#0"},
				"east": {"uv": [6.5, 7, 7, 9.5], "texture": "#0"},
				"south": {"uv": [7, 7, 7.5, 9.5], "texture": "#0"},
				"west": {"uv": [0, 7.5, 0.5, 10], "texture": "#0"},
				"up": {"uv": [1.5, 8.5, 1, 8], "texture": "#0"},
				"down": {"uv": [2, 8, 1.5, 8.5], "texture": "#0"}
			}
		},
		{
			"from": [12, 0, 6],
			"to": [13, 5, 7],
			"faces": {
				"north": {"uv": [7, 0.5, 7.5, 3], "texture": "#0"},
				"east": {"uv": [3, 7, 3.5, 9.5], "texture": "#0"},
				"south": {"uv": [7, 3, 7.5, 5.5], "texture": "#0"},
				"west": {"uv": [3.5, 7, 4, 9.5], "texture": "#0"},
				"up": {"uv": [4, 6.5, 3.5, 6], "texture": "#0"},
				"down": {"uv": [8, 5, 7.5, 5.5], "texture": "#0"}
			}
		},
		{
			"from": [10, 0, 2],
			"to": [11, 5, 3],
			"faces": {
				"north": {"uv": [4, 7, 4.5, 9.5], "texture": "#0"},
				"east": {"uv": [4.5, 7, 5, 9.5], "texture": "#0"},
				"south": {"uv": [5, 7, 5.5, 9.5], "texture": "#0"},
				"west": {"uv": [5.5, 7, 6, 9.5], "texture": "#0"},
				"up": {"uv": [8, 7, 7.5, 6.5], "texture": "#0"},
				"down": {"uv": [8, 7, 7.5, 7.5], "texture": "#0"}
			}
		},
		{
			"from": [7, 0, 4],
			"to": [10, 2, 7],
			"faces": {
				"north": {"uv": [4, 5.5, 5.5, 6.5], "texture": "#0"},
				"east": {"uv": [5.5, 4.5, 7, 5.5], "texture": "#0"},
				"south": {"uv": [5.5, 5.5, 7, 6.5], "texture": "#0"},
				"west": {"uv": [0, 6, 1.5, 7], "texture": "#0"},
				"up": {"uv": [5.5, 5.5, 4, 4], "texture": "#0"},
				"down": {"uv": [7, 0, 5.5, 1.5], "texture": "#0"}
			}
		},
		{
			"from": [5.5, 1, 2.9],
			"to": [8.5, 4, 2.9],
			"rotation": {"angle": 22.5, "axis": "x", "origin": [0, 0, 0]},
			"faces": {
				"north": {"uv": [5.5, 1.5, 7, 3], "texture": "#0"},
				"east": {"uv": [0, 0, 0, 1.5], "texture": "#0"},
				"south": {"uv": [7, 1.5, 5.5, 3], "texture": "#0"},
				"west": {"uv": [0, 0, 0, 1.5], "texture": "#0"},
				"up": {"uv": [1.5, 0, 0, 0], "texture": "#0"},
				"down": {"uv": [1.5, 0, 0, 0], "texture": "#0"}
			}
		},
		{
			"from": [11, 0, 4],
			"to": [15, 1, 10],
			"rotation": {"angle": -22.5, "axis": "y", "origin": [0, 0, 0]},
			"faces": {
				"north": {"uv": [1.5, 6, 3.5, 6.5], "texture": "#0"},
				"east": {"uv": [1.5, 6.5, 4.5, 7], "texture": "#0"},
				"south": {"uv": [7, 5.5, 9, 6], "texture": "#0"},
				"west": {"uv": [4.5, 6.5, 7.5, 7], "texture": "#0"},
				"up": {"uv": [2, 3, 0, 0], "texture": "#0"},
				"down": {"uv": [4, 0, 2, 3], "texture": "#0"}
			}
		},
		{
			"from": [13, 1, 4],
			"to": [17, 2, 10],
			"rotation": {"angle": -22.5, "axis": "y", "origin": [0, 0, 0]},
			"faces": {
				"north": {"uv": [7, 6, 9, 6.5], "texture": "#0"},
				"east": {"uv": [0, 7, 3, 7.5], "texture": "#0"},
				"south": {"uv": [0.5, 7.5, 2.5, 8], "texture": "#0"},
				"west": {"uv": [7, 0, 10, 0.5], "texture": "#0"},
				"up": {"uv": [2, 6, 0, 3], "texture": "#0"},
				"down": {"uv": [4, 3, 2, 6], "texture": "#0"}
			}
		},
		{
			"from": [0, 0, 5],
			"to": [1, 1, 8],
			"rotation": {"angle": 22.5, "axis": "y", "origin": [0, 0, 0]},
			"faces": {
				"north": {"uv": [7.5, 7.5, 8, 8], "texture": "#0"},
				"east": {"uv": [7.5, 1.5, 9, 2], "texture": "#0"},
				"south": {"uv": [0.5, 8, 1, 8.5], "texture": "#0"},
				"west": {"uv": [7.5, 2, 9, 2.5], "texture": "#0"},
				"up": {"uv": [3, 9, 2.5, 7.5], "texture": "#0"},
				"down": {"uv": [8, 2.5, 7.5, 4], "texture": "#0"}
			}
		},
		{
			"from": [-1, 0, 8],
			"to": [2, 1, 12],
			"rotation": {"angle": 22.5, "axis": "y", "origin": [0, 0, 0]},
			"faces": {
				"north": {"uv": [7.5, 4, 9, 4.5], "texture": "#0"},
				"east": {"uv": [7.5, 0.5, 9.5, 1], "texture": "#0"},
				"south": {"uv": [7.5, 4.5, 9, 5], "texture": "#0"},
				"west": {"uv": [7.5, 1, 9.5, 1.5], "texture": "#0"},
				"up": {"uv": [5.5, 2, 4, 0], "texture": "#0"},
				"down": {"uv": [5.5, 2, 4, 4], "texture": "#0"}
			}
		}
	],
	"display": {
		"thirdperson_righthand": {
			"rotation": [0, 27, 0],
			"translation": [0, 5.75, 2.25],
			"scale": [0.7, 0.7, 0.7]
		},
		"thirdperson_lefthand": {
			"rotation": [0, 68, 0],
			"translation": [0, 6.5, 0],
			"scale": [0.7, 0.7, 0.7]
		},
		"firstperson_righthand": {
			"translation": [0, 8.5, 0]
		},
		"firstperson_lefthand": {
			"rotation": [0, -115, 0],
			"translation": [0, 8.5, 0]
		},
		"ground": {
			"translation": [0, 5, 0]
		},
		"gui": {
			"rotation": [50, 93, 0],
			"translation": [-0.5, 4, 0]
		},
		"head": {
			"translation": [0, 14.5, 0]
		},
		"fixed": {
			"rotation": [-90, 0, 0],
			"translation": [0, -0.5, -23.25],
			"scale": [3, 3, 3]
		}
	}
}