{
	"credit": "Made with Blockbench",
	"texture_size": [32, 32],
	"textures": {
		"0": "./cosmetic",
		"particle": "./cosmetic"
	},
	"elements": [
		{
			"from": [7, 4, 7],
			"to": [8, 9, 8],
			"rotation": {"angle": 0, "axis": "y", "origin": [7.5, 2.5, 7.5]},
			"faces": {
				"north": {"uv": [3, 7, 3.5, 9.5], "texture": "#0"},
				"east": {"uv": [3.5, 7, 4, 9.5], "texture": "#0"},
				"south": {"uv": [7, 3, 7.5, 5.5], "texture": "#0"},
				"west": {"uv": [7, 0.5, 7.5, 3], "texture": "#0"},
				"up": {"uv": [4, 7.5, 3.5, 7], "texture": "#0"},
				"down": {"uv": [8, 7, 7.5, 7.5], "texture": "#0"}
			}
		}
	],
	"display": {
		"thirdperson_righthand": {
			"translation": [0.5, 3, 1.25],
			"scale": [1.6, 1.6, 1.6]
		},
		"thirdperson_lefthand": {
			"translation": [-0.5, 3, 1.25]
		},
		"firstperson_righthand": {
			"rotation": [23, 110, -9],
			"translation": [2, 6.5, 0],
			"scale": [2, 2, 2]
		},
		"firstperson_lefthand": {
			"rotation": [23, 110, -9],
			"translation": [2, 6.5, 2.25],
			"scale": [2, 2, 2]
		},
		"ground": {
			"translation": [0, 5, 0]
		},
		"gui": {
			"rotation": [30, 225, 0],
			"translation": [-1.25, 3, 0],
			"scale": [2, 2, 2]
		},
		"head": {
			"rotation": [94, 82, -43],
			"translation": [-0.75, -4.25, -8.5],
			"scale": [1.6, 1.6, 1.6]
		},
		"fixed": {
			"rotation": [-90, 0, 0],
			"translation": [1.25, 1.75, -12],
			"scale": [3, 3, 3]
		}
	}
}