{
	"credit": "Made with Blockbench",
	"textures": {
		"0": "./whiskey",
		"particle": "./whiskey"
	},
	"elements": [
		{
			"from": [5, 16, 6],
			"to": [11, 24, 11],
			"faces": {
				"north": {"uv": [2.75, 10.5, 4.25, 12.5], "texture": "#0"},
				"east": {"uv": [1.25, 10.5, 2.75, 12.5], "texture": "#0"},
				"south": {"uv": [0, 10.5, 1.25, 12.5], "texture": "#0"},
				"west": {"uv": [4.25, 10.5, 5.5, 12.5], "texture": "#0"},
				"up": {"uv": [0, 12.5, 2, 14], "texture": "#0"},
				"down": {"uv": [10, 10.25, 16, 16], "rotation": 270, "texture": "#0"}
			}
		},
		{
			"from": [2, -9, 4],
			"to": [14, 16, 13],
			"faces": {
				"north": {"uv": [0, 0, 3, 7], "texture": "#0"},
				"east": {"uv": [5.25, 0, 7.5, 7], "texture": "#0"},
				"south": {"uv": [7.5, 0, 10.5, 7], "texture": "#0"},
				"west": {"uv": [3, 0, 5.25, 7], "texture": "#0"},
				"up": {"uv": [0.75, 7, 3, 10], "texture": "#0"},
				"down": {"uv": [3, 7, 5.25, 10], "texture": "#0"}
			}
		},
		{
			"from": [3, -8, 5],
			"to": [13, 13, 12],
			"faces": {
				"north": {"uv": [13.5, 0, 16, 4.75], "texture": "#0"},
				"east": {"uv": [13.75, 0, 15.25, 4.5], "texture": "#0"},
				"south": {"uv": [13.5, 0, 16, 4.75], "texture": "#0"},
				"west": {"uv": [14.25, 0, 15.75, 4.5], "texture": "#0"},
				"up": {"uv": [14, 0, 16, 1.5], "texture": "#0"},
				"down": {"uv": [13.5, 3.25, 15.5, 4.75], "texture": "#0"}
			}
		},
		{
			"from": [6, 22, 7],
			"to": [10, 26, 10],
			"faces": {
				"north": {"uv": [10.5, 2, 11.75, 3], "texture": "#0"},
				"east": {"uv": [12, 1.25, 13, 2.5], "texture": "#0"},
				"south": {"uv": [10.5, 0, 11.75, 1], "texture": "#0"},
				"west": {"uv": [12, 0, 13, 1.25], "texture": "#0"},
				"up": {"uv": [10.5, 3, 11.75, 4], "texture": "#0"},
				"down": {"uv": [10.5, 1, 11.75, 2], "texture": "#0"}
			}
		}
	],
	"display": {
		"thirdperson_righthand": {
			"rotation": [-82.77, 87.23, 82.22],
			"translation": [-0.25, 0, -1.25],
			"scale": [0.26758, 0.25781, 0.24414]
		},
		"thirdperson_lefthand": {
			"rotation": [176.19, -0.24, 178.08],
			"translation": [-0.25, 3.75, 0.75],
			"scale": [0.27148, 0.24804, 0.24609]
		},
		"firstperson_righthand": {
			"rotation": [173.56, 8.43, 178.56],
			"translation": [7.75, 0.75, -7.5],
			"scale": [0.53125, 0.62501, 0.31054]
		},
		"firstperson_lefthand": {
			"rotation": [165.01, 11.71, -177.2],
			"translation": [8.75, -0.75, -9],
			"scale": [0.5625, 0.58203, 0.49219]
		},
		"ground": {
			"rotation": [90.63, 0.41, -12.98],
			"translation": [0, -0.25, 0],
			"scale": [0.41992, 0.41406, 0.31836]
		},
		"gui": {
			"rotation": [150.77, 21.78, -137.11],
			"translation": [0.25, 0.25, 0],
			"scale": [0.45312, 0.48438, 0.44727]
		},
		"fixed": {
			"rotation": [-89.25, 0, 0],
			"translation": [0, 0, -12.75],
			"scale": [0.64844, 0.75977, 0.60743]
		}
	},
	"groups": [
		{
			"name": "group",
			"origin": [8, 8, 8],
			"color": 0,
			"children": [0, 1, 2, 3]
		}
	]
}