{
	"credit": "Made with Blockbench",
	"textures": {
		"0": "./liquor",
		"particle": "./liquor"
	},
	"elements": [
		{
			"from": [2, -13, 4],
			"to": [14, 18, 16],
			"faces": {
				"north": {"uv": [0, 0, 3, 9.5], "texture": "#0"},
				"east": {"uv": [9, 0, 12, 9.5], "texture": "#0"},
				"south": {"uv": [6, 0, 9, 9.5], "texture": "#0"},
				"west": {"uv": [3, 0, 6, 9.5], "texture": "#0"},
				"up": {"uv": [0, 9.5, 3, 12.5], "texture": "#0"},
				"down": {"uv": [0, 9.5, 3, 12.5], "texture": "#0"}
			}
		},
		{
			"from": [3, -12, 5],
			"to": [13, 13, 15],
			"faces": {
				"north": {"uv": [13.25, 0, 16, 7], "texture": "#0"},
				"east": {"uv": [13.25, 0, 16, 7], "texture": "#0"},
				"south": {"uv": [13.25, 0, 16, 7], "texture": "#0"},
				"west": {"uv": [13.25, 0, 16, 7], "texture": "#0"},
				"up": {"uv": [13.25, 0, 16, 2.75], "texture": "#0"},
				"down": {"uv": [13.25, 2.75, 16, 5.5], "texture": "#0"}
			}
		},
		{
			"from": [6, 25, 8],
			"to": [10, 29, 12],
			"faces": {
				"north": {"uv": [12, 0, 13, 1], "texture": "#0"},
				"east": {"uv": [12, 3, 13, 4], "texture": "#0"},
				"south": {"uv": [12, 2, 13, 3], "texture": "#0"},
				"west": {"uv": [12, 1, 13, 2], "texture": "#0"},
				"up": {"uv": [12, 2.5, 13, 3.5], "texture": "#0"},
				"down": {"uv": [12, 0.5, 13, 1.5], "texture": "#0"}
			}
		},
		{
			"from": [5, 18, 7],
			"to": [11, 27, 13],
			"faces": {
				"north": {"uv": [6, 11.5, 7.5, 13.5], "texture": "#0"},
				"east": {"uv": [10, 9.25, 11.5, 11.5], "texture": "#0"},
				"south": {"uv": [9, 11.5, 10.5, 13.5], "texture": "#0"},
				"west": {"uv": [7.5, 11.5, 9, 13.5], "texture": "#0"},
				"up": {"uv": [0, 12.5, 1.75, 14.25], "texture": "#0"},
				"down": {"uv": [15.5, 15.5, 16, 16], "texture": "#0"}
			}
		}
	],
	"display": {
		"thirdperson_righthand": {
			"rotation": [-82.77, 87.23, 82.22],
			"translation": [-0.5, 0, -1.25],
			"scale": [0.1875, 0.20313, 0.1836]
		},
		"thirdperson_lefthand": {
			"rotation": [176.19, -0.24, 178.08],
			"translation": [-0.25, 4.25, 0.5],
			"scale": [0.17773, 0.22265, 0.18164]
		},
		"firstperson_righthand": {
			"rotation": [173.56, 8.43, 178.56],
			"translation": [6.5, 0, -7.5],
			"scale": [0.49414, 0.56641, 0.3457]
		},
		"firstperson_lefthand": {
			"rotation": [171.88, 7.58, -179.9],
			"translation": [8.25, -1, -10.5],
			"scale": [0.51367, 0.57812, 0.55079]
		},
		"ground": {
			"rotation": [90.63, 0.41, -12.98],
			"translation": [0, 1.5, 0],
			"scale": [0.30273, 0.31836, 0.29102]
		},
		"gui": {
			"rotation": [150.77, 21.78, -137.11],
			"translation": [0.25, 0.75, 0],
			"scale": [0.36913, 0.42578, 0.36719]
		},
		"fixed": {
			"rotation": [-89.75, 0, 0],
			"translation": [0, -0.75, -12.5],
			"scale": [0.52734, 0.58008, 0.55469]
		}
	},
	"groups": [
		{
			"name": "group",
			"origin": [8, 8, 8],
			"color": 0,
			"children": [0, 1, 2, 3]
		}
	]
}