{
	"credit": "Made with Blockbench",
	"texture_size": [64, 64],
	"textures": {
		"0": "./foxhelmet",
		"particle": "./foxhelmet"
	},
	"elements": [
		{
			"name": "wolf",
			"from": [6, 8, 1],
			"to": [10, 11, 4],
			"rotation": {"angle": 0, "axis": "y", "origin": [14, 15, 9]},
			"faces": {
				"north": {"uv": [1, 8.5, 2, 9.25], "texture": "#0"},
				"east": {"uv": [0.25, 8.5, 1, 9.25], "texture": "#0"},
				"south": {"uv": [3, 8.5, 4, 9.25], "texture": "#0"},
				"west": {"uv": [2, 8.5, 2.75, 9.25], "texture": "#0"},
				"up": {"uv": [2, 8.5, 1, 7.75], "texture": "#0"},
				"down": {"uv": [3, 7.75, 2, 8.5], "texture": "#0"}
			}
		},
		{
			"name": "wolf",
			"from": [3, 3, 4],
			"to": [13, 13, 4],
			"rotation": {"angle": 0, "axis": "y", "origin": [11, 11, 12]},
			"faces": {
				"north": {"uv": [5, 2.5, 7.5, 5], "texture": "#0"},
				"east": {"uv": [5, 2.5, 5, 5], "texture": "#missing"},
				"south": {"uv": [7.5, 2.5, 10, 5], "texture": "#0"},
				"west": {"uv": [7.5, 2.5, 7.5, 5], "texture": "#missing"},
				"up": {"uv": [7.5, 2.5, 5, 2.5], "texture": "#missing"},
				"down": {"uv": [10, 2.5, 7.5, 2.5], "texture": "#missing"}
			}
		},
		{
			"name": "wolf",
			"from": [3, 3, 14],
			"to": [13, 13, 14],
			"rotation": {"angle": 0, "axis": "y", "origin": [11, 11, 22]},
			"faces": {
				"north": {"uv": [5, 5, 7.5, 7.5], "texture": "#0"},
				"east": {"uv": [5, 5, 5, 7.5], "texture": "#missing"},
				"south": {"uv": [7.5, 5, 10, 7.5], "texture": "#0"},
				"west": {"uv": [7.5, 5, 7.5, 7.5], "texture": "#missing"},
				"up": {"uv": [7.5, 5, 5, 5], "texture": "#missing"},
				"down": {"uv": [10, 5, 7.5, 5], "texture": "#missing"}
			}
		},
		{
			"name": "wolf",
			"from": [3, 3, 4],
			"to": [3, 13, 14],
			"rotation": {"angle": 0, "axis": "y", "origin": [11, 11, 12]},
			"faces": {
				"north": {"uv": [2.5, 5, 2.5, 7.5], "texture": "#missing"},
				"east": {"uv": [0, 5, 2.5, 7.5], "texture": "#0"},
				"south": {"uv": [5, 5, 5, 7.5], "texture": "#missing"},
				"west": {"uv": [2.5, 5, 5, 7.5], "texture": "#0"},
				"up": {"uv": [2.5, 5, 2.5, 2.5], "texture": "#missing"},
				"down": {"uv": [2.5, 2.5, 2.5, 5], "texture": "#missing"}
			}
		},
		{
			"name": "wolf",
			"from": [13, 3, 4],
			"to": [13, 13, 14],
			"rotation": {"angle": 0, "axis": "y", "origin": [21, 11, 12]},
			"faces": {
				"north": {"uv": [2.5, 2.5, 2.5, 5], "texture": "#missing"},
				"east": {"uv": [0, 2.5, 2.5, 5], "texture": "#0"},
				"south": {"uv": [5, 2.5, 5, 5], "texture": "#missing"},
				"west": {"uv": [2.5, 2.5, 5, 5], "texture": "#0"},
				"up": {"uv": [2.5, 2.5, 2.5, 0], "texture": "#missing"},
				"down": {"uv": [2.5, 0, 2.5, 2.5], "texture": "#missing"}
			}
		},
		{
			"name": "wolf",
			"from": [3, 13, 4],
			"to": [13, 13, 14],
			"rotation": {"angle": 0, "axis": "y", "origin": [11, 21, 12]},
			"faces": {
				"north": {"uv": [2.5, 2.5, 5, 2.5], "texture": "#missing"},
				"east": {"uv": [0, 2.5, 2.5, 2.5], "texture": "#missing"},
				"south": {"uv": [7.5, 2.5, 10, 2.5], "texture": "#missing"},
				"west": {"uv": [5, 2.5, 7.5, 2.5], "texture": "#missing"},
				"up": {"uv": [5, 2.5, 2.5, 0], "texture": "#0"},
				"down": {"uv": [7.5, 0, 5, 2.5], "texture": "#0"}
			}
		},
		{
			"name": "wolf",
			"from": [3.1, 12.9, 4.2],
			"to": [12.9, 12.9, 13.8],
			"rotation": {"angle": 0, "axis": "y", "origin": [11, 21, 12]},
			"faces": {
				"north": {"uv": [2.5, 2.5, 5, 2.5], "texture": "#missing"},
				"east": {"uv": [0, 2.5, 2.5, 2.5], "texture": "#missing"},
				"south": {"uv": [7.5, 2.5, 10, 2.5], "texture": "#missing"},
				"west": {"uv": [5, 2.5, 7.5, 2.5], "texture": "#missing"},
				"up": {"uv": [5, 2.5, 2.5, 0], "texture": "#0"},
				"down": {"uv": [7.5, 0, 5, 2.5], "texture": "#0"}
			}
		},
		{
			"name": "wolf",
			"from": [3, 13, 10],
			"to": [6, 16, 11],
			"rotation": {"angle": 0, "axis": "y", "origin": [11, 21, 19]},
			"faces": {
				"north": {"uv": [0, 1.75, 0.75, 2.5], "texture": "#0"},
				"east": {"uv": [0.25, 1.75, 0, 2.5], "texture": "#0"},
				"south": {"uv": [0.5, 1.75, 0.75, 2.5], "texture": "#0"},
				"west": {"uv": [0.75, 1.75, 0.5, 2.5], "texture": "#0"},
				"up": {"uv": [0, 1.25, 0.75, 1], "texture": "#0"},
				"down": {"uv": [1.5, 1.75, 0.75, 1.75], "texture": "#0"}
			}
		},
		{
			"name": "wolf",
			"from": [10, 13, 10],
			"to": [13, 16, 11],
			"rotation": {"angle": 0, "axis": "y", "origin": [11, 21, 19]},
			"faces": {
				"north": {"uv": [0.75, 1.75, 0, 2.5], "texture": "#0"},
				"east": {"uv": [0.75, 1.75, 0.5, 2.5], "texture": "#0"},
				"south": {"uv": [0.75, 1.75, 0.5, 2.5], "texture": "#0"},
				"west": {"uv": [0.25, 1.75, 0, 2.5], "texture": "#0"},
				"up": {"uv": [0.75, 1, 0, 1.25], "texture": "#0"},
				"down": {"uv": [1.5, 1.75, 0.75, 1.75], "texture": "#0"}
			}
		}
	],
	"display": {
		"thirdperson_righthand": {
			"rotation": [90, 25, 0],
			"translation": [0, 1, 1],
			"scale": [0.4, 0.4, 0.4]
		},
		"thirdperson_lefthand": {
			"rotation": [90, 25, 0],
			"translation": [0, 1, 1],
			"scale": [0.4, 0.4, 0.4]
		},
		"firstperson_righthand": {
			"rotation": [0, 120, 0],
			"translation": [1, 4, 1],
			"scale": [0.4, 0.4, 0.4]
		},
		"firstperson_lefthand": {
			"rotation": [0, 120, 0],
			"translation": [1, 4, 1],
			"scale": [0.4, 0.4, 0.4]
		},
		"ground": {
			"scale": [0.5, 0.5, 0.5]
		},
		"gui": {
			"rotation": [16, 135, 0],
			"translation": [0, -1, 0],
			"scale": [0.9, 0.9, 0.9]
		},
		"head": {
			"translation": [0, 0, -1.5],
			"scale": [1.5, 1.5, 1.5]
		}
	},
	"groups": [
		{
			"name": "all",
			"origin": [15, 13, 25],
			"color": 0,
			"children": [0, 1, 2, 3, 4, 5, 6, 7, 8]
		}
	]
}