{
  "id" : "advanceVisibleOres",
  "version" : 13,
  "capabilities" : [ "FileFilter", "DirFilter", "DirFilterAdditive" ],
  "conf" : {
    "nether" : {
      "ancient_debris" : true,
      "gold_ore" : false,
      "quartz_ore" : false
    },
    "overworld" : {
      "lapis_ore" : true,
      "copper_ore" : false,
      "gold_ore" : true,
      "redstone_ore" : true,
      "coal_ore" : false,
      "emerald_ore" : true,
      "diamond_ore" : true,
      "iron_ore" : true
    },
    "glow" : true,
    "ctm" : true
  }
}