{
	"credit": "Made with Blockbench",
	"texture_size": [128, 64],
	"textures": {
		"0": "./croc"
	},
	"elements": [
		{
			"name": "group2",
			"from": [5, 0, -10],
			"to": [11, 4, -1],
			"rotation": {"angle": 0, "axis": "y", "origin": [8, 0, 6]},
			"faces": {
				"north": {"uv": [13.375, 6.25, 14.125, 7.25], "texture": "#0"},
				"east": {"uv": [12.25, 6.25, 13.375, 7.25], "texture": "#0"},
				"south": {"uv": [15.25, 6.25, 16, 7.25], "texture": "#0"},
				"west": {"uv": [14.125, 6.25, 15.25, 7.25], "texture": "#0"},
				"up": {"uv": [14.125, 6.25, 13.375, 4], "texture": "#0"},
				"down": {"uv": [14.875, 4, 14.125, 6.25], "texture": "#0"}
			}
		},
		{
			"name": "group2",
			"from": [4.7, 0, -10],
			"to": [11.3, 3.6, -0.4],
			"rotation": {"angle": 0, "axis": "y", "origin": [8, 0, 6]},
			"faces": {
				"north": {"uv": [8.75, 13, 9.5, 13.75], "texture": "#0"},
				"east": {"uv": [7.625, 13, 8.75, 13.75], "texture": "#0"},
				"south": {"uv": [10.625, 13, 11.375, 13.75], "texture": "#0"},
				"west": {"uv": [9.5, 13, 10.625, 13.75], "texture": "#0"},
				"up": {"uv": [9.5, 13, 8.75, 10.75], "texture": "#0"},
				"down": {"uv": [10.25, 10.75, 9.5, 13], "texture": "#0"}
			}
		},
		{
			"name": "group2",
			"from": [4, 2, -4],
			"to": [12, 5, 3],
			"rotation": {"angle": 0, "axis": "y", "origin": [8, 0, 6]},
			"faces": {
				"north": {"uv": [10.5, 2.25, 11.5, 3], "texture": "#0"},
				"east": {"uv": [9.625, 2.25, 10.5, 3], "texture": "#0"},
				"south": {"uv": [12.375, 2.25, 13.375, 3], "texture": "#0"},
				"west": {"uv": [11.5, 2.25, 12.375, 3], "texture": "#0"},
				"up": {"uv": [11.5, 2.25, 10.5, 0.5], "texture": "#0"},
				"down": {"uv": [12.5, 0.5, 11.5, 2.25], "texture": "#0"}
			}
		},
		{
			"name": "group2",
			"from": [4, 0, -4],
			"to": [12, 2, 3],
			"rotation": {"angle": 0, "axis": "y", "origin": [8, 0, 6]},
			"faces": {
				"north": {"uv": [10.5, 9, 11.5, 9.5], "texture": "#0"},
				"east": {"uv": [9.625, 9, 10.5, 9.5], "texture": "#0"},
				"south": {"uv": [12.375, 9, 13.375, 9.5], "texture": "#0"},
				"west": {"uv": [11.5, 9, 12.375, 9.5], "texture": "#0"},
				"up": {"uv": [11.5, 9, 10.5, 7.25], "texture": "#0"},
				"down": {"uv": [12.5, 7.25, 11.5, 9], "texture": "#0"}
			}
		},
		{
			"name": "body",
			"from": [7, 0, -7],
			"to": [9, 2, -3],
			"rotation": {"angle": 0, "axis": "y", "origin": [8, 0, 6]},
			"faces": {
				"north": {"uv": [0.5, 4.25, 0.75, 4.75], "texture": "#0"},
				"east": {"uv": [0, 4.25, 0.5, 4.75], "texture": "#0"},
				"south": {"uv": [1.25, 4.25, 1.5, 4.75], "texture": "#0"},
				"west": {"uv": [0.75, 4.25, 1.25, 4.75], "texture": "#0"},
				"up": {"uv": [0.75, 4.25, 0.5, 3.25], "texture": "#0"},
				"down": {"uv": [1, 3.25, 0.75, 4.25], "texture": "#0"}
			}
		},
		{
			"name": "body",
			"from": [4, 0, 3],
			"to": [12, 7, 16],
			"rotation": {"angle": 0, "axis": "y", "origin": [8, 0, 6]},
			"faces": {
				"north": {"uv": [2.625, 8.25, 3.625, 10], "texture": "#0"},
				"east": {"uv": [1, 8.25, 2.625, 10], "texture": "#0"},
				"south": {"uv": [5.25, 8.25, 6.25, 10], "texture": "#0"},
				"west": {"uv": [3.625, 8.25, 5.25, 10], "texture": "#0"},
				"up": {"uv": [3.625, 8.25, 2.625, 5], "texture": "#0"},
				"down": {"uv": [4.625, 5, 3.625, 8.25], "texture": "#0"}
			}
		},
		{
			"name": "body",
			"from": [8, 7, 3],
			"to": [8, 11, 8],
			"rotation": {"angle": 0, "axis": "y", "origin": [8, 0, 6]},
			"faces": {
				"north": {"uv": [7, 1.25, 7, 2.25], "texture": "#0"},
				"east": {"uv": [6.375, 1.25, 7, 2.25], "texture": "#0"},
				"south": {"uv": [7.625, 1.25, 7.625, 2.25], "texture": "#0"},
				"west": {"uv": [7, 1.25, 7.625, 2.25], "texture": "#0"},
				"up": {"uv": [7, 1.25, 7, 0], "texture": "#0"},
				"down": {"uv": [7, 0, 7, 1.25], "texture": "#0"}
			}
		},
		{
			"name": "body",
			"from": [8, 7, 11],
			"to": [8, 11, 16],
			"rotation": {"angle": 0, "axis": "y", "origin": [8, 0, 6]},
			"faces": {
				"north": {"uv": [7, 1.25, 7, 2.25], "texture": "#0"},
				"east": {"uv": [6.375, 1.25, 7, 2.25], "texture": "#0"},
				"south": {"uv": [7.625, 1.25, 7.625, 2.25], "texture": "#0"},
				"west": {"uv": [7, 1.25, 7.625, 2.25], "texture": "#0"},
				"up": {"uv": [7, 1.25, 7, 0], "texture": "#0"},
				"down": {"uv": [7, 0, 7, 1.25], "texture": "#0"}
			}
		},
		{
			"name": "bone2",
			"from": [4.68714, 0, 8.48181],
			"to": [5.68714, 4, 15.48181],
			"rotation": {"angle": -22.5, "axis": "y", "origin": [-4, 1, 6]},
			"faces": {
				"north": {"uv": [3.25, 8.25, 3.375, 9.25], "texture": "#0"},
				"east": {"uv": [2.375, 8.25, 3.25, 9.25], "texture": "#0"},
				"south": {"uv": [4.25, 8.25, 4.375, 9.25], "texture": "#0"},
				"west": {"uv": [3.375, 8.25, 4.25, 9.25], "texture": "#0"},
				"up": {"uv": [3.375, 8.25, 3.25, 6.5], "texture": "#0"},
				"down": {"uv": [3.5, 6.5, 3.375, 8.25], "texture": "#0"}
			}
		},
		{
			"name": "bone",
			"from": [9.09494, 0, 14.60474],
			"to": [10.09494, 4, 21.60474],
			"rotation": {"angle": 22.5, "axis": "y", "origin": [4, 0, 7]},
			"faces": {
				"north": {"uv": [3.375, 8.25, 3.25, 9.25], "texture": "#0"},
				"east": {"uv": [4.25, 8.25, 3.375, 9.25], "texture": "#0"},
				"south": {"uv": [4.375, 8.25, 4.25, 9.25], "texture": "#0"},
				"west": {"uv": [3.25, 8.25, 2.375, 9.25], "texture": "#0"},
				"up": {"uv": [3.25, 8.25, 3.375, 6.5], "texture": "#0"},
				"down": {"uv": [3.375, 6.5, 3.5, 8.25], "texture": "#0"}
			}
		},
		{
			"name": "tail",
			"from": [6, 0, 16],
			"to": [10, 5, 27],
			"rotation": {"angle": 0, "axis": "y", "origin": [8, 0, 6]},
			"faces": {
				"north": {"uv": [3, 13.5, 3.5, 14.75], "texture": "#0"},
				"east": {"uv": [1.625, 13.5, 3, 14.75], "texture": "#0"},
				"south": {"uv": [4.875, 13.5, 5.375, 14.75], "texture": "#0"},
				"west": {"uv": [3.5, 13.5, 4.875, 14.75], "texture": "#0"},
				"up": {"uv": [3.5, 13.5, 3, 10.75], "texture": "#0"},
				"down": {"uv": [4, 10.75, 3.5, 13.5], "texture": "#0"}
			}
		},
		{
			"name": "right_fin",
			"from": [9.09494, 0, 6.60474],
			"to": [10.09494, 4, 13.60474],
			"rotation": {"angle": 22.5, "axis": "y", "origin": [4, 2, 0]},
			"faces": {
				"north": {"uv": [3.125, 8, 3.25, 9], "texture": "#0"},
				"east": {"uv": [2.25, 8, 3.125, 9], "texture": "#0"},
				"south": {"uv": [4.125, 8, 4.25, 9], "texture": "#0"},
				"west": {"uv": [3.25, 8, 4.125, 9], "texture": "#0"},
				"up": {"uv": [3.25, 8, 3.125, 6.25], "texture": "#0"},
				"down": {"uv": [3.375, 6.25, 3.25, 8], "texture": "#0"}
			}
		},
		{
			"name": "left_fin",
			"from": [4.68714, 0, 0.48181],
			"to": [5.68714, 4, 7.48181],
			"rotation": {"angle": -22.5, "axis": "y", "origin": [-4, 2, -1]},
			"faces": {
				"north": {"uv": [3.25, 8.25, 3.375, 9.25], "texture": "#0"},
				"east": {"uv": [2.375, 8.25, 3.25, 9.25], "texture": "#0"},
				"south": {"uv": [4.25, 8.25, 4.375, 9.25], "texture": "#0"},
				"west": {"uv": [3.375, 8.25, 4.25, 9.25], "texture": "#0"},
				"up": {"uv": [3.375, 8.25, 3.25, 6.5], "texture": "#0"},
				"down": {"uv": [3.5, 6.5, 3.375, 8.25], "texture": "#0"}
			}
		}
	],
	"display": {
		"thirdperson_righthand": {
			"rotation": [94.25, 0, 0],
			"translation": [2.5, -0.75, 3.25]
		},
		"thirdperson_lefthand": {
			"rotation": [99.25, 0, 0],
			"translation": [1.75, -2, 4.75]
		},
		"firstperson_righthand": {
			"rotation": [58, 10, -6],
			"translation": [9.75, 1.25, -0.25]
		},
		"firstperson_lefthand": {
			"rotation": [32, -18, 0],
			"translation": [3.75, 1, 4]
		},
		"ground": {
			"translation": [0, 4.5, 0]
		},
		"gui": {
			"rotation": [-180, 89.75, 180]
		},
		"head": {
			"translation": [-0.25, 14.25, -1.75]
		},
		"fixed": {
			"rotation": [90, -89, 180],
			"translation": [-0.5, 0, -19.25],
			"scale": [2.4, 2.4, 2.4]
		}
	},
	"groups": [
		{
			"name": "aaaaaa",
			"origin": [8, 8, 8],
			"color": 0,
			"children": [
				{
					"name": "head",
					"origin": [0, 4, -6],
					"color": 0,
					"children": [
						{
							"name": "head2",
							"origin": [0, 4, -6],
							"color": 0,
							"children": [
								{
									"name": "head3",
									"origin": [0, 4, -6],
									"color": 0,
									"children": [
										{
											"name": "group",
											"origin": [8, 8, 8],
											"color": 0,
											"children": [
												{
													"name": "group2",
													"origin": [8, 3, 8],
													"color": 0,
													"children": [0, 1, 2, 3]
												}
											]
										}
									]
								}
							]
						}
					]
				},
				{
					"name": "body",
					"origin": [0, 0, -3],
					"color": 0,
					"children": [
						4,
						5,
						6,
						7,
						{
							"name": "bone2",
							"origin": [-2, -2, 0],
							"rotation": [20, 0, -70],
							"color": 0,
							"children": [8]
						},
						{
							"name": "bone",
							"origin": [2, -2, 0],
							"rotation": [20, 0, 70],
							"color": 0,
							"children": [9]
						}
					]
				},
				{
					"name": "tail",
					"origin": [0, 2.5, 11],
					"color": 0,
					"children": [10]
				},
				{
					"name": "right_fin",
					"origin": [4.5, 0, -2],
					"rotation": [9.8491, 28.48042, 20.00533],
					"color": 0,
					"children": [11]
				},
				{
					"name": "left_fin",
					"origin": [-4.5, 0, -2],
					"rotation": [8.49878, -28.87909, -17.19212],
					"color": 0,
					"children": [12]
				},
				{
					"name": "back_fin",
					"origin": [0, 11, -5],
					"color": 0,
					"children": []
				},
				{
					"name": "tail_fin",
					"origin": [0, 2.5, 20],
					"color": 0,
					"children": []
				}
			]
		}
	]
}