{
	"credit": "Made with Blockbench",
	"texture_size": [64, 64],
	"textures": {
		"0": "./pouf2",
		"1": "./pouf",
		"particle": "./pouf2"
	},
	"elements": [
		{
			"from": [0, 0, 0],
			"to": [16, 2, 15],
			"faces": {
				"north": {"uv": [8.5, 0.75, 12.5, 1.25], "texture": "#0"},
				"east": {"uv": [8.5, 1.75, 12.25, 2.25], "texture": "#0"},
				"south": {"uv": [8.5, 1.25, 12.5, 1.75], "texture": "#0"},
				"west": {"uv": [8.5, 2.25, 12.25, 2.75], "texture": "#0"},
				"up": {"uv": [8.5, 3.75, 4.5, 0], "texture": "#0"},
				"down": {"uv": [8.5, 3.75, 4.5, 7.5], "texture": "#0"}
			}
		},
		{
			"from": [-1, 1.7, -1],
			"to": [17, 4.7, 16],
			"faces": {
				"north": {"uv": [4.5, 8.25, 9, 9], "texture": "#1", "tintindex": 0},
				"east": {"uv": [8.75, 8.25, 4.5, 9], "texture": "#1", "tintindex": 0},
				"south": {"uv": [9, 8.25, 4.5, 9], "texture": "#1", "tintindex": 0},
				"west": {"uv": [4.5, 8.25, 8.75, 9], "texture": "#1", "tintindex": 0},
				"up": {"uv": [4.5, 4.25, 0, 0], "texture": "#1", "tintindex": 0},
				"down": {"uv": [4.5, 4.25, 0, 8.5], "texture": "#1", "tintindex": 0}
			}
		}
	],
	"display": {
		"thirdperson_righthand": {
			"translation": [-0.5, 2, 0.5],
			"scale": [0.34, 0.34, 0.34]
		},
		"thirdperson_lefthand": {
			"translation": [0.25, 2, 0.5],
			"scale": [0.34, 0.34, 0.34]
		},
		"firstperson_righthand": {
			"translation": [0, 4.25, 0],
			"scale": [0.59, 0.59, 0.59]
		},
		"firstperson_lefthand": {
			"translation": [0, 4.25, 0],
			"scale": [0.59, 0.59, 0.59]
		},
		"ground": {
			"translation": [1, 0.75, 0.75],
			"scale": [0.46, 0.46, 0.46]
		},
		"gui": {
			"rotation": [30, 225, 0],
			"translation": [0, 1, 0],
			"scale": [0.625, 0.625, 0.625]
		},
		"fixed": {
			"translation": [0, 7.75, 19],
			"scale": [2.001, 2.001, 2.2]
		}
	},
	"groups": [
		{
			"name": "group",
			"origin": [8, 8, 8],
			"color": 0,
			"children": [0, 1]
		}
	]
}