{
	"credit": "Made with Blockbench",
	"texture_size": [64, 64],
	"textures": {
		"0": "./thiefhelmet",
		"particle": "./thiefhelmet"
	},
	"elements": [
		{
			"from": [2.9, 9.1, 12],
			"to": [12.7, 12.1, 17],
			"rotation": {"angle": 22.5, "axis": "x", "origin": [8, 10.5, 14.5]},
			"faces": {
				"north": {"uv": [6.25, 6.25, 8.75, 7], "texture": "#0"},
				"east": {"uv": [5, 6.25, 6.25, 7], "texture": "#0"},
				"south": {"uv": [10, 6.25, 12.5, 7], "texture": "#0"},
				"west": {"uv": [8.75, 6.25, 10, 7], "texture": "#0"},
				"up": {"uv": [8.75, 6.25, 6.25, 5], "texture": "#0"},
				"down": {"uv": [11.25, 5, 8.75, 6.25], "texture": "#0"}
			}
		},
		{
			"from": [2.8, 3, 3],
			"to": [12.8, 13, 3],
			"faces": {
				"north": {"uv": [7.5, 0, 10, 2.5], "texture": "#0"},
				"east": {"uv": [0, 5, 2.5, 7.5], "texture": "#0"},
				"south": {"uv": [7.5, 0, 10, 2.5], "texture": "#0"},
				"west": {"uv": [2.5, 5, 0, 7.5], "texture": "#0"},
				"up": {"uv": [0, 7.5, 2.5, 10], "texture": "#0"},
				"down": {"uv": [5, 0, 7.5, 2.5], "texture": "#0"}
			}
		},
		{
			"from": [2.8, 3, 3],
			"to": [2.8, 13, 13],
			"faces": {
				"north": {"uv": [7.5, 0, 10, 2.5], "texture": "#0"},
				"east": {"uv": [0, 5, 2.5, 7.5], "texture": "#0"},
				"south": {"uv": [2.5, 5, 5, 7.5], "texture": "#0"},
				"west": {"uv": [2.5, 5, 0, 7.5], "texture": "#0"},
				"up": {"uv": [0, 7.5, 2.5, 10], "texture": "#0"},
				"down": {"uv": [5, 0, 7.5, 2.5], "texture": "#0"}
			}
		},
		{
			"from": [2.8, 13, 3],
			"to": [12.8, 13, 13],
			"faces": {
				"north": {"uv": [7.5, 0, 10, 2.5], "texture": "#0"},
				"east": {"uv": [0, 5, 2.5, 7.5], "texture": "#0"},
				"south": {"uv": [2.5, 5, 5, 7.5], "texture": "#0"},
				"west": {"uv": [2.5, 5, 0, 7.5], "texture": "#0"},
				"up": {"uv": [0, 7.5, 2.5, 10], "texture": "#0"},
				"down": {"uv": [5, 0, 7.5, 2.5], "texture": "#0"}
			}
		},
		{
			"from": [2.8, 3, 3],
			"to": [12.8, 3, 13],
			"faces": {
				"north": {"uv": [7.5, 0, 10, 2.5], "texture": "#0"},
				"east": {"uv": [0, 5, 2.5, 7.5], "texture": "#0"},
				"south": {"uv": [2.5, 5, 5, 7.5], "texture": "#0"},
				"west": {"uv": [2.5, 5, 0, 7.5], "texture": "#0"},
				"up": {"uv": [0, 7.5, 2.5, 10], "texture": "#0"},
				"down": {"uv": [5, 0, 7.5, 2.5], "texture": "#0"}
			}
		},
		{
			"from": [2.8, 3, 13],
			"to": [12.8, 13, 13],
			"faces": {
				"north": {"uv": [2.5, 5, 5, 7.5], "texture": "#0"},
				"east": {"uv": [0, 5, 2.5, 7.5], "texture": "#0"},
				"south": {"uv": [2.5, 5, 5, 7.5], "texture": "#0"},
				"west": {"uv": [2.5, 5, 0, 7.5], "texture": "#0"},
				"up": {"uv": [0, 7.5, 2.5, 10], "texture": "#0"},
				"down": {"uv": [5, 0, 7.5, 2.5], "texture": "#0"}
			}
		},
		{
			"from": [12.8, 3, 3],
			"to": [12.8, 13, 13],
			"faces": {
				"north": {"uv": [7.5, 0, 10, 2.5], "texture": "#0"},
				"east": {"uv": [0, 5, 2.5, 7.5], "texture": "#0"},
				"south": {"uv": [2.5, 5, 5, 7.5], "texture": "#0"},
				"west": {"uv": [2.5, 5, 0, 7.5], "texture": "#0"},
				"up": {"uv": [0, 7.5, 2.5, 10], "texture": "#0"},
				"down": {"uv": [5, 0, 7.5, 2.5], "texture": "#0"}
			}
		}
	],
	"display": {
		"thirdperson_righthand": {
			"translation": [0, 1, 0],
			"scale": [0.6, 0.6, 0.6]
		},
		"thirdperson_lefthand": {
			"translation": [0, 1, 0],
			"scale": [0.6, 0.6, 0.6]
		},
		"firstperson_righthand": {
			"rotation": [-15, 156, 7],
			"translation": [-2.25, 5, 2],
			"scale": [0.5, 0.5, 0.5]
		},
		"firstperson_lefthand": {
			"rotation": [-15, 143, 9],
			"translation": [-2.25, 5, 2.5],
			"scale": [0.5, 0.5, 0.5]
		},
		"ground": {
			"translation": [-0.25, 0, -0.75],
			"scale": [0.7, 0.7, 0.7]
		},
		"gui": {
			"rotation": [30, 132, 0],
			"translation": [-0.25, 0, 0],
			"scale": [0.8, 0.8, 0.8]
		},
		"head": {
			"translation": [0.5, 0.5, 0],
			"scale": [1.5, 1.5, 1.5]
		},
		"fixed": {
			"rotation": [-90, 0, 0],
			"translation": [0, -0.5, -6.5],
			"scale": [1.4, 1.4, 1.4]
		}
	},
	"groups": [
		{
			"name": "all",
			"origin": [8, 10.5, 14.5],
			"color": 0,
			"children": [0]
		},
		1,
		2,
		3,
		4,
		5,
		6
	]
}